customer_id,last_purchase,frequency,monetary,recency_days,r_score,f_score,m_score,rfm_score,segment
12346,2011-01-18 10:01:00,12,77556.46,326,2,4,4,10,Loyal
12347,2011-12-07 15:52:00,8,5633.32,2,4,4,4,12,Champions
12348,2011-09-25 13:13:00,5,2019.4,75,3,3,3,9,Loyal
12349,2011-11-21 09:51:00,4,4428.69,19,4,3,4,11,Champions
12350,2011-02-02 16:01:00,1,334.4,310,2,1,1,4,At risk
12351,2010-11-29 15:23:00,1,300.93,375,2,1,1,4,At risk
12352,2011-11-03 14:37:00,10,2849.84,36,3,4,4,11,Champions
12353,2011-05-19 17:47:00,2,406.76,204,2,2,2,6,Needs attention
12354,2011-04-21 13:11:00,1,1079.4,232,2,1,3,6,Needs attention
12355,2011-05-09 13:49:00,2,947.61,214,2,2,3,7,Needs attention
12356,2011-11-17 08:40:00,6,6371.73,23,4,3,4,11,Champions
12357,2011-11-06 16:07:00,3,18287.66,33,3,2,4,9,Loyal
12358,2011-12-08 10:26:00,5,3887.07,2,4,3,4,11,Champions
12359,2011-10-13 12:47:00,10,8873.39,58,3,4,4,11,Champions
12360,2011-10-18 15:22:00,8,4252.89,52,3,4,4,11,Champions
12361,2011-02-25 13:51:00,4,511.25,287,2,3,2,7,Needs attention
12362,2011-12-06 15:40:00,11,5356.23,3,4,4,4,12,Champions
12363,2011-08-22 10:18:00,2,552.0,110,2,2,2,6,Needs attention
12364,2011-12-02 10:22:00,4,1313.1,8,4,3,3,10,Loyal
12365,2011-02-21 14:04:00,2,641.38,291,2,2,2,6,Needs attention
12366,2010-03-16 10:28:00,1,500.24,634,1,1,2,4,At risk
12367,2011-12-05 16:48:00,1,168.9,4,4,1,1,6,Needs attention
12368,2010-03-21 15:56:00,1,917.6999999999999,628,1,1,3,5,At risk
12369,2010-10-22 13:13:00,3,1791.15,413,1,2,3,6,Needs attention
12370,2011-10-19 14:51:00,7,4316.56,51,3,3,4,10,Loyal
12371,2011-10-26 10:16:00,5,4067.38,45,3,3,4,10,Loyal
12372,2011-09-29 12:12:00,3,1298.04,72,3,2,3,8,Needs attention
12373,2011-02-01 13:10:00,3,1127.65,311,2,2,3,7,Needs attention
12374,2011-11-14 15:37:00,4,2989.2200000000003,25,4,3,4,11,Champions
12375,2011-11-29 10:36:00,2,457.5,11,4,2,2,8,Needs attention
12376,2010-11-15 12:15:00,2,503.15,390,1,2,2,5,At risk
12377,2011-01-28 15:45:00,4,3426.32,315,2,3,4,9,Loyal
12378,2011-08-02 10:34:00,2,5416.32,130,2,2,4,8,Needs attention
12379,2011-09-19 10:09:00,4,1620.22,82,3,3,3,9,Loyal
12380,2011-11-18 11:27:00,11,9676.300000000001,22,4,4,4,12,Champions
12381,2011-12-05 12:44:00,5,1845.31,5,4,3,3,10,Loyal
12383,2011-06-08 08:02:00,5,1850.56,185,2,3,3,8,Needs attention
12384,2011-11-11 08:39:00,2,585.27,29,3,2,2,7,Needs attention
12385,2010-11-25 15:14:00,1,1938.4,379,2,1,3,6,Needs attention
12386,2011-01-06 12:37:00,2,660.8,338,2,2,2,6,Needs attention
12387,2010-10-20 16:27:00,1,143.94,415,1,1,1,3,At risk
12388,2011-11-24 12:30:00,8,3901.11,16,4,4,4,12,Champions
12389,2010-11-02 11:52:00,3,1433.33,403,1,2,3,6,Needs attention
12390,2011-09-21 09:33:00,1,549.84,80,3,1,2,6,Needs attention
12391,2011-11-18 12:07:00,6,2724.84,22,4,3,4,11,Champions
12392,2010-04-27 14:04:00,1,234.75000000000003,591,1,1,1,3,At risk
12393,2011-09-28 15:41:00,6,2399.4500000000003,72,3,3,4,10,Loyal
12394,2011-10-07 08:08:00,2,1272.48,64,3,2,3,8,Needs attention
12395,2011-11-20 15:21:00,15,5067.27,19,4,4,4,12,Champions
12396,2010-02-03 13:22:00,1,931.43,674,1,1,3,5,At risk
12397,2011-11-04 09:52:00,2,2409.9,36,3,2,4,9,Loyal
12398,2011-10-25 10:27:00,1,1635.6599999999999,46,3,1,3,7,Needs attention
12399,2011-08-12 13:15:00,7,1962.3,119,2,3,3,8,Needs attention
12400,2010-10-21 13:45:00,1,205.25,414,1,1,1,3,At risk
12401,2011-02-09 13:50:00,1,84.3,303,2,1,1,4,At risk
12402,2011-01-20 13:49:00,6,1256.9,323,2,3,3,8,Needs attention
12403,2011-10-21 10:51:00,2,1019.36,50,3,2,3,8,Needs attention
12404,2010-01-26 16:25:00,1,63.24,682,1,1,1,3,At risk
12405,2011-07-14 08:52:00,1,1710.39,149,2,1,3,6,Needs attention
12406,2011-11-17 19:22:00,5,6390.36,22,4,3,4,11,Champions
12407,2011-10-21 10:11:00,5,1708.1200000000001,50,3,3,3,9,Loyal
12408,2011-11-07 12:27:00,8,4340.7699999999995,33,3,4,4,11,Champions
12409,2011-09-22 10:38:00,7,23419.29,79,3,3,4,10,Loyal
12410,2011-02-04 10:39:00,3,1013.71,309,2,2,3,7,Needs attention
12411,2010-10-26 09:25:00,1,346.9,410,1,1,2,4,At risk
12412,2011-09-26 10:16:00,6,2596.93,75,3,3,4,10,Loyal
12413,2011-10-04 09:00:00,4,999.45,67,3,3,3,9,Loyal
12414,2011-05-06 14:51:00,6,952.41,217,2,3,3,8,Needs attention
12415,2011-11-15 14:22:00,28,144458.37,24,4,4,4,12,Champions
12416,2010-02-21 10:19:00,1,202.56,657,1,1,1,3,At risk
12417,2011-12-06 14:52:00,20,6797.41,3,4,4,4,12,Champions
12418,2011-08-19 11:08:00,4,2021.2,113,2,3,3,8,Needs attention
12419,2010-11-19 10:04:00,2,503.01,386,1,2,2,5,At risk
12420,2011-10-07 08:55:00,1,600.39,64,3,1,2,6,Needs attention
12421,2011-11-24 09:07:00,6,1098.6,16,4,3,3,10,Loyal
12422,2011-09-05 09:48:00,17,5231.8,96,3,4,4,11,Champions
12423,2011-12-09 10:10:00,10,2622.39,1,4,4,4,12,Champions
12424,2011-06-30 12:06:00,4,3340.03,163,2,3,4,9,Loyal
12425,2011-09-22 17:31:00,2,1741.41,78,3,2,3,8,Needs attention
12426,2011-05-29 12:26:00,2,1345.21,195,2,2,3,7,Needs attention
12427,2011-11-18 08:56:00,3,1129.3,22,4,2,3,9,Loyal
12428,2011-11-14 08:22:00,9,7956.46,26,4,4,4,12,Champions
12429,2011-11-30 17:22:00,8,7485.91,9,4,4,4,12,Champions
12430,2011-10-27 15:09:00,1,256.4,43,3,1,1,5,At risk
12431,2011-11-04 11:55:00,27,10790.47,36,3,4,4,11,Champions
12432,2011-10-28 11:43:00,5,5059.32,43,3,3,4,10,Loyal
12433,2011-12-09 10:02:00,10,20581.26,1,4,4,4,12,Champions
12434,2011-09-16 12:38:00,3,1103.43,85,3,2,3,8,Needs attention
12435,2011-09-21 09:06:00,6,13925.93,80,3,3,4,10,Loyal
12436,2011-09-01 12:09:00,1,509.01,100,2,1,2,5,At risk
12437,2011-12-08 11:35:00,39,12683.4,2,4,4,4,12,Champions
12438,2011-11-25 13:28:00,2,2906.85,14,4,2,4,10,Loyal
12439,2010-01-26 12:11:00,2,1142.88,683,1,2,3,6,Needs attention
12440,2010-09-03 13:11:00,2,859.2,462,1,2,2,5,At risk
12441,2010-12-08 10:45:00,1,347.1,367,2,1,2,5,At risk
12442,2011-12-06 14:22:00,1,172.06,3,4,1,1,6,Needs attention
12443,2009-12-07 15:42:00,1,485.31,732,1,1,2,4,At risk
12444,2011-11-18 13:23:00,5,5005.46,21,4,3,4,11,Champions
12445,2011-11-17 18:43:00,2,434.98,22,4,2,2,8,Needs attention
12446,2011-10-13 12:50:00,1,1002.3100000000001,58,3,1,3,7,Needs attention
12447,2011-04-10 13:25:00,1,476.49,243,2,1,2,5,At risk
12448,2011-10-26 13:46:00,1,449.45,44,3,1,2,6,Needs attention
12449,2011-11-17 13:46:00,6,4835.89,22,4,3,4,11,Champions
12450,2011-07-06 14:41:00,5,688.2,156,2,3,2,7,Needs attention
12451,2011-11-29 08:40:00,8,12669.88,11,4,4,4,12,Champions
12452,2011-11-23 10:28:00,2,430.57,17,4,2,2,8,Needs attention
12453,2011-07-28 14:08:00,1,707.09,134,2,1,2,5,At risk
12454,2011-10-14 17:13:00,5,16679.78,56,3,3,4,10,Loyal
12455,2011-09-27 15:31:00,10,5879.95,73,3,4,4,11,Champions
12456,2011-10-26 14:41:00,3,3181.04,44,3,2,4,9,Loyal
12457,2011-10-04 13:13:00,8,2995.91,66,3,4,4,11,Champions
12458,2011-09-29 15:25:00,4,1777.49,71,3,3,3,9,Loyal
12459,2010-04-13 14:53:00,1,454.36,605,1,1,2,4,At risk
12460,2010-09-09 13:51:00,1,326.65,456,1,1,1,3,At risk
12461,2011-09-06 16:57:00,2,826.88,94,3,2,2,7,Needs attention
12462,2011-11-21 09:11:00,2,1189.59,19,4,2,3,9,Loyal
12463,2011-10-17 13:44:00,4,1344.78,53,3,3,3,9,Loyal
12464,2011-11-29 13:33:00,8,1212.05,10,4,4,3,11,Champions
12465,2011-11-22 16:34:00,2,742.1899999999999,17,4,2,2,8,Needs attention
12466,2010-01-26 16:26:00,1,56.73,682,1,1,1,3,At risk
12467,2010-10-12 15:41:00,1,132.8,423,1,1,1,3,At risk
12468,2011-06-05 11:36:00,5,3670.74,188,2,3,4,9,Loyal
12469,2010-07-05 12:40:00,2,3070.54,523,1,2,4,7,Needs attention
12470,2010-01-19 11:01:00,1,211.95,690,1,1,1,3,At risk
12471,2011-12-07 15:43:00,79,39918.19,2,4,4,4,12,Champions
12472,2011-11-07 14:01:00,19,17880.59,32,3,4,4,11,Champions
12473,2011-11-10 13:46:00,5,3928.0499999999997,29,3,3,4,10,Loyal
12474,2011-11-22 14:39:00,31,12372.75,17,4,4,4,12,Champions
12475,2011-10-17 10:10:00,2,1149.64,54,3,2,3,8,Needs attention
12476,2011-11-24 12:40:00,23,14083.91,16,4,4,4,12,Champions
12477,2011-11-17 09:51:00,9,20276.37,23,4,4,4,12,Champions
12478,2011-12-06 09:56:00,1,680.99,4,4,1,2,7,Needs attention
12479,2011-11-28 13:26:00,1,527.2,11,4,1,2,7,Needs attention
12480,2011-11-11 14:52:00,7,5464.85,28,3,3,4,10,Loyal
12481,2011-11-17 08:29:00,15,12344.89,23,4,4,4,12,Champions
12482,2010-05-12 16:51:00,29,23691.4,576,1,4,4,9,Loyal
12483,2011-11-22 17:02:00,19,5097.18,17,4,4,4,12,Champions
12484,2011-11-07 11:37:00,12,6354.1,33,3,4,4,11,Champions
12485,2010-06-28 15:22:00,1,708.1,529,1,1,2,4,At risk
12486,2010-10-04 12:14:00,1,1037.28,432,1,1,3,5,At risk
12487,2009-12-09 11:36:00,1,285.29999999999995,731,1,1,1,3,At risk
12488,2011-11-30 08:50:00,3,1298.66,10,4,2,3,9,Loyal
12489,2011-01-07 13:13:00,1,334.93,336,2,1,1,4,At risk
12490,2011-12-04 16:07:00,21,9823.64,5,4,4,4,12,Champions
12491,2011-11-01 12:18:00,1,460.40000000000003,39,3,1,2,6,Needs attention
12492,2011-10-07 15:15:00,3,715.21,63,3,2,2,7,Needs attention
12493,2011-06-27 10:17:00,2,433.74,166,2,2,2,6,Needs attention
12494,2011-11-24 09:34:00,9,1872.8700000000001,16,4,4,3,11,Champions
12495,2010-03-09 10:53:00,1,357.4,641,1,1,2,4,At risk
12496,2010-03-29 14:06:00,2,45.34,620,1,2,1,4,At risk
12497,2011-09-19 12:29:00,3,6248.5,82,3,2,4,9,Loyal
12498,2011-11-18 12:53:00,3,403.70000000000005,21,4,2,2,8,Needs attention
12499,2010-05-28 15:12:00,1,393.72,560,1,1,2,4,At risk
12500,2011-11-16 16:20:00,19,5955.21,23,4,4,4,12,Champions
12501,2011-01-07 12:28:00,1,2169.39,337,2,1,3,6,Needs attention
12502,2011-09-05 11:52:00,5,3723.87,96,3,3,4,10,Loyal
12503,2010-05-04 13:59:00,1,1126.0,584,1,1,3,5,At risk
12504,2011-11-21 16:02:00,4,779.05,18,4,3,2,9,Loyal
12505,2010-10-27 09:18:00,1,955.2,409,1,1,3,5,At risk
12506,2011-04-21 08:54:00,1,73.5,233,2,1,1,4,At risk
12507,2011-07-28 17:09:00,4,1844.06,134,2,3,3,8,Needs attention
12508,2011-11-13 15:37:00,2,397.88,26,4,2,2,8,Needs attention
12509,2011-02-28 14:45:00,1,176.5,284,2,1,1,4,At risk
12510,2011-07-20 10:15:00,9,5178.02,143,2,4,4,10,Loyal
12511,2010-10-07 10:39:00,1,3084.02,429,1,1,4,6,Needs attention
12512,2011-10-04 14:55:00,2,132.18,66,3,2,1,6,Needs attention
12513,2011-08-19 10:51:00,1,612.29,113,2,1,2,5,At risk
12514,2011-03-17 16:38:00,2,1597.76,267,2,2,3,7,Needs attention
12515,2010-12-21 15:43:00,1,383.7,353,2,1,2,5,At risk
12516,2011-09-23 09:13:00,4,2648.62,78,3,3,4,10,Loyal
12517,2011-11-11 14:04:00,5,2481.6,28,3,3,4,10,Loyal
12518,2011-12-09 10:13:00,5,2056.89,1,4,3,3,10,Loyal
12519,2011-10-07 09:26:00,2,716.54,64,3,2,2,7,Needs attention
12520,2011-09-21 15:23:00,5,2634.26,79,3,3,4,10,Loyal
12521,2011-07-20 10:51:00,1,599.68,143,2,1,2,5,At risk
12522,2011-10-31 15:30:00,2,192.72,39,3,2,1,6,Needs attention
12523,2011-11-20 12:55:00,23,4352.35,19,4,4,4,12,Champions
12524,2011-11-30 15:31:00,17,11126.11,9,4,4,4,12,Champions
12525,2010-07-29 16:08:00,3,973.73,498,1,2,3,6,Needs attention
12526,2011-12-09 12:09:00,3,1316.66,1,4,2,3,9,Loyal
12527,2011-09-19 11:55:00,5,735.51,82,3,3,2,8,Needs attention
12528,2011-11-30 14:40:00,6,1933.48,9,4,3,3,10,Loyal
12529,2010-06-29 13:10:00,1,316.48,528,1,1,1,3,At risk
12530,2011-10-11 12:34:00,9,3759.26,60,3,4,4,11,Champions
12531,2011-11-25 11:12:00,2,1933.2,15,4,2,3,9,Loyal
12532,2011-11-09 13:47:00,1,349.83000000000004,30,3,1,2,6,Needs attention
12533,2010-03-22 10:56:00,2,1367.89,628,1,2,3,6,Needs attention
12534,2011-08-01 10:26:00,1,1089.18,131,2,1,3,6,Needs attention
12535,2011-09-09 08:48:00,2,716.35,92,3,2,2,7,Needs attention
12536,2011-10-27 14:20:00,3,12601.830000000002,43,3,2,4,9,Loyal
12537,2010-10-27 08:36:00,1,732.94,409,1,1,2,4,At risk
12538,2011-11-10 17:16:00,2,640.45,29,3,2,2,7,Needs attention
12539,2011-11-17 13:30:00,7,11214.75,22,4,3,4,11,Champions
12540,2011-11-20 11:31:00,33,22254.49,20,4,4,4,12,Champions
12541,2011-11-10 10:40:00,3,981.18,30,3,2,3,8,Needs attention
12542,2010-08-12 19:12:00,2,481.88,484,1,2,2,5,At risk
12543,2010-09-17 15:51:00,1,980.25,448,1,1,3,5,At risk
12544,2011-11-03 16:15:00,1,372.7,36,3,1,2,6,Needs attention
12545,2011-09-25 13:39:00,2,1000.39,75,3,2,3,8,Needs attention
12546,2011-10-24 12:09:00,2,1161.5,47,3,2,3,8,Needs attention
12547,2011-05-26 12:38:00,3,383.58,198,2,2,2,6,Needs attention
12548,2011-06-26 15:35:00,1,95.19999999999999,166,2,1,1,4,At risk
12549,2010-05-13 12:05:00,6,1575.68,576,1,3,3,7,Needs attention
12550,2011-09-21 14:35:00,1,964.83,79,3,1,3,7,Needs attention
12551,2010-12-17 11:23:00,1,168.0,358,2,1,1,4,At risk
12552,2011-11-01 10:02:00,2,437.82,39,3,2,2,7,Needs attention
12553,2011-12-01 16:38:00,12,4608.75,8,4,4,4,12,Champions
12554,2010-09-17 12:29:00,1,468.5,449,1,1,2,4,At risk
12555,2010-01-26 16:26:00,1,129.23,682,1,1,1,3,At risk
12556,2011-10-20 13:06:00,2,599.56,50,3,2,2,7,Needs attention
12557,2011-11-23 16:59:00,8,18716.14,16,4,4,4,12,Champions
12558,2011-12-02 10:41:00,1,269.96,8,4,1,1,6,Needs attention
12559,2011-02-02 09:49:00,2,561.71,311,2,2,2,6,Needs attention
12560,2011-12-04 13:54:00,3,2134.01,5,4,2,3,9,Loyal
12561,2011-02-10 11:39:00,1,238.85,303,2,1,1,4,At risk
12562,2011-12-01 17:20:00,9,4966.92,8,4,4,4,12,Champions
12563,2010-10-27 09:52:00,1,249.24,409,1,1,1,3,At risk
12564,2011-03-23 14:55:00,1,456.9,261,2,1,2,5,At risk
12565,2011-02-24 10:34:00,1,145.92,289,2,1,1,4,At risk
12566,2011-09-14 14:30:00,1,351.65,86,3,1,2,6,Needs attention
12567,2011-11-17 11:02:00,15,13709.86,23,4,4,4,12,Champions
12568,2010-03-05 09:15:00,1,70.0,645,1,1,1,3,At risk
12569,2011-12-07 16:24:00,32,4124.69,2,4,4,4,12,Champions
12570,2010-01-26 17:28:00,1,77.52,682,1,1,1,3,At risk
12571,2011-10-31 10:19:00,2,519.61,40,3,2,2,7,Needs attention
12572,2011-12-01 09:20:00,2,1020.42,9,4,2,3,9,Loyal
12573,2011-04-26 15:52:00,5,717.41,227,2,3,2,7,Needs attention
12574,2011-01-28 09:20:00,1,218.45,316,2,1,1,4,At risk
12575,2010-09-08 13:09:00,2,622.8199999999999,457,1,2,2,5,At risk
12576,2011-11-04 10:11:00,8,2142.72,36,3,4,3,10,Loyal
12577,2011-11-04 13:24:00,8,1617.1,35,3,4,3,10,Loyal
12578,2011-11-18 13:30:00,4,4642.45,21,4,3,4,11,Champions
12579,2011-09-22 17:15:00,1,440.42,78,3,1,2,6,Needs attention
12580,2011-04-07 10:24:00,2,1052.9,247,2,2,3,7,Needs attention
12581,2011-10-31 08:56:00,1,197.71,40,3,1,1,5,At risk
12582,2011-04-15 08:45:00,4,1980.4,239,2,3,3,8,Needs attention
12583,2011-12-07 08:07:00,27,14447.44,3,4,4,4,12,Champions
12584,2011-12-06 09:35:00,9,2338.15,4,4,4,4,12,Champions
12585,2011-04-19 13:39:00,2,2040.1,234,2,2,3,7,Needs attention
12586,2011-11-22 16:24:00,4,2062.67,17,4,3,3,10,Loyal
12587,2011-12-02 12:47:00,1,144.0,8,4,1,1,6,Needs attention
12588,2011-10-31 15:01:00,4,958.78,39,3,3,3,9,Loyal
12589,2011-11-11 10:19:00,8,4695.66,29,3,4,4,11,Champions
12590,2011-05-12 14:52:00,2,9864.26,211,2,2,4,8,Needs attention
12591,2011-01-26 14:35:00,3,1338.95,317,2,2,3,7,Needs attention
12592,2011-09-08 15:04:00,5,2582.66,92,3,3,4,10,Loyal
12593,2011-08-23 12:43:00,3,418.09999999999997,109,2,2,2,6,Needs attention
12594,2011-11-02 12:20:00,15,5090.110000000001,38,3,4,4,11,Champions
12595,2010-07-23 09:10:00,1,299.02,505,1,1,1,3,At risk
12596,2011-10-19 13:02:00,2,618.27,51,3,2,2,7,Needs attention
12597,2011-11-20 13:33:00,4,3811.22,19,4,3,4,11,Champions
12598,2011-11-30 12:18:00,11,4534.09,10,4,4,4,12,Champions
12599,2011-11-10 13:34:00,13,2296.72,29,3,4,3,10,Loyal
12600,2011-11-11 10:29:00,21,5043.92,29,3,4,4,11,Champions
12601,2011-06-03 10:17:00,6,681.26,190,2,3,2,7,Needs attention
12602,2011-10-12 11:22:00,1,153.12,59,3,1,1,5,At risk
12603,2011-11-18 10:42:00,1,739.1999999999999,22,4,1,2,7,Needs attention
12604,2011-09-21 14:08:00,2,254.18,79,3,2,1,6,Needs attention
12605,2010-11-28 14:18:00,4,1232.95,376,2,3,3,8,Needs attention
12606,2010-01-26 16:23:00,1,21.0,682,1,1,1,3,At risk
12607,2011-10-10 16:06:00,1,1579.51,60,3,1,3,7,Needs attention
12608,2010-10-31 10:49:00,1,415.79,405,1,1,2,4,At risk
12609,2011-09-22 16:34:00,9,3435.86,78,3,4,4,11,Champions
12610,2011-11-17 09:34:00,5,2099.54,23,4,3,3,10,Loyal
12611,2011-10-18 13:12:00,1,1193.32,52,3,1,3,7,Needs attention
12612,2011-09-26 15:35:00,1,704.0400000000001,74,3,1,2,6,Needs attention
12613,2011-10-13 14:59:00,10,6817.37,57,3,4,4,11,Champions
12614,2011-03-07 10:22:00,1,315.6,278,2,1,1,4,At risk
12615,2011-12-07 15:02:00,8,5740.98,2,4,4,4,12,Champions
12616,2011-09-05 15:17:00,3,1131.1,95,3,2,3,8,Needs attention
12617,2011-11-10 14:39:00,1,352.98,29,3,1,2,6,Needs attention
12618,2011-11-18 11:10:00,1,177.31,22,4,1,1,6,Needs attention
12619,2011-11-23 14:52:00,10,3781.38,16,4,4,4,12,Champions
12620,2011-11-25 10:20:00,3,1339.41,15,4,2,3,9,Loyal
12621,2011-12-08 11:25:00,35,24775.81,2,4,4,4,12,Champions
12622,2011-04-21 16:39:00,1,180.1,232,2,1,1,4,At risk
12623,2011-03-08 13:50:00,7,3747.84,276,2,3,4,9,Loyal
12624,2011-08-25 15:04:00,2,641.13,106,2,2,2,6,Needs attention
12625,2011-05-12 09:54:00,4,5164.88,212,2,3,4,9,Loyal
12626,2011-11-16 16:06:00,9,6620.48,23,4,4,4,12,Champions
12627,2011-11-29 12:07:00,7,4478.53,11,4,3,4,11,Champions
12628,2011-12-05 13:15:00,3,786.46,4,4,2,2,8,Needs attention
12629,2010-11-19 09:18:00,2,1558.22,386,1,2,3,6,Needs attention
12630,2011-11-30 10:48:00,2,1270.88,10,4,2,3,9,Loyal
12631,2011-10-13 13:53:00,6,3481.57,57,3,3,4,10,Loyal
12632,2010-07-07 09:39:00,2,804.88,521,1,2,2,5,At risk
12633,2011-10-12 11:40:00,7,5678.16,59,3,3,4,10,Loyal
12634,2010-06-22 10:05:00,2,490.0,536,1,2,2,5,At risk
12635,2011-09-11 11:04:00,4,2930.41,90,3,3,4,10,Loyal
12636,2009-12-01 09:55:00,1,141.0,739,1,1,1,3,At risk
12637,2011-10-03 13:46:00,12,8283.81,67,3,4,4,11,Champions
12638,2011-11-06 13:11:00,2,921.49,33,3,2,3,8,Needs attention
12639,2011-04-15 12:48:00,3,1312.37,239,2,2,3,7,Needs attention
12640,2011-11-16 11:52:00,3,1174.58,24,4,2,3,9,Loyal
12641,2011-08-16 13:26:00,1,185.9,115,2,1,1,4,At risk
12642,2011-11-14 15:03:00,3,1013.26,25,4,2,3,9,Loyal
12643,2011-08-03 12:56:00,12,8304.82,128,2,4,4,10,Loyal
12644,2011-08-02 10:33:00,4,1918.49,130,2,3,3,8,Needs attention
12645,2011-11-06 12:38:00,8,3539.3,34,3,4,4,11,Champions
12646,2011-12-05 10:14:00,2,1346.97,5,4,2,3,9,Loyal
12647,2011-11-17 12:56:00,36,17924.35,22,4,4,4,12,Champions
12648,2011-07-08 11:55:00,4,1112.0,155,2,3,3,8,Needs attention
12649,2011-08-24 14:41:00,8,2294.65,107,2,4,3,9,Loyal
12650,2011-12-06 16:34:00,1,314.44,3,4,1,1,6,Needs attention
12651,2011-01-09 12:46:00,4,377.75,335,2,3,2,7,Needs attention
12652,2011-01-12 15:00:00,2,1017.03,331,2,2,3,7,Needs attention
12653,2011-07-14 10:41:00,3,4160.83,149,2,2,4,8,Needs attention
12654,2011-11-29 10:10:00,5,601.98,11,4,3,2,9,Loyal
12655,2010-10-12 09:17:00,1,261.35,424,1,1,1,3,At risk
12656,2011-11-22 13:42:00,8,6407.83,17,4,4,4,12,Champions
12657,2011-11-28 15:47:00,4,1643.18,11,4,3,3,10,Loyal
12658,2011-11-21 10:22:00,1,686.05,19,4,1,2,7,Needs attention
12659,2011-11-10 11:53:00,1,91.68,30,3,1,1,5,At risk
12660,2011-11-28 13:26:00,1,245.1,11,4,1,1,6,Needs attention
12661,2010-09-29 16:46:00,1,162.0,436,1,1,1,3,At risk
12662,2011-12-09 11:59:00,20,6988.02,1,4,4,4,12,Champions
12663,2010-03-25 09:40:00,2,239.4,625,1,2,1,4,At risk
12664,2011-12-01 17:07:00,11,6070.04,8,4,4,4,12,Champions
12665,2011-01-19 08:34:00,3,313.6,325,2,2,1,5,At risk
12666,2010-11-10 16:40:00,1,1248.42,394,1,1,3,5,At risk
12667,2011-10-12 17:00:00,1,620.13,58,3,1,2,6,Needs attention
12668,2011-11-28 10:56:00,10,11383.03,12,4,4,4,12,Champions
12669,2011-07-12 09:54:00,3,2744.0299999999997,151,2,2,4,8,Needs attention
12670,2011-11-29 15:23:00,7,3760.29,10,4,3,4,11,Champions
12671,2010-04-12 16:30:00,1,2622.481,606,1,1,4,6,Needs attention
12672,2011-01-14 09:20:00,2,437.05,330,2,2,2,6,Needs attention
12673,2011-12-04 13:55:00,3,1230.02,5,4,2,3,9,Loyal
12674,2011-11-01 12:12:00,4,1970.6,39,3,3,3,9,Loyal
12675,2010-06-04 09:49:00,2,957.25,554,1,2,3,6,Needs attention
12676,2011-11-15 12:25:00,11,2843.09,25,4,4,4,12,Champions
12677,2010-06-02 14:30:00,2,395.1,555,1,2,2,5,At risk
12678,2011-10-28 13:04:00,21,34281.18,42,3,4,4,11,Champions
12679,2011-10-12 12:30:00,4,1113.02,59,3,3,3,9,Loyal
12680,2011-12-09 12:50:00,4,880.81,1,4,3,2,9,Loyal
12681,2011-11-25 11:33:00,45,30868.28,15,4,4,4,12,Champions
12682,2011-12-06 10:00:00,52,24025.51,4,4,4,4,12,Champions
12683,2011-12-05 16:31:00,21,12696.78,4,4,4,4,12,Champions
12684,2011-12-02 09:53:00,7,2283.63,8,4,3,3,10,Loyal
12685,2011-11-11 13:46:00,6,2863.08,28,3,3,4,10,Loyal
12686,2010-12-03 09:51:00,1,178.28,372,2,1,1,4,At risk
12687,2010-08-16 12:12:00,2,2138.91,481,1,2,3,6,Needs attention
12688,2011-08-18 08:49:00,1,4873.8099999999995,114,2,1,4,7,Needs attention
12689,2011-11-14 08:31:00,2,1247.61,26,4,2,3,9,Loyal
12690,2011-05-18 09:09:00,1,389.01,206,2,1,2,5,At risk
12691,2011-11-11 16:49:00,7,1170.4,28,3,3,3,9,Loyal
12692,2010-03-12 14:02:00,1,110.95,637,1,1,1,3,At risk
12693,2011-08-04 17:51:00,7,1703.02,127,2,3,3,8,Needs attention
12694,2011-09-30 13:06:00,3,1843.35,70,3,2,3,8,Needs attention
12695,2011-12-02 13:22:00,7,1407.1200000000001,7,4,3,3,10,Loyal
12696,2010-10-01 10:43:00,2,851.91,435,1,2,2,5,At risk
12697,2011-11-11 08:47:00,3,957.59,29,3,2,3,8,Needs attention
12698,2010-04-28 15:51:00,1,339.75,590,1,1,1,3,At risk
12699,2010-10-18 12:07:00,1,638.11,418,1,1,2,4,At risk
12700,2011-12-02 10:47:00,4,4939.99,8,4,3,4,11,Champions
12701,2011-09-21 10:47:00,6,2446.41,80,3,3,4,10,Loyal
12702,2011-11-20 10:36:00,1,219.0,20,4,1,1,6,Needs attention
12703,2011-09-29 17:52:00,4,1006.53,71,3,3,3,9,Loyal
12704,2011-12-02 13:15:00,8,2340.84,7,4,4,4,12,Champions
12705,2011-11-24 13:17:00,14,11762.1,15,4,4,4,12,Champions
12707,2011-02-21 08:38:00,1,603.42,292,2,1,2,5,At risk
12708,2011-11-10 09:52:00,18,5314.1,30,3,4,4,11,Champions
12709,2011-11-24 15:38:00,34,30814.46,15,4,4,4,12,Champions
12710,2011-09-04 12:00:00,3,1149.02,97,2,2,3,7,Needs attention
12711,2010-04-07 11:59:00,2,1339.05,612,1,2,3,6,Needs attention
12712,2011-11-11 08:19:00,21,7193.66,29,3,4,4,11,Champions
12713,2011-12-09 12:16:00,1,848.55,1,4,1,2,7,Needs attention
12714,2011-11-30 15:43:00,12,14093.71,9,4,4,4,12,Champions
12715,2011-08-25 15:22:00,1,343.36,106,2,1,1,4,At risk
12716,2011-12-06 08:55:00,2,1053.49,4,4,2,3,9,Loyal
12717,2011-07-11 14:47:00,3,1308.91,151,2,2,3,7,Needs attention
12718,2011-09-29 16:38:00,1,238.25,71,3,1,1,5,At risk
12719,2011-12-04 13:45:00,2,644.95,5,4,2,2,8,Needs attention
12720,2011-12-07 08:03:00,30,8260.67,3,4,4,4,12,Champions
12721,2011-11-08 12:13:00,8,4013.08,32,3,4,4,11,Champions
12722,2011-09-15 14:50:00,4,997.63,85,3,3,3,9,Loyal
12723,2011-12-06 10:19:00,5,725.07,4,4,3,2,9,Loyal
12724,2011-12-04 16:02:00,7,2317.52,5,4,3,4,11,Champions
12725,2010-12-03 15:45:00,4,2694.56,371,2,3,4,9,Loyal
12726,2011-11-11 13:35:00,11,4014.6,28,3,4,4,11,Champions
12727,2011-11-29 11:46:00,10,5679.53,11,4,4,4,12,Champions
12728,2011-09-29 15:31:00,5,1070.17,71,3,3,3,9,Loyal
12729,2011-08-18 11:40:00,1,453.01,114,2,1,2,5,At risk
12730,2010-07-06 12:19:00,1,829.25,522,1,1,2,4,At risk
12731,2011-11-16 11:59:00,17,25775.71,24,4,4,4,12,Champions
12732,2011-06-13 11:33:00,1,236.26000000000002,180,2,1,1,4,At risk
12733,2011-04-19 16:19:00,4,2424.87,234,2,3,4,9,Loyal
12734,2010-12-22 12:47:00,3,639.65,353,2,2,2,6,Needs attention
12735,2011-01-28 13:37:00,2,779.5699999999999,315,2,2,2,6,Needs attention
12736,2011-01-11 07:57:00,1,234.0,333,2,1,1,4,At risk
12737,2010-07-29 12:29:00,2,3710.5,499,1,2,4,7,Needs attention
12738,2010-12-02 18:27:00,1,310.7,372,2,1,1,4,At risk
12739,2011-09-22 13:00:00,4,2726.73,78,3,3,4,10,Loyal
12740,2011-10-07 10:44:00,1,427.6,64,3,1,2,6,Needs attention
12741,2010-06-28 14:36:00,2,406.07,529,1,2,2,5,At risk
12742,2010-03-24 12:43:00,1,1201.52,626,1,1,3,5,At risk
12743,2011-07-28 16:21:00,2,540.13,134,2,2,2,6,Needs attention
12744,2011-10-19 11:18:00,11,25317.06,52,3,4,4,11,Champions
12745,2010-08-10 10:14:00,3,925.41,487,1,2,3,6,Needs attention
12746,2010-06-17 10:41:00,1,254.55,541,1,1,1,3,At risk
12747,2011-12-07 14:34:00,26,9257.039999999999,2,4,4,4,12,Champions
12748,2011-12-09 12:20:00,336,55511.09,1,4,4,4,12,Champions
12749,2011-12-06 09:56:00,9,6897.36,4,4,4,4,12,Champions
12750,2011-08-03 09:13:00,1,275.88,129,2,1,1,4,At risk
12751,2010-09-21 12:49:00,1,268.27,445,1,1,1,3,At risk
12752,2011-09-19 13:32:00,1,4366.78,81,3,1,4,8,Needs attention
12753,2011-11-17 10:52:00,6,21429.39,23,4,3,4,11,Champions
12754,2011-04-18 09:00:00,3,3010.74,236,2,2,4,8,Needs attention
12755,2011-03-04 12:42:00,11,9030.66,281,2,4,4,10,Loyal
12756,2011-09-14 09:31:00,1,112.07999999999998,87,3,1,1,5,At risk
12757,2011-11-24 12:30:00,13,7834.650000000001,16,4,4,4,12,Champions
12758,2011-08-15 10:22:00,7,9903.24,117,2,3,4,9,Loyal
12759,2011-10-18 14:49:00,8,5020.74,52,3,4,4,11,Champions
12760,2010-09-10 08:50:00,1,347.8,456,1,1,2,4,At risk
12761,2010-09-08 12:17:00,2,782.95,458,1,2,2,5,At risk
12762,2011-12-02 10:23:00,2,1898.52,8,4,2,3,9,Loyal
12763,2011-07-24 14:12:00,2,814.16,138,2,2,2,6,Needs attention
12764,2011-01-27 10:19:00,1,1693.88,317,2,1,3,6,Needs attention
12765,2010-08-24 13:51:00,6,1404.58,472,1,3,3,7,Needs attention
12766,2011-12-06 08:46:00,9,10068.28,4,4,4,4,12,Champions
12767,2010-11-29 09:38:00,1,949.82,376,2,1,3,6,Needs attention
12768,2010-09-15 12:08:00,1,168.69000000000003,451,1,1,1,3,At risk
12769,2011-04-15 10:25:00,1,1143.6,239,2,1,3,6,Needs attention
12770,2011-05-13 09:33:00,2,3246.45,211,2,2,4,8,Needs attention
12771,2010-08-11 11:51:00,1,282.3,486,1,1,1,3,At risk
12772,2011-10-11 09:19:00,1,892.47,60,3,1,3,7,Needs attention
12773,2010-05-24 17:30:00,1,124.25,564,1,1,1,3,At risk
12774,2010-06-22 10:38:00,1,98.7,536,1,1,1,3,At risk
12775,2011-11-22 16:33:00,7,1686.12,17,4,3,3,10,Loyal
12776,2010-02-10 12:11:00,1,55.5,668,1,1,1,3,At risk
12777,2010-09-08 11:35:00,1,519.45,458,1,1,2,4,At risk
12778,2011-11-20 11:30:00,9,1775.68,20,4,4,3,11,Champions
12779,2011-11-02 11:43:00,14,6722.2699999999995,38,3,4,4,11,Champions
12780,2010-04-20 09:40:00,1,337.4,599,1,1,1,3,At risk
12781,2011-10-07 10:37:00,2,826.74,64,3,2,2,7,Needs attention
12782,2011-12-05 09:16:00,11,4618.24,5,4,4,4,12,Champions
12783,2011-12-07 15:56:00,6,2225.91,2,4,3,3,10,Loyal
12784,2011-11-30 15:38:00,3,1763.15,9,4,2,3,9,Loyal
12785,2010-12-10 13:48:00,3,1100.4,364,2,2,3,7,Needs attention
12786,2010-04-09 12:12:00,1,728.5,610,1,1,2,4,At risk
12787,2011-11-30 08:44:00,4,862.18,10,4,3,2,9,Loyal
12788,2010-09-02 14:21:00,4,444.9,463,1,3,2,6,Needs attention
12789,2011-10-05 13:34:00,3,273.35,65,3,2,1,6,Needs attention
12790,2011-05-31 14:14:00,2,591.85,192,2,2,2,6,Needs attention
12791,2010-12-01 11:27:00,6,1056.1100000000001,374,2,3,3,8,Needs attention
12792,2011-03-28 11:36:00,2,827.01,257,2,2,2,6,Needs attention
12793,2011-01-09 12:12:00,3,1017.33,335,2,2,3,7,Needs attention
12794,2011-10-17 14:54:00,2,860.41,53,3,2,2,7,Needs attention
12795,2011-11-21 10:27:00,1,430.48,19,4,1,2,7,Needs attention
12796,2010-03-21 15:49:00,1,381.0,628,1,1,2,4,At risk
12797,2010-12-09 10:55:00,2,806.11,366,2,2,2,6,Needs attention
12798,2011-11-29 15:52:00,4,8510.93,10,4,3,4,11,Champions
12799,2010-06-28 15:57:00,1,219.35,529,1,1,1,3,At risk
12800,2010-08-26 14:11:00,3,584.25,470,1,2,2,5,At risk
12801,2010-07-27 09:38:00,1,1071.82,501,1,1,3,5,At risk
12802,2011-06-06 09:36:00,7,2416.42,187,2,3,4,9,Loyal
12803,2010-11-11 14:57:00,1,1092.81,393,1,1,3,5,At risk
12804,2010-08-31 11:58:00,2,325.37,466,1,2,1,4,At risk
12805,2010-11-23 12:27:00,4,1434.95,382,1,3,3,7,Needs attention
12806,2010-09-30 13:34:00,4,2878.96,435,1,3,4,8,Needs attention
12807,2010-11-21 14:21:00,1,330.35,383,1,1,1,3,At risk
12808,2011-11-03 10:05:00,5,906.1,37,3,3,3,9,Loyal
12809,2011-06-15 10:51:00,3,1755.94,178,2,2,3,7,Needs attention
12810,2010-06-23 10:53:00,2,534.99,535,1,2,2,5,At risk
12811,2011-03-24 09:42:00,5,1033.9,261,2,3,3,8,Needs attention
12812,2011-10-26 09:54:00,1,229.64000000000001,45,3,1,1,5,At risk
12813,2010-07-26 09:50:00,3,1687.8,502,1,2,3,6,Needs attention
12814,2011-08-30 12:11:00,1,125.92,102,2,1,1,4,At risk
12815,2011-07-15 10:21:00,2,1063.46,148,2,2,3,7,Needs attention
12816,2011-09-05 12:41:00,2,572.2,96,3,2,2,7,Needs attention
12817,2011-03-03 16:28:00,3,690.98,281,2,2,2,6,Needs attention
12818,2011-03-23 12:06:00,1,1542.08,262,2,1,3,6,Needs attention
12819,2010-09-07 15:20:00,1,540.52,458,1,1,2,4,At risk
12820,2011-12-06 15:12:00,11,2689.52,3,4,4,4,12,Champions
12821,2011-05-09 15:51:00,2,220.8,214,2,2,1,5,At risk
12822,2011-09-30 10:04:00,2,948.88,71,3,2,3,8,Needs attention
12823,2011-09-26 07:35:00,18,6501.5,75,3,4,4,11,Champions
12824,2011-10-11 12:49:00,1,397.12,60,3,1,2,6,Needs attention
12825,2010-07-06 13:56:00,2,518.63,521,1,2,2,5,At risk
12826,2011-12-07 10:25:00,12,2955.75,3,4,4,4,12,Champions
12827,2011-12-04 12:17:00,3,430.15000000000003,6,4,2,2,8,Needs attention
12828,2011-12-07 08:45:00,6,1018.71,3,4,3,3,10,Loyal
12829,2011-01-07 11:13:00,3,385.3,337,2,2,2,6,Needs attention
12830,2011-11-02 11:54:00,6,6814.64,38,3,3,4,10,Loyal
12831,2011-03-22 13:02:00,3,451.11,262,2,2,2,6,Needs attention
12832,2011-11-07 13:30:00,2,383.03,32,3,2,2,7,Needs attention
12833,2011-07-17 13:46:00,1,417.38,145,2,1,2,5,At risk
12834,2011-03-02 09:49:00,1,312.38,283,2,1,1,4,At risk
12835,2010-10-08 10:59:00,41,5996.83,428,1,4,4,9,Loyal
12836,2011-10-11 15:10:00,15,6559.7300000000005,59,3,4,4,11,Champions
12837,2011-06-19 16:07:00,2,662.66,173,2,2,2,6,Needs attention
12838,2011-11-06 12:20:00,10,3366.7,34,3,4,4,11,Champions
12839,2011-12-07 12:33:00,26,10071.73,3,4,4,4,12,Champions
12840,2011-07-19 09:29:00,7,4041.97,144,2,3,4,9,Loyal
12841,2011-12-05 11:13:00,40,7464.19,5,4,4,4,12,Champions
12842,2011-09-30 15:33:00,4,1917.99,70,3,3,3,9,Loyal
12843,2011-10-05 12:09:00,30,6583.36,66,3,4,4,11,Champions
12844,2011-11-10 13:31:00,4,648.6,29,3,3,2,8,Needs attention
12845,2011-03-17 13:34:00,4,354.09,267,2,3,2,7,Needs attention
12846,2010-01-26 16:29:00,1,15.58,682,1,1,1,3,At risk
12847,2011-11-17 13:16:00,2,1609.0,22,4,2,3,9,Loyal
12848,2010-02-02 12:45:00,1,208.0,676,1,1,1,3,At risk
12849,2011-11-08 13:41:00,6,3042.47,31,3,3,4,10,Loyal
12850,2010-09-20 12:26:00,1,330.0,446,1,1,1,3,At risk
12851,2011-09-04 12:41:00,2,280.76,97,2,2,1,5,At risk
12852,2011-02-18 08:47:00,1,311.55,295,2,1,1,4,At risk
12853,2011-07-28 11:29:00,11,3907.5,135,2,4,4,10,Loyal
12854,2011-09-22 12:15:00,7,2970.9700000000003,79,3,3,4,10,Loyal
12855,2010-12-02 09:37:00,4,650.9399999999999,373,2,3,2,7,Needs attention
12856,2011-12-02 10:52:00,6,2170.78,8,4,3,3,10,Loyal
12857,2011-05-13 10:20:00,6,3688.0,211,2,3,4,9,Loyal
12858,2010-11-21 12:55:00,1,147.27,383,1,1,1,3,At risk
12859,2010-09-07 12:20:00,1,575.1,459,1,1,2,4,At risk
12860,2010-01-15 15:22:00,1,54.22,693,1,1,1,3,At risk
12861,2010-03-30 11:39:00,1,68.25,620,1,1,1,3,At risk
12862,2010-10-10 11:47:00,2,984.62,426,1,2,3,6,Needs attention
12863,2011-10-18 14:15:00,6,2792.5499999999997,52,3,3,4,10,Loyal
12864,2011-07-24 13:03:00,2,299.57,138,2,2,1,5,At risk
12865,2011-11-13 14:31:00,4,3323.47,26,4,3,4,11,Champions
12866,2011-03-01 14:11:00,3,1227.35,283,2,2,3,7,Needs attention
12867,2011-11-13 15:30:00,13,7829.26,26,4,4,4,12,Champions
12868,2011-06-07 10:42:00,8,2247.06,186,2,4,3,9,Loyal
12869,2010-01-27 12:10:00,1,337.66999999999996,682,1,1,1,3,At risk
12870,2010-11-29 13:42:00,3,1676.95,375,2,2,3,7,Needs attention
12871,2011-09-16 15:07:00,3,744.02,84,3,2,2,7,Needs attention
12872,2011-01-17 10:52:00,12,3662.4900000000002,327,2,4,4,10,Loyal
12873,2011-03-02 14:58:00,3,2027.3,282,2,2,3,7,Needs attention
12874,2010-11-19 15:23:00,2,948.42,385,1,2,3,6,Needs attention
12875,2011-07-19 15:30:00,5,1356.99,143,2,3,3,8,Needs attention
12876,2011-10-13 12:26:00,4,4081.79,58,3,3,4,10,Loyal
12877,2011-12-06 10:30:00,20,2942.14,4,4,4,4,12,Champions
12878,2011-04-17 13:07:00,2,854.99,236,2,2,2,6,Needs attention
12879,2011-10-26 12:24:00,3,573.22,45,3,2,2,7,Needs attention
12880,2010-11-23 10:50:00,2,640.13,382,1,2,2,5,At risk
12881,2011-03-09 11:44:00,1,298.0,276,2,1,1,4,At risk
12882,2011-11-30 16:18:00,2,1463.04,9,4,2,3,9,Loyal
12883,2011-11-15 09:32:00,4,703.47,25,4,3,2,9,Loyal
12884,2011-09-12 13:10:00,1,309.05,88,3,1,1,5,At risk
12885,2011-10-07 13:40:00,3,1175.22,63,3,2,3,8,Needs attention
12886,2011-10-03 10:09:00,2,1378.4,68,3,2,3,8,Needs attention
12887,2010-11-21 11:18:00,1,222.4,384,1,1,1,3,At risk
12888,2011-05-09 16:02:00,2,354.12,214,2,2,2,6,Needs attention
12889,2010-11-23 16:08:00,4,385.46000000000004,381,1,3,2,6,Needs attention
12890,2011-11-15 17:26:00,2,706.02,24,4,2,2,8,Needs attention
12891,2011-06-07 12:31:00,11,840.5,186,2,4,2,8,Needs attention
12892,2010-11-08 09:51:00,1,263.38,397,1,1,1,3,At risk
12893,2011-11-09 12:34:00,1,176.55,31,3,1,1,5,At risk
12894,2010-05-13 14:47:00,1,157.35,575,1,1,1,3,At risk
12895,2011-10-28 13:51:00,2,372.8,42,3,2,2,7,Needs attention
12897,2011-05-19 12:13:00,4,514.25,205,2,3,2,7,Needs attention
12898,2010-09-02 08:08:00,2,296.21000000000004,464,1,2,1,4,At risk
12899,2010-10-22 09:53:00,1,366.4,414,1,1,2,4,At risk
12900,2010-10-13 15:17:00,1,340.33,422,1,1,1,3,At risk
12901,2011-12-01 10:07:00,28,17654.54,9,4,4,4,12,Champions
12902,2011-03-20 12:06:00,1,138.68,265,2,1,1,4,At risk
12903,2010-10-07 12:39:00,1,833.53,429,1,1,2,4,At risk
12904,2011-11-21 14:34:00,2,496.06,18,4,2,2,8,Needs attention
12905,2010-05-12 10:05:00,2,1018.42,577,1,2,3,6,Needs attention
12906,2011-11-28 09:55:00,5,2919.81,12,4,3,4,11,Champions
12907,2010-11-09 12:08:00,2,508.91,396,1,2,2,5,At risk
12908,2011-06-16 15:39:00,5,1776.0,176,2,3,3,8,Needs attention
12909,2011-10-31 12:43:00,8,3103.19,40,3,4,4,11,Champions
12910,2011-11-16 14:28:00,13,5796.52,23,4,4,4,12,Champions
12911,2010-06-06 12:13:00,1,1651.72,552,1,1,3,5,At risk
12912,2011-12-07 08:55:00,5,1662.3,3,4,3,3,10,Loyal
12913,2011-12-05 12:11:00,13,6700.860000000001,5,4,4,4,12,Champions
12914,2010-11-04 12:28:00,1,223.98,401,1,1,1,3,At risk
12915,2011-07-14 11:34:00,4,1174.75,149,2,3,3,8,Needs attention
12916,2011-07-24 10:35:00,7,4479.73,139,2,3,4,9,Loyal
12917,2011-08-03 16:42:00,6,4359.2,128,2,3,4,9,Loyal
12918,2010-03-23 15:22:00,1,10953.5,626,1,1,4,6,Needs attention
12919,2011-12-01 13:47:00,6,1335.19,8,4,3,3,10,Loyal
12920,2011-11-22 15:05:00,4,486.64,17,4,3,2,9,Loyal
12921,2011-11-30 16:22:00,74,35921.04,9,4,4,4,12,Champions
12922,2011-07-01 15:35:00,1,405.38,161,2,1,2,5,At risk
12923,2011-10-06 16:20:00,3,770.42,64,3,2,2,7,Needs attention
12924,2011-09-12 13:55:00,12,2469.4,88,3,4,4,11,Champions
12925,2011-12-05 11:11:00,3,729.3299999999999,5,4,2,2,8,Needs attention
12926,2010-10-24 15:57:00,4,1523.97,411,1,3,3,7,Needs attention
12927,2010-11-10 10:02:00,1,197.31,395,1,1,1,3,At risk
12928,2011-11-04 14:24:00,12,4304.89,35,3,4,4,11,Champions
12929,2011-02-01 12:08:00,1,117.85,312,2,1,1,4,At risk
12930,2011-09-22 15:18:00,2,415.8,78,3,2,2,7,Needs attention
12931,2011-11-18 12:39:00,57,92347.34,22,4,4,4,12,Champions
12932,2010-06-18 14:22:00,8,1698.56,539,1,4,3,8,Needs attention
12933,2011-11-15 16:38:00,8,1636.6299999999999,24,4,4,3,11,Champions
12934,2009-12-03 10:51:00,1,181.65,737,1,1,1,3,At risk
12935,2011-12-07 17:25:00,15,4243.86,2,4,4,4,12,Champions
12936,2011-11-22 17:32:00,4,1063.9,17,4,3,3,10,Loyal
12937,2011-11-24 15:05:00,9,3097.61,15,4,4,4,12,Champions
12938,2011-11-14 11:21:00,1,114.14,26,4,1,1,6,Needs attention
12939,2011-10-06 14:33:00,20,25264.8,64,3,4,4,11,Champions
12940,2011-10-16 12:09:00,2,899.69,55,3,2,3,8,Needs attention
12941,2009-12-15 13:12:00,1,377.49,724,1,1,2,4,At risk
12942,2011-07-31 14:39:00,3,934.35,131,2,2,3,7,Needs attention
12943,2010-05-30 13:52:00,2,496.5,558,1,2,2,5,At risk
12944,2011-11-04 11:04:00,2,604.51,36,3,2,2,7,Needs attention
12945,2011-02-24 14:15:00,2,900.11,288,2,2,3,7,Needs attention
12946,2010-09-29 10:14:00,1,324.45,437,1,1,1,3,At risk
12947,2011-07-19 10:06:00,6,1908.03,144,2,3,3,8,Needs attention
12948,2011-11-23 17:10:00,9,2317.43,16,4,4,4,12,Champions
12949,2011-11-09 11:25:00,22,15526.7,31,3,4,4,11,Champions
12950,2011-12-07 13:17:00,3,1843.0,2,4,2,3,9,Loyal
12951,2011-12-01 12:14:00,15,3213.7200000000003,9,4,4,4,12,Champions
12952,2011-12-04 10:35:00,4,1387.79,6,4,3,3,10,Loyal
12953,2011-11-30 09:24:00,2,828.8100000000001,10,4,2,2,8,Needs attention
12954,2010-03-11 10:16:00,1,162.45,639,1,1,1,3,At risk
12955,2011-12-08 16:29:00,11,4757.16,1,4,4,4,12,Champions
12956,2011-02-06 16:08:00,4,521.89,306,2,3,2,7,Needs attention
12957,2011-11-30 09:53:00,13,8706.97,10,4,4,4,12,Champions
12958,2010-11-04 16:16:00,2,467.34,400,1,2,2,5,At risk
12959,2010-08-12 17:20:00,1,150.95,484,1,1,1,3,At risk
12960,2010-10-22 09:31:00,4,1322.07,414,1,3,3,7,Needs attention
12961,2010-11-25 16:44:00,1,211.99,379,2,1,1,4,At risk
12962,2011-12-02 15:55:00,2,266.39,7,4,2,1,7,Needs attention
12963,2011-12-01 12:55:00,12,3601.59,8,4,4,4,12,Champions
12964,2010-09-28 17:47:00,1,132.24,437,1,1,1,3,At risk
12965,2011-09-11 15:31:00,1,769.8100000000001,89,3,1,2,6,Needs attention
12966,2011-11-30 12:38:00,1,160.18,10,4,1,1,6,Needs attention
12967,2010-12-16 19:10:00,3,4306.92,358,2,2,4,8,Needs attention
12968,2011-08-19 15:44:00,1,135.95,112,2,1,1,4,At risk
12969,2010-04-16 10:50:00,1,122.45,603,1,1,1,3,At risk
12970,2011-12-02 14:30:00,10,1453.6,7,4,4,3,11,Champions
12971,2011-12-06 12:20:00,116,15972.79,4,4,4,4,12,Champions
12972,2010-10-22 08:41:00,4,1161.2,414,1,3,3,7,Needs attention
12973,2010-10-22 10:14:00,1,385.55,414,1,1,2,4,At risk
12974,2011-05-26 09:33:00,2,408.95,198,2,2,2,6,Needs attention
12975,2010-09-29 09:46:00,6,2100.09,437,1,3,3,7,Needs attention
12976,2011-05-12 09:55:00,8,3156.38,212,2,4,4,10,Loyal
12977,2011-07-06 16:40:00,4,513.88,156,2,3,2,7,Needs attention
12978,2010-11-19 14:29:00,5,2502.82,385,1,3,4,8,Needs attention
12979,2009-12-10 15:45:00,1,517.7,729,1,1,2,4,At risk
12980,2011-07-05 09:34:00,21,16245.78,158,2,4,4,10,Loyal
12981,2011-11-10 12:00:00,2,372.21999999999997,30,3,2,2,7,Needs attention
12982,2011-04-11 11:51:00,8,2744.81,243,2,4,4,10,Loyal
12983,2010-04-20 12:58:00,1,490.08000000000004,598,1,1,2,4,At risk
12984,2011-11-21 12:37:00,1,97.5,19,4,1,1,6,Needs attention
12985,2011-12-09 10:46:00,2,1239.38,1,4,2,3,9,Loyal
12986,2010-10-07 11:57:00,10,2729.84,429,1,4,4,9,Loyal
12987,2011-09-27 12:03:00,5,1312.21,74,3,3,3,9,Loyal
12988,2011-02-20 14:31:00,1,505.82,292,2,1,2,5,At risk
12989,2011-12-06 15:28:00,33,13551.75,3,4,4,4,12,Champions
12990,2011-11-08 13:01:00,7,955.5,31,3,3,3,9,Loyal
12991,2011-11-16 15:34:00,3,764.82,23,4,2,2,8,Needs attention
12992,2009-12-14 16:46:00,1,93.35000000000001,725,1,1,1,3,At risk
12993,2011-11-16 15:49:00,8,1259.6299999999999,23,4,4,3,11,Champions
12994,2011-12-05 15:43:00,3,974.4200000000001,4,4,2,3,9,Loyal
12995,2011-09-15 15:44:00,1,211.32,85,3,1,1,5,At risk
12996,2010-11-29 09:27:00,1,355.5,376,2,1,2,5,At risk
12997,2011-11-17 15:47:00,8,2110.91,22,4,4,3,11,Champions
12998,2010-08-04 08:05:00,3,920.08,493,1,2,3,6,Needs attention
12999,2011-05-27 13:24:00,3,455.88,196,2,2,2,6,Needs attention
13000,2011-08-25 10:43:00,4,1032.5,107,2,3,3,8,Needs attention
13001,2011-12-05 14:51:00,33,24042.65,4,4,4,4,12,Champions
13002,2011-01-25 15:18:00,3,414.13,318,2,2,2,6,Needs attention
13003,2011-08-26 10:50:00,3,149.05,106,2,2,1,5,At risk
13004,2011-11-28 11:27:00,36,11650.85,12,4,4,4,12,Champions
13005,2011-06-19 10:53:00,4,999.68,174,2,3,3,8,Needs attention
13006,2011-10-14 13:49:00,1,81.57,56,3,1,1,5,At risk
13007,2010-05-09 10:38:00,1,175.25,580,1,1,1,3,At risk
13008,2011-01-20 14:24:00,3,612.13,323,2,2,2,6,Needs attention
13009,2010-02-05 12:22:00,1,234.0,673,1,1,1,3,At risk
13010,2010-11-30 15:09:00,2,330.12,374,2,2,1,5,At risk
13011,2010-12-02 17:22:00,1,101.10000000000001,372,2,1,1,4,At risk
13012,2011-11-30 13:05:00,11,2957.83,9,4,4,4,12,Champions
13013,2011-12-08 15:01:00,29,12625.77,1,4,4,4,12,Champions
13014,2011-11-29 12:27:00,11,5381.08,11,4,4,4,12,Champions
13015,2011-10-17 13:19:00,11,6579.78,53,3,4,4,11,Champions
13016,2011-09-27 14:08:00,3,789.89,73,3,2,2,7,Needs attention
13017,2011-12-02 15:53:00,1,204.0,7,4,1,1,6,Needs attention
13018,2011-11-23 13:28:00,35,9763.16,16,4,4,4,12,Champions
13019,2010-11-25 14:56:00,6,1229.95,379,2,3,3,8,Needs attention
13020,2010-05-26 11:12:00,2,618.96,563,1,2,2,5,At risk
13021,2011-12-05 16:37:00,17,4887.24,4,4,4,4,12,Champions
13022,2010-10-06 10:50:00,1,65.3,430,1,1,1,3,At risk
13023,2011-10-06 16:27:00,3,1449.03,64,3,2,3,8,Needs attention
13024,2010-08-26 09:42:00,2,555.87,471,1,2,2,5,At risk
13025,2009-12-08 10:02:00,1,323.39,732,1,1,1,3,At risk
13026,2011-12-08 16:58:00,9,1733.08,1,4,4,3,11,Champions
13027,2011-08-18 09:39:00,19,17239.2,114,2,4,4,10,Loyal
13028,2011-11-17 11:10:00,2,661.3199999999999,23,4,2,2,8,Needs attention
13029,2011-11-09 09:13:00,5,1927.3,31,3,3,3,9,Loyal
13030,2011-11-28 14:30:00,2,1154.8,11,4,2,3,9,Loyal
13031,2010-10-28 15:34:00,5,3292.84,407,1,3,4,8,Needs attention
13032,2011-10-18 15:54:00,9,2815.96,52,3,4,4,11,Champions
13033,2010-12-17 14:23:00,2,220.55,357,2,2,1,5,At risk
13034,2011-10-16 12:21:00,3,922.68,55,3,2,3,8,Needs attention
13035,2011-09-27 08:57:00,3,1364.2,74,3,2,3,8,Needs attention
13036,2010-01-24 11:35:00,1,307.1,685,1,1,1,3,At risk
13037,2011-07-24 15:46:00,12,3914.9500000000003,138,2,4,4,10,Loyal
13038,2011-09-20 14:37:00,3,908.46,80,3,2,3,8,Needs attention
13039,2010-05-04 16:45:00,4,1010.73,584,1,3,3,7,Needs attention
13040,2011-12-01 10:38:00,2,676.99,9,4,2,2,8,Needs attention
13041,2010-09-15 11:44:00,4,799.13,451,1,3,2,6,Needs attention
13042,2010-04-20 13:43:00,3,1488.59,598,1,2,3,6,Needs attention
13043,2011-03-11 14:52:00,1,516.42,273,2,1,2,5,At risk
13044,2011-02-21 15:20:00,11,4848.05,291,2,4,4,10,Loyal
13045,2011-09-01 15:04:00,3,808.92,99,2,2,2,6,Needs attention
13046,2011-11-09 08:36:00,3,949.25,31,3,2,3,8,Needs attention
13047,2011-11-08 12:06:00,24,8795.16,32,3,4,4,11,Champions
13048,2011-11-25 13:23:00,9,4049.13,14,4,4,4,12,Champions
13049,2011-10-06 15:31:00,4,1408.24,64,3,3,3,9,Loyal
13050,2011-11-25 09:18:00,35,12314.53,15,4,4,4,12,Champions
13051,2010-05-10 09:14:00,2,155.8,579,1,2,1,4,At risk
13052,2011-05-11 14:12:00,7,3119.33,212,2,3,4,9,Loyal
13053,2010-03-28 11:28:00,1,127.65,622,1,1,1,3,At risk
13055,2011-09-22 14:26:00,4,2321.11,78,3,3,4,10,Loyal
13056,2010-06-06 14:10:00,1,209.48,551,1,1,1,3,At risk
13057,2010-06-27 15:44:00,3,709.59,530,1,2,2,5,At risk
13058,2011-11-15 12:43:00,3,271.40000000000003,25,4,2,1,7,Needs attention
13059,2011-04-04 10:40:00,10,2291.77,250,2,4,3,9,Loyal
13060,2011-03-31 11:37:00,1,307.53,254,2,1,1,4,At risk
13061,2011-09-28 16:04:00,1,248.61,72,3,1,1,5,At risk
13062,2011-06-01 15:12:00,1,346.98,191,2,1,2,5,At risk
13063,2010-08-16 12:27:00,1,188.4,481,1,1,1,3,At risk
13064,2011-11-27 12:31:00,6,1666.8400000000001,13,4,3,3,10,Loyal
13065,2010-12-01 16:52:00,5,1260.91,373,2,3,3,8,Needs attention
13066,2011-11-15 12:57:00,2,470.8,24,4,2,2,8,Needs attention
13067,2011-09-18 13:38:00,3,508.51,82,3,2,2,7,Needs attention
13068,2011-11-29 15:00:00,2,344.0,10,4,2,1,7,Needs attention
13069,2011-12-09 08:39:00,38,9616.95,1,4,4,4,12,Champions
13070,2011-05-31 13:45:00,4,751.7,192,2,3,2,7,Needs attention
13071,2010-04-06 13:37:00,1,129.22,612,1,1,1,3,At risk
13072,2011-03-18 08:12:00,1,177.15,267,2,1,1,4,At risk
13073,2010-10-24 14:06:00,2,418.08,411,1,2,2,5,At risk
13074,2010-07-16 16:53:00,4,1378.74,511,1,3,3,7,Needs attention
13075,2011-08-02 10:19:00,1,919.61,130,2,1,3,6,Needs attention
13076,2010-09-08 10:27:00,1,135.4,458,1,1,1,3,At risk
13077,2011-12-08 19:24:00,11,3054.37,1,4,4,4,12,Champions
13078,2011-12-06 15:36:00,57,29532.45,3,4,4,4,12,Champions
13079,2011-12-05 16:53:00,6,419.18,4,4,3,2,9,Loyal
13080,2011-06-13 14:59:00,4,280.73,179,2,3,1,6,Needs attention
13081,2011-11-28 10:54:00,28,59205.15,12,4,4,4,12,Champions
13082,2011-08-05 16:16:00,21,7335.75,126,2,4,4,10,Loyal
13083,2011-12-05 15:01:00,3,395.43,4,4,2,2,8,Needs attention
13084,2010-08-05 08:49:00,1,122.39999999999999,492,1,1,1,3,At risk
13085,2011-07-05 12:11:00,8,2433.28,158,2,4,4,10,Loyal
13086,2010-11-22 10:28:00,1,439.33000000000004,383,1,1,2,4,At risk
13087,2009-12-13 15:16:00,1,313.64,726,1,1,1,3,At risk
13088,2010-10-18 15:35:00,1,236.11,417,1,1,1,3,At risk
13089,2011-12-07 09:02:00,203,116647.53,3,4,4,4,12,Champions
13090,2011-12-01 12:39:00,24,14100.14,9,4,4,4,12,Champions
13091,2011-11-11 15:54:00,3,2321.82,28,3,2,4,9,Loyal
13092,2011-09-30 11:18:00,12,2140.28,71,3,4,3,10,Loyal
13093,2011-03-09 12:14:00,55,54943.65,276,2,4,4,10,Loyal
13094,2011-11-18 14:07:00,13,2433.1200000000003,21,4,4,4,12,Champions
13095,2011-09-30 12:03:00,1,74.39999999999999,71,3,1,1,5,At risk
13096,2010-11-10 14:08:00,1,419.70000000000005,394,1,1,2,4,At risk
13097,2011-11-07 10:43:00,28,13324.1,33,3,4,4,11,Champions
13098,2011-12-08 14:14:00,28,28882.44,1,4,4,4,12,Champions
13099,2011-09-01 17:40:00,1,207.35999999999999,99,2,1,1,4,At risk
13101,2011-04-19 14:37:00,4,695.4,234,2,3,2,7,Needs attention
13102,2011-12-08 12:52:00,37,11696.92,1,4,4,4,12,Champions
13103,2011-10-31 09:38:00,3,709.64,40,3,2,2,7,Needs attention
13104,2011-12-06 13:10:00,9,1709.1,3,4,4,3,11,Champions
13105,2010-09-29 13:41:00,1,72.0,436,1,1,1,3,At risk
13106,2011-07-29 15:12:00,2,603.46,133,2,2,2,6,Needs attention
13107,2011-10-26 14:52:00,9,5253.07,44,3,4,4,11,Champions
13108,2010-12-02 10:35:00,2,1098.52,373,2,2,3,7,Needs attention
13109,2011-10-11 10:16:00,3,1134.03,60,3,2,3,8,Needs attention
13110,2011-11-08 14:30:00,12,2957.4700000000003,31,3,4,4,11,Champions
13111,2009-12-21 09:00:00,1,321.88000000000005,719,1,1,1,3,At risk
13112,2010-06-16 17:03:00,1,20.6,541,1,1,1,3,At risk
13113,2011-12-09 12:49:00,37,18603.04,1,4,4,4,12,Champions
13114,2009-12-09 09:56:00,1,234.38,731,1,1,1,3,At risk
13115,2011-11-28 12:38:00,10,5494.7,12,4,4,4,12,Champions
13116,2011-07-24 14:33:00,1,501.14,138,2,1,2,5,At risk
13117,2011-11-18 12:02:00,18,2643.81,22,4,4,4,12,Champions
13118,2011-11-20 12:46:00,9,2415.41,20,4,4,4,12,Champions
13119,2010-02-09 08:38:00,1,134.9,669,1,1,1,3,At risk
13120,2011-04-15 10:19:00,1,30.599999999999998,239,2,1,1,4,At risk
13121,2011-03-15 16:47:00,1,283.73,269,2,1,1,4,At risk
13122,2011-09-06 15:53:00,2,922.39,94,3,2,3,8,Needs attention
13123,2010-08-24 10:18:00,2,506.75,473,1,2,2,5,At risk
13124,2011-09-11 12:45:00,4,4641.66,90,3,3,4,10,Loyal
13125,2010-07-04 11:58:00,1,148.62,524,1,1,1,3,At risk
13126,2011-12-05 10:00:00,13,3998.25,5,4,4,4,12,Champions
13127,2011-09-23 10:26:00,1,259.17,78,3,1,1,5,At risk
13128,2010-03-18 15:08:00,1,263.5,631,1,1,1,3,At risk
13129,2010-09-13 13:47:00,2,233.25,452,1,2,1,4,At risk
13130,2011-09-06 15:30:00,1,64.0,94,3,1,1,5,At risk
13131,2011-11-16 13:21:00,7,3313.77,23,4,3,4,11,Champions
13132,2011-03-23 12:44:00,1,77.3,262,2,1,1,4,At risk
13133,2011-03-11 10:31:00,3,200.45000000000002,274,2,2,1,5,At risk
13134,2011-09-15 10:35:00,6,2475.23,86,3,3,4,10,Loyal
13135,2011-05-27 10:52:00,2,3371.45,197,2,2,4,8,Needs attention
13136,2011-10-14 13:41:00,13,6274.56,56,3,4,4,11,Champions
13137,2011-11-29 12:09:00,16,7586.94,11,4,4,4,12,Champions
13138,2011-11-17 16:51:00,7,1467.24,22,4,3,3,10,Loyal
13139,2011-11-23 13:54:00,8,8202.98,16,4,4,4,12,Champions
13140,2011-08-23 15:33:00,5,1213.18,108,2,3,3,8,Needs attention
13141,2011-09-16 09:54:00,17,7656.08,85,3,4,4,11,Champions
13142,2011-11-20 16:07:00,1,307.09,19,4,1,1,6,Needs attention
13143,2010-05-04 12:22:00,1,405.1,585,1,1,2,4,At risk
13144,2011-01-11 11:15:00,2,135.35,333,2,2,1,5,At risk
13145,2011-10-31 12:45:00,7,1423.52,40,3,3,3,9,Loyal
13146,2011-11-13 15:29:00,1,228.91,26,3,1,1,5,At risk
13147,2011-11-29 13:59:00,4,712.8000000000001,10,4,3,2,9,Loyal
13148,2011-11-10 15:23:00,26,8497.82,29,3,4,4,11,Champions
13149,2011-11-25 13:09:00,4,1676.06,14,4,3,3,10,Loyal
13150,2010-08-12 12:59:00,3,449.96999999999997,484,1,2,2,5,At risk
13151,2011-02-17 12:29:00,3,2465.21,296,2,2,4,8,Needs attention
13152,2010-10-18 13:44:00,7,2146.38,417,1,3,3,7,Needs attention
13153,2011-12-04 12:14:00,1,486.22,6,4,1,2,7,Needs attention
13154,2010-11-05 16:00:00,3,1624.84,399,1,2,3,6,Needs attention
13155,2011-11-06 15:41:00,6,1750.18,33,3,3,3,9,Loyal
13156,2010-11-19 13:09:00,3,1586.54,385,1,2,3,6,Needs attention
13157,2011-10-21 13:50:00,9,5687.36,49,3,4,4,11,Champions
13158,2011-09-06 11:58:00,5,1508.18,95,3,3,3,9,Loyal
13159,2011-12-01 11:20:00,4,1429.35,9,4,3,3,10,Loyal
13160,2011-11-17 13:07:00,1,91.8,22,4,1,1,6,Needs attention
13161,2011-01-30 14:03:00,2,472.13,313,2,2,2,6,Needs attention
13162,2011-08-09 15:59:00,16,9275.49,122,2,4,4,10,Loyal
13163,2010-04-08 16:21:00,1,17.65,610,1,1,1,3,At risk
13164,2010-05-19 13:52:00,2,372.2,569,1,2,2,5,At risk
13165,2011-10-24 15:05:00,3,1451.16,46,3,2,3,8,Needs attention
13166,2011-03-01 15:16:00,2,875.93,283,2,2,2,6,Needs attention
13167,2011-11-21 12:24:00,5,1125.15,19,4,3,3,10,Loyal
13168,2011-11-03 12:56:00,5,1840.73,36,3,3,3,9,Loyal
13169,2011-10-07 12:11:00,3,840.08,64,3,2,2,7,Needs attention
13170,2011-11-13 12:19:00,1,108.81,27,3,1,1,5,At risk
13171,2011-11-18 10:27:00,3,468.41,22,4,2,2,8,Needs attention
13172,2010-11-04 15:10:00,1,69.6,400,1,1,1,3,At risk
13173,2011-12-05 15:51:00,11,2565.76,4,4,4,4,12,Champions
13174,2011-11-23 14:35:00,12,9364.42,16,4,4,4,12,Champions
13175,2010-05-06 13:13:00,2,831.45,582,1,2,2,5,At risk
13176,2011-10-24 15:43:00,1,481.49,46,3,1,2,6,Needs attention
13177,2011-10-06 09:56:00,2,512.2,65,3,2,2,7,Needs attention
13178,2011-11-13 16:14:00,21,14059.19,26,3,4,4,11,Champions
13179,2010-03-31 11:40:00,1,572.3100000000001,619,1,1,2,4,At risk
13180,2010-04-11 13:37:00,1,86.10000000000001,607,1,1,1,3,At risk
13181,2010-11-23 15:05:00,1,359.69,381,1,1,2,4,At risk
13182,2011-10-25 13:46:00,1,121.18,45,3,1,1,5,At risk
13183,2011-12-02 10:30:00,15,7036.18,8,4,4,4,12,Champions
13184,2011-11-25 12:02:00,10,1668.95,15,4,4,3,11,Champions
13185,2011-03-17 11:56:00,1,71.4,268,2,1,1,4,At risk
13186,2011-10-31 11:40:00,3,1575.89,40,3,2,3,8,Needs attention
13187,2011-01-06 18:57:00,4,341.36,337,2,3,1,6,Needs attention
13188,2011-11-28 15:28:00,1,114.60000000000001,11,4,1,1,6,Needs attention
13189,2011-11-21 10:39:00,2,260.68,19,4,2,1,7,Needs attention
13190,2010-06-13 15:47:00,3,570.66,544,1,2,2,5,At risk
13191,2010-02-19 17:02:00,1,164.69,658,1,1,1,3,At risk
13192,2011-09-05 14:13:00,6,2558.58,95,3,3,4,10,Loyal
13193,2011-10-09 14:30:00,1,112.08,61,3,1,1,5,At risk
13194,2011-07-27 09:01:00,2,472.78,136,2,2,2,6,Needs attention
13195,2010-10-21 13:07:00,1,136.73,414,1,1,1,3,At risk
13196,2011-11-28 13:54:00,7,3068.84,11,4,3,4,11,Champions
13197,2010-04-09 09:14:00,1,373.01000000000005,610,1,1,2,4,At risk
13198,2011-11-29 15:17:00,8,4974.2300000000005,10,4,4,4,12,Champions
13199,2011-12-06 12:30:00,67,16432.89,4,4,4,4,12,Champions
13200,2011-11-20 15:35:00,4,870.09,19,4,3,2,9,Loyal
13201,2010-07-25 14:30:00,4,1233.06,502,1,3,3,7,Needs attention
13202,2010-11-10 16:24:00,7,1580.3,394,1,3,3,7,Needs attention
13203,2011-11-30 10:45:00,10,2648.25,10,4,4,4,12,Champions
13204,2009-12-08 14:56:00,1,966.6600000000001,731,1,1,3,5,At risk
13205,2010-09-22 16:26:00,1,2803.2,443,1,1,4,6,Needs attention
13206,2010-11-04 16:50:00,13,8308.19,400,1,4,4,9,Loyal
13207,2011-11-24 14:52:00,4,535.86,15,4,3,2,9,Loyal
13208,2011-10-12 09:54:00,9,1976.3,59,3,4,3,10,Loyal
13209,2011-11-09 13:54:00,13,8509.51,30,3,4,4,11,Champions
13210,2011-09-07 08:18:00,1,353.48,94,3,1,2,6,Needs attention
13211,2011-11-29 14:43:00,10,2618.77,10,4,4,4,12,Champions
13212,2011-11-20 12:40:00,3,786.83,20,4,2,2,8,Needs attention
13213,2011-10-14 11:42:00,11,3851.52,57,3,4,4,11,Champions
13214,2010-10-18 10:00:00,7,3264.23,418,1,3,4,8,Needs attention
13215,2010-11-02 18:26:00,1,81.6,402,1,1,1,3,At risk
13216,2011-03-17 12:18:00,1,333.74,268,2,1,1,4,At risk
13217,2011-08-09 15:32:00,4,666.48,122,2,3,2,7,Needs attention
13218,2011-08-04 16:59:00,1,62.63999999999999,127,2,1,1,4,At risk
13219,2010-03-31 14:18:00,1,76.23,618,1,1,1,3,At risk
13220,2011-09-22 13:38:00,5,1336.0900000000001,78,3,3,3,9,Loyal
13221,2011-04-13 16:58:00,2,847.41,240,2,2,2,6,Needs attention
13222,2010-05-11 13:54:00,1,88.5,577,1,1,1,3,At risk
13223,2011-05-23 13:03:00,6,969.1200000000001,200,2,3,3,8,Needs attention
13224,2011-10-10 14:55:00,2,2155.95,60,3,2,3,8,Needs attention
13225,2011-12-06 13:29:00,16,16260.07,3,4,4,4,12,Champions
13226,2011-03-11 14:35:00,2,312.46,273,2,2,1,5,At risk
13227,2011-05-22 11:47:00,1,257.7,202,2,1,1,4,At risk
13228,2011-09-19 14:28:00,1,358.0,81,3,1,2,6,Needs attention
13229,2011-04-28 12:07:00,1,160.95,226,2,1,1,4,At risk
13230,2011-12-05 16:03:00,30,6213.46,4,4,4,4,12,Champions
13232,2011-11-27 10:39:00,7,1328.35,13,4,3,3,10,Loyal
13233,2011-09-26 13:25:00,4,1176.46,74,3,3,3,9,Loyal
13234,2010-02-05 11:41:00,2,346.5,673,1,2,2,5,At risk
13235,2011-05-11 17:13:00,1,1031.07,212,2,1,3,6,Needs attention
13236,2011-11-15 12:50:00,2,744.85,25,4,2,2,8,Needs attention
13237,2010-11-17 10:07:00,1,643.0,388,1,1,2,4,At risk
13238,2011-11-22 15:37:00,6,1006.63,17,4,3,3,10,Loyal
13239,2011-03-23 10:25:00,5,1594.69,262,2,3,3,8,Needs attention
13240,2011-09-04 14:08:00,8,1699.8600000000001,96,2,4,3,9,Loyal
13241,2010-10-24 11:17:00,1,112.53,412,1,1,1,3,At risk
13242,2011-08-19 12:53:00,7,699.4,112,2,3,2,7,Needs attention
13243,2011-05-20 13:14:00,5,1220.38,203,2,3,3,8,Needs attention
13244,2011-09-08 11:46:00,1,121.74000000000001,93,3,1,1,5,At risk
13245,2011-10-20 11:40:00,2,989.22,51,3,2,3,8,Needs attention
13246,2011-11-21 16:50:00,11,3351.75,18,4,4,4,12,Champions
13247,2011-11-22 10:59:00,4,501.12,18,4,3,2,9,Loyal
13248,2011-08-07 12:40:00,2,465.68,125,2,2,2,6,Needs attention
13249,2011-09-08 13:26:00,9,1608.93,92,3,4,3,10,Loyal
13250,2010-09-05 11:33:00,2,253.09,461,1,2,1,4,At risk
13251,2010-11-02 13:20:00,1,252.68,402,1,1,1,3,At risk
13252,2010-11-10 16:00:00,2,399.3,394,1,2,2,5,At risk
13253,2011-07-06 10:09:00,4,2951.11,157,2,3,4,9,Loyal
13254,2010-11-28 15:42:00,1,51.410000000000004,376,2,1,1,4,At risk
13255,2011-11-30 13:14:00,3,904.46,9,4,2,3,9,Loyal
13257,2010-09-29 14:58:00,1,149.75,436,1,1,1,3,At risk
13258,2011-11-28 09:31:00,5,1009.43,12,4,3,3,10,Loyal
13259,2011-10-09 10:48:00,9,1402.54,62,3,4,3,10,Loyal
13260,2011-10-09 13:21:00,1,557.62,61,3,1,2,6,Needs attention
13261,2011-03-16 12:22:00,2,944.1,269,2,2,3,7,Needs attention
13262,2011-03-21 15:06:00,3,573.45,263,2,2,2,6,Needs attention
13263,2011-12-08 13:59:00,39,8676.2,1,4,4,4,12,Champions
13264,2010-09-23 12:42:00,1,722.5600000000001,443,1,1,2,4,At risk
13265,2011-10-17 15:02:00,5,2092.66,53,3,3,3,9,Loyal
13266,2011-11-28 14:39:00,19,6135.04,11,4,4,4,12,Champions
13267,2011-12-07 11:12:00,36,9758.26,3,4,4,4,12,Champions
13268,2011-11-22 11:51:00,11,3174.75,18,4,4,4,12,Champions
13269,2011-12-08 14:53:00,28,8888.75,1,4,4,4,12,Champions
13270,2010-12-08 14:53:00,1,1180.0,366,2,1,3,6,Needs attention
13271,2011-11-02 14:31:00,1,211.49,37,3,1,1,5,At risk
13272,2011-11-08 14:00:00,2,276.56,31,3,2,1,6,Needs attention
13273,2011-08-18 14:02:00,1,138.98,113,2,1,1,4,At risk
13274,2010-10-26 13:48:00,1,360.85,409,1,1,2,4,At risk
13275,2010-11-21 12:09:00,2,238.86,384,1,2,1,4,At risk
13276,2011-10-07 12:44:00,5,1891.91,64,3,3,3,9,Loyal
13277,2011-11-24 09:21:00,7,523.3,16,4,3,2,9,Loyal
13278,2011-10-30 11:49:00,4,1435.85,41,3,3,3,9,Loyal
13279,2011-09-22 17:24:00,1,137.75,78,3,1,1,5,At risk
13280,2011-08-09 13:14:00,7,2293.33,122,2,3,3,8,Needs attention
13281,2010-09-26 16:03:00,1,350.85,439,1,1,2,4,At risk
13282,2011-11-21 15:33:00,4,1313.19,18,4,3,3,10,Loyal
13283,2011-10-11 09:50:00,4,373.36,60,3,3,2,8,Needs attention
13284,2011-01-13 09:23:00,1,201.19,331,2,1,1,4,At risk
13285,2011-11-16 13:19:00,6,3364.59,23,4,3,4,11,Champions
13286,2010-04-18 15:35:00,1,734.91,600,1,1,2,4,At risk
13287,2010-04-15 15:26:00,3,781.59,603,1,2,2,5,At risk
13288,2010-09-22 16:32:00,5,927.61,443,1,3,3,7,Needs attention
13289,2009-12-16 11:53:00,1,307.95,724,1,1,1,3,At risk
13290,2010-09-27 16:29:00,1,208.63,438,1,1,1,3,At risk
13291,2011-07-07 10:36:00,11,3270.79,156,2,4,4,10,Loyal
13292,2011-11-01 10:04:00,5,994.51,39,3,3,3,9,Loyal
13293,2010-11-12 13:28:00,6,1192.94,392,1,3,3,7,Needs attention
13294,2011-06-03 08:54:00,3,1689.53,190,2,2,3,7,Needs attention
13295,2010-12-15 11:21:00,4,1101.97,360,2,3,3,8,Needs attention
13296,2011-07-25 13:46:00,6,792.51,137,2,3,2,7,Needs attention
13297,2011-12-02 09:32:00,7,4368.62,8,4,3,4,11,Champions
13298,2011-12-08 13:11:00,1,360.0,1,4,1,2,7,Needs attention
13299,2011-03-16 12:55:00,3,1218.7,268,2,2,3,7,Needs attention
13300,2011-06-23 13:09:00,3,1285.51,169,2,2,3,7,Needs attention
13301,2011-08-28 11:25:00,4,618.09,104,2,3,2,7,Needs attention
13302,2011-07-07 17:56:00,2,159.2,155,2,2,1,5,At risk
13303,2010-11-04 14:55:00,1,61.72,400,1,1,1,3,At risk
13304,2010-12-23 14:35:00,4,1217.99,351,2,3,3,8,Needs attention
13305,2011-12-05 15:15:00,16,3752.61,4,4,4,4,12,Champions
13306,2010-10-05 14:55:00,1,53.65,430,1,1,1,3,At risk
13307,2011-08-11 17:14:00,3,273.34,120,2,2,1,5,At risk
13308,2011-11-17 09:31:00,4,1670.3700000000001,23,4,3,3,10,Loyal
13309,2011-12-02 16:34:00,6,1706.3700000000001,7,4,3,3,10,Loyal
13310,2011-11-11 17:23:00,5,1541.2,28,3,3,3,9,Loyal
13311,2011-12-05 12:55:00,2,598.57,4,4,2,2,8,Needs attention
13312,2010-09-14 14:36:00,1,124.75,451,1,1,1,3,At risk
13313,2011-11-17 16:48:00,12,3445.32,22,4,4,4,12,Champions
13314,2011-12-08 12:29:00,3,775.94,2,4,2,2,8,Needs attention
13315,2010-01-19 15:34:00,1,310.26,689,1,1,1,3,At risk
13316,2011-11-02 13:40:00,10,12940.82,37,3,4,4,11,Champions
13317,2011-10-04 13:35:00,19,6486.091,66,3,4,4,11,Champions
13318,2011-12-08 18:51:00,3,640.76,1,4,2,2,8,Needs attention
13319,2011-12-04 13:34:00,58,22082.5,5,4,4,4,12,Champions
13320,2011-09-22 18:07:00,6,2211.6,78,3,3,3,9,Loyal
13321,2011-09-28 15:24:00,2,567.36,72,3,2,2,7,Needs attention
13322,2011-11-22 14:21:00,1,199.48000000000002,17,4,1,1,6,Needs attention
13323,2011-12-06 17:12:00,5,787.85,3,4,3,2,9,Loyal
13324,2011-11-03 16:28:00,18,10513.47,36,3,4,4,11,Champions
13325,2011-09-19 10:36:00,1,675.3,82,3,1,2,6,Needs attention
13326,2010-10-03 16:00:00,1,281.76,432,1,1,1,3,At risk
13327,2011-11-01 10:21:00,20,9879.48,39,3,4,4,11,Champions
13328,2011-01-27 15:22:00,1,1308.48,316,2,1,3,6,Needs attention
13329,2011-11-08 10:29:00,8,5112.97,32,3,4,4,11,Champions
13330,2011-09-08 12:27:00,6,2796.1,93,3,3,4,10,Loyal
13331,2010-11-03 08:04:00,1,262.4,402,1,1,1,3,At risk
13332,2011-11-25 13:30:00,1,350.9,14,4,1,2,7,Needs attention
13333,2010-10-24 13:24:00,3,1015.74,411,1,2,3,6,Needs attention
13334,2011-09-18 15:21:00,5,6201.8,82,3,3,4,10,Loyal
13336,2011-09-23 14:05:00,1,795.12,77,3,1,2,6,Needs attention
13337,2010-06-11 13:27:00,1,1575.26,546,1,1,3,5,At risk
13338,2011-07-05 09:06:00,4,2445.62,158,2,3,4,9,Loyal
13339,2011-05-23 08:31:00,1,860.12,201,2,1,2,5,At risk
13340,2011-10-25 13:15:00,12,22100.56,45,3,4,4,11,Champions
13341,2011-03-24 09:50:00,1,775.85,261,2,1,2,5,At risk
13343,2011-06-15 12:24:00,1,353.43,178,2,1,2,5,At risk
13344,2011-10-03 09:45:00,3,2511.69,68,3,2,4,9,Loyal
13345,2011-02-25 09:01:00,1,389.5,288,2,1,2,5,At risk
13346,2010-09-03 11:41:00,6,299.4,463,1,3,1,5,At risk
13347,2011-09-30 13:28:00,1,341.36,70,3,1,1,5,At risk
13348,2011-10-06 17:28:00,1,233.76,64,3,1,1,5,At risk
13349,2011-11-29 08:07:00,1,247.32,11,4,1,1,6,Needs attention
13350,2011-11-23 16:33:00,2,979.12,16,4,2,3,9,Loyal
13351,2011-10-04 12:55:00,1,373.94,66,3,1,2,6,Needs attention
13352,2011-10-10 13:55:00,1,397.97999999999996,60,3,1,2,6,Needs attention
13354,2011-09-29 13:17:00,1,743.53,71,3,1,2,6,Needs attention
13355,2011-08-09 14:48:00,1,674.7,122,2,1,2,5,At risk
13356,2011-09-20 14:33:00,1,768.24,80,3,1,2,6,Needs attention
13357,2011-03-27 13:56:00,5,3805.5099999999998,257,2,3,4,9,Loyal
13358,2011-03-16 11:52:00,1,439.03,269,2,1,2,5,At risk
13359,2011-10-07 09:30:00,2,1043.31,64,3,2,3,8,Needs attention
13360,2010-10-04 12:37:00,4,1553.65,432,1,3,3,7,Needs attention
13361,2010-08-24 14:56:00,2,1450.5,472,1,2,3,6,Needs attention
13362,2011-11-30 14:41:00,7,5394.07,9,4,3,4,11,Champions
13363,2011-11-22 12:40:00,3,1723.86,18,4,2,3,9,Loyal
13364,2011-09-29 18:13:00,1,134.95999999999998,71,3,1,1,5,At risk
13365,2011-11-06 12:36:00,2,2225.37,34,3,2,3,8,Needs attention
13366,2011-10-20 13:37:00,1,56.160000000000004,50,3,1,1,5,At risk
13367,2010-10-04 10:00:00,1,510.20000000000005,432,1,1,2,4,At risk
13368,2011-03-28 09:59:00,4,1121.5,257,2,3,3,8,Needs attention
13369,2010-12-09 11:30:00,1,616.5600000000001,366,2,1,2,5,At risk
13370,2010-12-03 10:26:00,1,1509.74,372,2,1,3,6,Needs attention
13371,2010-07-22 17:33:00,2,2297.66,505,1,2,3,6,Needs attention
13372,2011-09-11 12:46:00,1,378.64,90,3,1,2,6,Needs attention
13373,2011-10-10 10:51:00,6,7587.1900000000005,61,3,3,4,10,Loyal
13374,2010-10-21 10:04:00,2,422.8,415,1,2,2,5,At risk
13375,2011-09-12 10:19:00,2,1792.23,89,3,2,3,8,Needs attention
13376,2011-09-01 16:16:00,3,1019.76,99,2,2,3,7,Needs attention
13377,2010-11-08 12:20:00,2,1552.88,397,1,2,3,6,Needs attention
13379,2011-11-13 13:45:00,3,572.56,26,3,2,2,7,Needs attention
13380,2010-10-03 10:18:00,1,62.4,433,1,1,1,3,At risk
13381,2011-11-08 11:58:00,12,8224.37,32,3,4,4,11,Champions
13382,2011-03-04 10:03:00,5,1387.58,281,2,3,3,8,Needs attention
13383,2010-06-14 11:45:00,1,305.28000000000003,544,1,1,1,3,At risk
13384,2011-11-09 11:04:00,11,6680.83,31,3,4,4,11,Champions
13385,2011-01-14 09:52:00,1,534.57,330,2,1,2,5,At risk
13386,2010-10-21 12:52:00,2,835.46,414,1,2,2,5,At risk
13387,2010-10-18 14:07:00,1,186.94,417,1,1,1,3,At risk
13388,2011-07-31 12:52:00,3,1185.65,131,2,2,3,7,Needs attention
13389,2011-11-28 14:01:00,3,797.96,11,4,2,2,8,Needs attention
13390,2011-09-26 08:38:00,1,544.08,75,3,1,2,6,Needs attention
13391,2011-05-20 10:50:00,1,59.8,204,2,1,1,4,At risk
13392,2010-01-31 13:34:00,1,91.14,677,1,1,1,3,At risk
13393,2010-05-05 09:34:00,4,1131.45,584,1,3,3,7,Needs attention
13394,2011-12-08 11:36:00,19,6621.7,2,4,4,4,12,Champions
13395,2011-06-07 15:04:00,3,1180.23,185,2,2,3,7,Needs attention
13396,2011-11-10 16:59:00,2,1360.99,29,3,2,3,8,Needs attention
13397,2011-09-28 10:56:00,10,3191.87,73,3,4,4,11,Champions
13398,2011-05-31 13:17:00,2,670.34,192,2,2,2,6,Needs attention
13399,2010-09-01 13:59:00,3,275.4,464,1,2,1,4,At risk
13400,2010-05-06 09:00:00,1,310.83,583,1,1,1,3,At risk
13402,2011-08-04 15:51:00,4,1535.13,127,2,3,3,8,Needs attention
13403,2011-11-22 08:28:00,3,229.5,18,4,2,1,7,Needs attention
13404,2011-12-08 15:37:00,2,252.49,1,4,2,1,7,Needs attention
13405,2011-09-26 17:01:00,6,1213.811,74,3,3,3,9,Loyal
13406,2010-10-08 14:44:00,2,568.92,427,1,2,2,5,At risk
13407,2010-05-10 12:41:00,3,2244.7,579,1,2,3,6,Needs attention
13408,2011-12-08 09:05:00,106,51733.462,2,4,4,4,12,Champions
13410,2011-11-15 15:33:00,9,2201.96,24,4,4,3,11,Champions
13411,2011-08-24 13:57:00,1,213.55,107,2,1,1,4,At risk
13412,2010-03-29 16:28:00,1,487.34999999999997,620,1,1,2,4,At risk
13413,2010-03-10 12:17:00,6,429.44,640,1,3,2,6,Needs attention
13414,2011-07-29 11:45:00,6,2494.14,134,2,3,4,9,Loyal
13415,2010-08-24 11:38:00,4,784.17,473,1,3,2,6,Needs attention
13416,2011-10-27 08:56:00,3,940.8000000000001,44,3,2,3,8,Needs attention
13417,2011-12-05 08:49:00,6,1669.49,5,4,3,3,10,Loyal
13418,2011-11-28 10:23:00,31,12182.9,12,4,4,4,12,Champions
13419,2011-10-07 12:49:00,1,221.06,64,3,1,1,5,At risk
13420,2011-07-13 08:48:00,2,159.85,150,2,2,1,5,At risk
13421,2011-10-30 14:21:00,8,4058.75,40,3,4,4,11,Champions
13422,2011-10-06 13:42:00,1,2626.3,64,3,1,4,8,Needs attention
13423,2010-10-07 09:02:00,1,217.03,429,1,1,1,3,At risk
13424,2010-09-16 10:49:00,1,572.77,450,1,1,2,4,At risk
13425,2011-08-23 17:13:00,5,3390.4300000000003,108,2,3,4,9,Loyal
13426,2011-12-09 08:59:00,22,8167.38,1,4,4,4,12,Champions
13427,2011-11-20 13:02:00,6,1006.53,19,4,3,3,10,Loyal
13428,2011-11-29 14:20:00,3,478.54,10,4,2,2,8,Needs attention
13429,2011-11-29 09:10:00,4,1006.8,11,4,3,3,10,Loyal
13430,2011-11-21 08:19:00,2,679.45,19,4,2,2,8,Needs attention
13431,2011-10-03 13:49:00,8,3316.24,67,3,4,4,11,Champions
13432,2010-05-17 13:18:00,2,439.1,571,1,2,2,5,At risk
13433,2010-07-26 16:55:00,4,658.3199999999999,501,1,3,2,6,Needs attention
13434,2011-09-26 14:30:00,5,1666.8600000000001,74,3,3,3,9,Loyal
13435,2011-12-04 14:45:00,9,4447.33,5,4,4,4,12,Champions
13436,2011-12-08 10:33:00,1,196.89,2,4,1,1,6,Needs attention
13437,2011-11-25 14:00:00,7,3408.06,14,4,3,4,11,Champions
13438,2010-06-10 18:46:00,1,46.5,547,1,1,1,3,At risk
13439,2011-03-29 14:20:00,3,986.61,255,2,2,3,7,Needs attention
13440,2010-10-12 13:11:00,7,1295.25,423,1,3,3,7,Needs attention
13441,2011-09-09 09:38:00,2,720.9,92,3,2,2,7,Needs attention
13442,2010-02-10 14:03:00,3,419.87,667,1,2,2,5,At risk
13443,2010-09-17 12:31:00,6,1273.16,449,1,3,3,7,Needs attention
13444,2010-11-30 13:02:00,2,619.08,374,2,2,2,6,Needs attention
13445,2010-03-23 15:34:00,1,241.89999999999998,626,1,1,1,3,At risk
13446,2010-10-05 18:51:00,11,3881.89,430,1,4,4,9,Loyal
13447,2011-11-16 13:38:00,3,1129.14,23,4,2,3,9,Loyal
13448,2011-11-23 12:33:00,13,9189.89,17,4,4,4,12,Champions
13449,2011-11-16 08:28:00,1,291.88,24,4,1,1,6,Needs attention
13450,2011-11-13 11:54:00,13,4120.04,27,3,4,4,11,Champions
13451,2011-11-13 15:58:00,11,7090.06,26,3,4,4,11,Champions
13452,2011-03-25 14:19:00,3,729.8,259,2,2,2,6,Needs attention
13453,2011-06-27 09:34:00,3,781.6899999999999,166,2,2,2,6,Needs attention
13454,2010-03-08 14:40:00,1,219.87,641,1,1,1,3,At risk
13455,2011-11-15 11:21:00,6,2905.93,25,4,3,4,11,Champions
13456,2011-11-22 09:18:00,6,1766.72,18,4,3,3,10,Loyal
13457,2010-01-20 08:48:00,2,148.22,689,1,2,1,4,At risk
13458,2011-12-02 15:29:00,16,11959.27,7,4,4,4,12,Champions
13459,2010-03-25 10:24:00,2,1160.4099999999999,625,1,2,3,6,Needs attention
13460,2011-11-10 17:17:00,2,183.44,29,3,2,1,6,Needs attention
13461,2011-11-01 09:01:00,6,4160.0,39,3,3,4,10,Loyal
13462,2011-04-01 11:20:00,5,1153.85,253,2,3,3,8,Needs attention
13464,2011-10-12 15:01:00,6,3097.64,58,3,3,4,10,Loyal
13465,2010-09-19 15:13:00,2,931.12,446,1,2,3,6,Needs attention
13466,2011-06-08 16:39:00,5,1013.35,184,2,3,3,8,Needs attention
13467,2011-11-29 10:01:00,2,1071.91,11,4,2,3,9,Loyal
13468,2011-12-08 10:39:00,72,13375.51,2,4,4,4,12,Champions
13469,2010-02-24 15:03:00,1,82.4,653,1,1,1,3,At risk
13470,2011-09-01 14:57:00,2,165.0,99,2,2,1,5,At risk
13471,2011-12-08 15:44:00,4,2501.84,1,4,3,4,11,Champions
13472,2010-09-02 09:41:00,2,592.24,464,1,2,2,5,At risk
13473,2011-10-10 11:20:00,8,2657.7599999999998,61,3,4,4,11,Champions
13474,2011-04-17 13:53:00,3,646.59,236,2,2,2,6,Needs attention
13475,2011-06-01 13:52:00,4,1431.78,191,2,3,3,8,Needs attention
13476,2011-06-14 12:00:00,5,2061.4700000000003,179,2,3,3,8,Needs attention
13477,2011-11-02 12:04:00,11,2819.17,38,3,4,4,11,Champions
13478,2010-08-27 13:23:00,5,2215.78,469,1,3,3,7,Needs attention
13479,2011-05-23 10:45:00,4,851.37,201,2,3,2,7,Needs attention
13480,2010-10-19 11:53:00,2,627.82,417,1,2,2,5,At risk
13481,2011-10-25 09:07:00,11,3830.84,46,3,4,4,11,Champions
13482,2011-04-21 17:03:00,2,336.09,232,2,2,1,5,At risk
13483,2011-10-05 11:53:00,1,140.34,66,3,1,1,5,At risk
13484,2011-04-12 16:30:00,3,790.72,241,2,2,2,6,Needs attention
13485,2011-04-20 13:58:00,11,3019.2200000000003,233,2,4,4,10,Loyal
13486,2011-09-22 13:13:00,3,1122.41,78,3,2,3,8,Needs attention
13487,2011-10-13 12:07:00,5,846.87,58,3,3,2,8,Needs attention
13488,2011-11-22 14:41:00,23,15587.88,17,4,4,4,12,Champions
13489,2011-08-26 13:16:00,4,449.52,105,2,3,2,7,Needs attention
13490,2010-02-23 14:48:00,1,154.25,654,1,1,1,3,At risk
13491,2011-10-19 08:32:00,27,4566.56,52,3,4,4,11,Champions
13492,2011-07-26 14:25:00,3,1269.84,136,2,2,3,7,Needs attention
13493,2011-03-09 15:35:00,2,618.63,275,2,2,2,6,Needs attention
13494,2011-02-01 11:58:00,1,316.26000000000005,312,2,1,1,4,At risk
13495,2011-12-02 11:21:00,10,5374.26,8,4,4,4,12,Champions
13496,2011-11-29 10:58:00,2,653.33,11,4,2,2,8,Needs attention
13497,2011-03-02 09:04:00,6,1320.33,283,2,3,3,8,Needs attention
13498,2009-12-09 15:26:00,1,327.38,730,1,1,1,3,At risk
13499,2011-11-22 11:21:00,5,1159.11,18,4,3,3,10,Loyal
13500,2011-11-16 15:35:00,4,1466.3,23,4,3,3,10,Loyal
13501,2011-02-24 18:59:00,3,2885.11,288,2,2,4,8,Needs attention
13502,2011-11-23 10:39:00,5,780.5,17,4,3,2,9,Loyal
13503,2011-09-29 13:23:00,6,1859.24,71,3,3,3,9,Loyal
13504,2011-10-06 13:20:00,1,295.93,64,3,1,1,5,At risk
13505,2011-09-28 11:56:00,4,4393.63,73,3,3,4,10,Loyal
13506,2011-01-27 13:53:00,5,1639.2,316,2,3,3,8,Needs attention
13507,2011-12-06 13:13:00,4,2479.16,3,4,3,4,11,Champions
13508,2011-04-10 11:58:00,2,287.05,244,2,2,1,5,At risk
13509,2011-12-01 10:10:00,8,1114.72,9,4,4,3,11,Champions
13510,2011-12-08 13:46:00,11,4558.29,1,4,4,4,12,Champions
13511,2010-02-01 12:10:00,1,282.76,677,1,1,1,3,At risk
13512,2011-03-24 10:03:00,4,713.39,261,2,3,2,7,Needs attention
13513,2011-08-05 11:50:00,3,824.59,127,2,2,2,6,Needs attention
13514,2011-09-27 09:39:00,4,815.9000000000001,74,3,3,2,8,Needs attention
13515,2011-09-28 11:26:00,6,1265.82,73,3,3,3,9,Loyal
13516,2011-11-18 13:15:00,4,1685.26,21,4,3,3,10,Loyal
13517,2011-10-11 11:43:00,3,2128.42,60,3,2,3,8,Needs attention
13518,2011-09-15 10:29:00,1,627.16,86,3,1,2,6,Needs attention
13519,2011-09-22 18:24:00,2,343.21,78,3,2,1,6,Needs attention
13520,2011-10-12 10:20:00,11,6909.4,59,3,4,4,11,Champions
13521,2011-12-08 13:50:00,3,1071.73,1,4,2,3,9,Loyal
13522,2011-11-09 15:11:00,1,125.80000000000001,30,3,1,1,5,At risk
13523,2011-11-06 15:11:00,6,5101.52,33,3,3,4,10,Loyal
13524,2011-10-30 12:34:00,5,680.1800000000001,41,3,3,2,8,Needs attention
13525,2011-11-25 12:01:00,2,628.78,15,4,2,2,8,Needs attention
13526,2009-12-01 13:13:00,2,1182.0,738,1,2,3,6,Needs attention
13527,2011-11-06 12:04:00,12,4541.29,34,3,4,4,11,Champions
13529,2011-09-22 09:15:00,2,307.76,79,3,2,1,6,Needs attention
13530,2010-03-15 14:10:00,1,402.97999999999996,634,1,1,2,4,At risk
13531,2011-05-18 16:56:00,6,1738.52,205,2,3,3,8,Needs attention
13532,2011-11-06 12:25:00,1,210.31,34,3,1,1,5,At risk
13533,2011-06-10 11:54:00,3,269.09,183,2,2,1,5,At risk
13534,2011-12-07 14:52:00,35,7720.9,2,4,4,4,12,Champions
13535,2010-11-02 11:49:00,1,89.5,403,1,1,1,3,At risk
13536,2011-12-08 16:38:00,7,3444.39,1,4,3,4,11,Champions
13537,2010-10-10 12:45:00,2,717.85,426,1,2,2,5,At risk
13538,2011-10-27 16:34:00,12,3103.13,43,3,4,4,11,Champions
13539,2011-09-15 10:18:00,7,1569.3600000000001,86,3,3,3,9,Loyal
13540,2010-08-29 14:20:00,3,632.39,467,1,2,2,5,At risk
13541,2010-10-08 16:37:00,2,785.25,427,1,2,2,5,At risk
13542,2010-11-28 11:24:00,17,3959.4900000000002,377,2,4,4,10,Loyal
13543,2010-03-15 13:34:00,2,1439.6100000000001,634,1,2,3,6,Needs attention
13544,2011-10-31 11:57:00,6,790.2,40,3,3,2,8,Needs attention
13545,2010-11-14 11:27:00,2,364.93,391,1,2,2,5,At risk
13546,2011-11-27 14:50:00,5,1086.24,12,4,3,3,10,Loyal
13547,2010-10-27 14:14:00,1,167.08,408,1,1,1,3,At risk
13548,2011-09-04 14:50:00,3,901.44,96,2,2,3,7,Needs attention
13549,2011-11-14 09:20:00,8,1005.8,26,3,4,3,10,Loyal
13550,2010-11-21 15:24:00,1,342.55,383,1,1,1,3,At risk
13551,2011-01-24 14:46:00,2,244.2,319,2,2,1,5,At risk
13552,2011-10-04 15:19:00,22,6948.92,66,3,4,4,11,Champions
13553,2010-02-03 12:21:00,1,499.6,675,1,1,2,4,At risk
13554,2010-11-24 15:05:00,7,1629.35,380,2,3,3,8,Needs attention
13555,2011-09-27 12:36:00,13,8891.84,74,3,4,4,11,Champions
13556,2010-10-06 16:44:00,2,200.82,429,1,2,1,4,At risk
13557,2011-11-11 15:24:00,13,3032.26,28,3,4,4,11,Champions
13558,2011-12-04 11:24:00,4,594.52,6,4,3,2,9,Loyal
13559,2010-07-15 09:52:00,2,990.0,513,1,2,3,6,Needs attention
13560,2011-12-02 13:11:00,1,171.42000000000002,7,4,1,1,6,Needs attention
13561,2011-05-08 12:39:00,11,1803.4,216,2,4,3,9,Loyal
13562,2011-09-19 10:51:00,8,4838.18,82,3,4,4,11,Champions
13563,2011-09-16 14:45:00,2,777.53,84,3,2,2,7,Needs attention
13564,2011-07-18 14:33:00,37,17035.02,144,2,4,4,10,Loyal
13565,2011-11-20 14:33:00,3,414.8,19,4,2,2,8,Needs attention
13566,2011-10-30 11:59:00,5,1688.6,41,3,3,3,9,Loyal
13567,2010-10-07 12:51:00,4,1079.29,428,1,3,3,7,Needs attention
13568,2011-06-19 14:42:00,1,187.05,173,2,1,1,4,At risk
13569,2011-11-22 13:07:00,4,836.36,17,4,3,2,9,Loyal
13570,2011-04-10 13:36:00,1,239.49,243,2,1,1,4,At risk
13571,2011-11-27 10:47:00,26,4537.26,13,4,4,4,12,Champions
13572,2011-05-18 11:59:00,1,1384.25,206,2,1,3,6,Needs attention
13573,2011-10-20 14:33:00,6,904.52,50,3,3,3,9,Loyal
13574,2010-10-24 13:28:00,1,404.45,411,1,1,2,4,At risk
13575,2011-11-16 13:14:00,5,732.0699999999999,23,4,3,2,9,Loyal
13576,2011-11-29 15:34:00,28,11551.74,10,4,4,4,12,Champions
13577,2011-11-14 15:19:00,11,3489.28,25,4,4,4,12,Champions
13578,2010-10-26 13:44:00,1,147.66,409,1,1,1,3,At risk
13579,2011-11-25 08:41:00,5,1539.04,15,4,3,3,10,Loyal
13580,2010-10-29 15:01:00,1,107.75,406,1,1,1,3,At risk
13581,2011-02-03 14:41:00,2,280.53000000000003,309,2,2,1,5,At risk
13582,2010-11-15 11:34:00,2,241.68,390,1,2,1,4,At risk
13583,2011-07-07 10:40:00,2,1445.031,156,2,2,3,7,Needs attention
13584,2011-02-06 12:49:00,3,385.7,307,2,2,2,6,Needs attention
13585,2010-06-27 12:33:00,3,684.54,531,1,2,2,5,At risk
13586,2010-06-16 13:47:00,1,127.28,541,1,1,1,3,At risk
13587,2011-10-07 12:31:00,4,1673.5,64,3,3,3,9,Loyal
13588,2011-11-24 10:42:00,9,2478.95,16,4,4,4,12,Champions
13589,2011-11-25 12:10:00,6,1120.74,15,4,3,3,10,Loyal
13590,2011-11-28 12:54:00,18,6336.04,11,4,4,4,12,Champions
13591,2011-10-06 12:26:00,7,2093.94,65,3,3,3,9,Loyal
13592,2011-11-04 09:49:00,4,247.95999999999998,36,3,3,1,7,Needs attention
13593,2011-08-23 13:35:00,14,5493.29,108,2,4,4,10,Loyal
13594,2011-10-18 10:19:00,2,533.32,53,3,2,2,7,Needs attention
13595,2010-07-11 12:36:00,3,784.48,517,1,2,2,5,At risk
13596,2011-12-04 12:01:00,2,664.11,6,4,2,2,8,Needs attention
13597,2010-11-04 14:54:00,2,396.71,400,1,2,2,5,At risk
13598,2011-10-23 14:28:00,5,761.96,47,3,3,2,8,Needs attention
13599,2011-12-08 16:10:00,33,10163.880000000001,1,4,4,4,12,Champions
13600,2011-01-31 15:27:00,2,518.42,312,2,2,2,6,Needs attention
13601,2011-10-25 17:31:00,4,1159.99,45,3,3,3,9,Loyal
13602,2011-10-06 11:47:00,4,1025.17,65,3,3,3,9,Loyal
13603,2011-11-13 15:57:00,1,164.34,26,3,1,1,5,At risk
13604,2010-02-19 12:02:00,1,717.62,659,1,1,2,4,At risk
13605,2010-11-17 17:16:00,2,522.67,387,1,2,2,5,At risk
13606,2011-11-10 17:46:00,3,276.75,29,3,2,1,6,Needs attention
13607,2011-10-30 16:17:00,2,1075.81,40,3,2,3,8,Needs attention
13608,2010-06-17 12:28:00,1,232.05,541,1,1,1,3,At risk
13609,2010-04-25 13:26:00,1,167.35,593,1,1,1,3,At risk
13610,2011-11-27 15:38:00,14,2103.71,12,4,4,3,11,Champions
13611,2011-09-11 14:51:00,10,3297.9300000000003,89,3,4,4,11,Champions
13612,2010-03-17 12:14:00,1,818.29,633,1,1,2,4,At risk
13613,2010-09-13 12:01:00,5,1039.8500000000001,453,1,3,3,7,Needs attention
13614,2011-11-15 14:47:00,6,2332.74,24,4,3,4,11,Champions
13615,2011-01-25 08:21:00,8,6272.53,319,2,4,4,10,Loyal
13616,2010-05-20 12:59:00,2,283.85,568,1,2,1,4,At risk
13617,2011-10-30 13:50:00,8,1278.75,40,3,4,3,10,Loyal
13618,2011-06-19 11:09:00,1,177.34,174,2,1,1,4,At risk
13619,2010-06-13 11:39:00,2,224.94,545,1,2,1,4,At risk
13620,2010-06-29 15:02:00,1,112.34,528,1,1,1,3,At risk
13621,2011-08-15 08:26:00,1,213.85,117,2,1,1,4,At risk
13622,2010-01-12 13:22:00,1,658.95,696,1,1,2,4,At risk
13623,2011-11-09 12:00:00,10,2533.06,31,3,4,4,11,Champions
13624,2010-11-16 13:43:00,1,462.08,388,1,1,2,4,At risk
13625,2010-04-22 10:50:00,1,301.26,597,1,1,1,3,At risk
13626,2011-04-01 10:05:00,2,707.04,253,2,2,2,6,Needs attention
13627,2011-10-11 14:20:00,7,2245.9,59,3,3,3,9,Loyal
13628,2010-02-01 14:44:00,1,310.14,676,1,1,1,3,At risk
13629,2011-11-16 13:21:00,19,13370.86,23,4,4,4,12,Champions
13630,2011-12-04 15:16:00,7,2031.78,5,4,3,3,10,Loyal
13631,2011-09-01 09:57:00,11,3070.42,100,2,4,4,10,Loyal
13632,2011-11-15 10:51:00,8,3645.81,25,4,4,4,12,Champions
13634,2011-11-06 13:40:00,16,5033.77,33,3,4,4,11,Champions
13635,2011-10-03 10:55:00,4,2999.16,68,3,3,4,10,Loyal
13636,2011-11-03 10:30:00,5,949.12,37,3,3,3,9,Loyal
13637,2011-10-18 13:32:00,3,804.3,52,3,2,2,7,Needs attention
13638,2011-11-24 10:38:00,1,122.64,16,4,1,1,6,Needs attention
13639,2011-09-26 13:36:00,2,1346.27,74,3,2,3,8,Needs attention
13640,2010-04-07 15:33:00,1,405.0,611,1,1,2,4,At risk
13641,2010-03-09 07:37:00,5,1016.47,641,1,3,3,7,Needs attention
13642,2011-05-08 12:34:00,4,472.2,216,2,3,2,7,Needs attention
13643,2011-11-08 15:37:00,10,2156.77,31,3,4,3,10,Loyal
13644,2011-11-23 14:07:00,4,2624.26,16,4,3,4,11,Champions
13645,2011-08-11 16:11:00,1,252.1,120,2,1,1,4,At risk
13646,2010-11-05 12:13:00,2,326.25,400,1,2,1,4,At risk
13647,2011-11-30 12:00:00,8,3041.68,10,4,4,4,12,Champions
13648,2010-11-04 14:46:00,8,1764.02,400,1,4,3,8,Needs attention
13649,2011-03-28 11:51:00,6,1651.48,257,2,3,3,8,Needs attention
13650,2011-11-23 12:22:00,10,3288.0,17,4,4,4,12,Champions
13651,2011-11-04 14:59:00,3,226.85,35,3,2,1,6,Needs attention
13652,2011-10-25 08:51:00,5,2570.85,46,3,3,4,10,Loyal
13653,2010-08-09 08:19:00,1,152.2,488,1,1,1,3,At risk
13654,2011-10-27 16:24:00,11,6308.0,43,3,4,4,11,Champions
13655,2011-08-17 14:25:00,6,2280.51,114,2,3,3,8,Needs attention
13656,2011-06-28 10:31:00,4,1078.85,165,2,3,3,8,Needs attention
13657,2011-11-29 12:32:00,2,382.14,11,4,2,2,8,Needs attention
13658,2011-11-30 10:13:00,9,6025.5,10,4,4,4,12,Champions
13659,2011-05-18 12:37:00,12,4884.68,206,2,4,4,10,Loyal
13660,2010-11-04 16:10:00,1,306.64,400,1,1,1,3,At risk
13661,2010-04-15 14:58:00,1,325.24,603,1,1,1,3,At risk
13662,2011-09-15 12:04:00,11,2233.61,86,3,4,3,10,Loyal
13663,2011-06-13 15:44:00,5,2047.51,179,2,3,3,8,Needs attention
13665,2010-11-18 13:06:00,3,1711.6599999999999,386,1,2,3,6,Needs attention
13666,2011-10-10 15:39:00,5,127.89999999999999,60,3,3,1,7,Needs attention
13667,2011-07-13 15:42:00,1,299.05,149,2,1,1,4,At risk
13668,2011-12-07 12:11:00,35,12948.48,3,4,4,4,12,Champions
13669,2011-10-20 09:32:00,3,413.55,51,3,2,2,7,Needs attention
13670,2011-09-25 15:25:00,1,349.7,75,3,1,2,6,Needs attention
13671,2010-11-10 10:50:00,1,172.6,395,1,1,1,3,At risk
13672,2011-02-11 13:53:00,3,419.92,301,2,2,2,6,Needs attention
13673,2011-11-21 12:11:00,2,387.44,19,4,2,2,8,Needs attention
13674,2010-10-03 10:41:00,1,240.68,433,1,1,1,3,At risk
13675,2011-07-11 12:57:00,2,486.82000000000005,151,2,2,2,6,Needs attention
13676,2010-06-18 17:30:00,2,243.9,539,1,2,1,4,At risk
13677,2010-10-31 11:32:00,2,551.24,405,1,2,2,5,At risk
13678,2011-07-11 10:14:00,1,232.6,152,2,1,1,4,At risk
13679,2010-08-03 12:13:00,3,281.26,494,1,2,1,4,At risk
13680,2011-12-08 13:47:00,12,11419.67,1,4,4,4,12,Champions
13681,2011-11-22 11:13:00,4,827.83,18,4,3,2,9,Loyal
13682,2011-06-05 14:06:00,1,59.5,187,2,1,1,4,At risk
13683,2010-09-08 10:00:00,1,258.6,458,1,1,1,3,At risk
13684,2011-02-27 10:13:00,4,594.88,286,2,3,2,7,Needs attention
13685,2011-12-07 11:41:00,7,3119.44,3,4,3,4,11,Champions
13686,2011-06-10 09:10:00,3,409.04,183,2,2,2,6,Needs attention
13687,2010-09-27 16:30:00,1,11880.84,438,1,1,4,6,Needs attention
13688,2010-03-14 14:11:00,1,375.5,635,1,1,2,4,At risk
13689,2011-10-07 13:21:00,2,1259.5,63,3,2,3,8,Needs attention
13690,2011-10-11 15:03:00,1,172.25,59,3,1,1,5,At risk
13691,2010-11-08 17:34:00,1,212.78,396,1,1,1,3,At risk
13692,2011-11-15 11:17:00,5,3114.4,25,4,3,4,11,Champions
13693,2010-11-30 18:21:00,9,2011.82,374,2,4,3,9,Loyal
13694,2011-12-06 09:32:00,143,196482.81,4,4,4,4,12,Champions
13695,2011-11-08 14:26:00,16,2770.73,31,3,4,4,11,Champions
13696,2010-10-14 09:44:00,3,2020.4,422,1,2,3,6,Needs attention
13697,2011-11-01 09:14:00,1,151.29999999999998,39,3,1,1,5,At risk
13698,2010-04-22 11:52:00,2,451.73,597,1,2,2,5,At risk
13699,2011-07-07 16:51:00,2,764.15,155,2,2,2,6,Needs attention
13700,2011-11-13 13:00:00,13,2596.9700000000003,26,3,4,4,11,Champions
13701,2010-09-19 12:39:00,1,161.0,447,1,1,1,3,At risk
13702,2010-09-20 11:40:00,1,135.18,446,1,1,1,3,At risk
13703,2011-01-25 13:10:00,2,425.56,318,2,2,2,6,Needs attention
13704,2011-12-04 15:13:00,9,2308.06,5,4,4,4,12,Champions
13705,2011-12-02 12:32:00,7,2035.33,8,4,3,3,10,Loyal
13706,2011-02-10 09:21:00,2,631.17,303,2,2,2,6,Needs attention
13707,2011-03-17 18:03:00,5,3365.86,267,2,3,4,9,Loyal
13708,2011-03-13 13:46:00,1,285.33,271,2,1,1,4,At risk
13709,2011-12-06 10:28:00,18,7571.35,4,4,4,4,12,Champions
13710,2011-11-08 08:16:00,3,509.52,32,3,2,2,7,Needs attention
13711,2011-05-05 10:31:00,9,1792.26,219,2,4,3,9,Loyal
13712,2011-04-07 12:33:00,2,766.42,247,2,2,2,6,Needs attention
13713,2010-10-27 16:18:00,3,740.76,408,1,2,2,5,At risk
13714,2010-08-31 13:57:00,1,161.35,465,1,1,1,3,At risk
13715,2011-03-03 19:21:00,17,8425.69,281,2,4,4,10,Loyal
13716,2011-03-15 13:49:00,1,138.28,269,2,1,1,4,At risk
13717,2011-11-07 14:13:00,8,1763.3,32,3,4,3,10,Loyal
13718,2011-04-07 13:24:00,2,306.55,246,2,2,1,5,At risk
13719,2011-11-24 15:26:00,11,2783.08,15,4,4,4,12,Champions
13720,2011-08-15 12:46:00,4,799.9,117,2,3,2,7,Needs attention
13721,2011-11-03 14:05:00,2,741.54,36,3,2,2,7,Needs attention
13722,2011-07-31 12:44:00,10,5635.41,132,2,4,4,10,Loyal
13723,2011-05-06 17:04:00,6,1194.08,217,2,3,3,8,Needs attention
13724,2010-03-12 15:28:00,1,213.01,637,1,1,1,3,At risk
13725,2011-10-21 10:03:00,8,1980.56,50,3,4,3,10,Loyal
13726,2011-11-01 10:49:00,2,1079.6599999999999,39,3,2,3,8,Needs attention
13727,2011-11-11 09:46:00,8,1074.15,29,3,4,3,10,Loyal
13728,2011-11-03 10:49:00,16,2855.17,37,3,4,4,11,Champions
13729,2010-09-30 10:44:00,3,724.73,436,1,2,2,5,At risk
13730,2011-07-27 08:35:00,2,752.6,136,2,2,2,6,Needs attention
13731,2011-05-04 14:33:00,2,610.59,219,2,2,2,6,Needs attention
13732,2011-11-11 15:49:00,1,491.86,28,3,1,2,6,Needs attention
13733,2010-10-25 12:18:00,2,487.03000000000003,411,1,2,2,5,At risk
13734,2010-07-19 12:04:00,4,6695.6900000000005,509,1,3,4,8,Needs attention
13735,2011-11-15 11:14:00,13,9762.77,25,4,4,4,12,Champions
13736,2011-12-04 15:19:00,7,2752.47,5,4,3,4,11,Champions
13737,2011-05-23 16:32:00,1,339.59999999999997,200,2,1,1,4,At risk
13738,2010-11-08 15:23:00,1,434.78000000000003,396,1,1,2,4,At risk
13739,2011-11-21 13:35:00,2,292.2,18,4,2,1,7,Needs attention
13740,2011-04-13 10:32:00,5,1582.77,241,2,3,3,8,Needs attention
13741,2011-09-29 09:19:00,3,668.4300000000001,72,3,2,2,7,Needs attention
13742,2011-11-23 11:07:00,12,3107.87,17,4,4,4,12,Champions
13743,2011-12-07 10:09:00,7,1341.6,3,4,3,3,10,Loyal
13744,2011-09-05 15:19:00,2,1080.52,95,3,2,3,8,Needs attention
13745,2011-06-30 16:43:00,2,777.36,162,2,2,2,6,Needs attention
13746,2010-10-22 11:55:00,1,176.69,414,1,1,1,3,At risk
13747,2010-12-01 10:37:00,2,249.39999999999998,374,2,2,1,5,At risk
13748,2011-09-05 09:45:00,9,2268.35,96,2,4,3,9,Loyal
13750,2011-10-17 12:16:00,11,3602.1800000000003,54,3,4,4,11,Champions
13751,2011-02-24 15:56:00,1,296.25,288,2,1,1,4,At risk
13752,2011-08-07 14:16:00,7,1579.8300000000002,124,2,3,3,8,Needs attention
13753,2011-02-25 12:48:00,4,2094.57,288,2,3,3,8,Needs attention
13754,2011-07-11 11:51:00,3,447.05,152,2,2,2,6,Needs attention
13755,2011-12-06 12:26:00,9,2108.06,4,4,4,3,11,Champions
13756,2011-12-07 16:44:00,23,9188.75,2,4,4,4,12,Champions
13757,2010-02-03 12:37:00,1,195.55,675,1,1,1,3,At risk
13758,2011-11-28 11:11:00,15,9416.98,12,4,4,4,12,Champions
13759,2011-11-06 14:47:00,2,659.4100000000001,33,3,2,2,7,Needs attention
13760,2011-10-16 16:13:00,5,1363.6399999999999,54,3,3,3,9,Loyal
13761,2011-10-20 14:01:00,6,1952.17,50,3,3,3,9,Loyal
13762,2011-05-05 09:15:00,5,2472.48,219,2,3,4,9,Loyal
13763,2011-10-07 15:13:00,3,5217.4400000000005,63,3,2,4,9,Loyal
13764,2011-09-30 12:03:00,6,2919.62,71,3,3,4,10,Loyal
13765,2010-02-24 13:46:00,1,352.821,653,1,1,2,4,At risk
13766,2010-08-01 14:25:00,1,190.35,495,1,1,1,3,At risk
13767,2011-12-07 15:00:00,73,35540.53,2,4,4,4,12,Champions
13768,2009-12-13 10:41:00,2,875.97,727,1,2,2,5,At risk
13769,2011-12-07 15:08:00,20,5800.42,2,4,4,4,12,Champions
13770,2010-10-13 15:10:00,4,785.37,422,1,3,2,6,Needs attention
13771,2011-10-06 14:18:00,9,5728.82,64,3,4,4,11,Champions
13772,2011-11-06 11:43:00,8,3100.02,34,3,4,4,11,Champions
13773,2010-11-08 11:49:00,2,301.54,397,1,2,1,4,At risk
13774,2011-09-19 12:06:00,1,345.0,82,3,1,1,5,At risk
13775,2010-04-28 12:15:00,1,1049.66,591,1,1,3,5,At risk
13776,2010-10-07 16:11:00,2,623.98,428,1,2,2,5,At risk
13777,2011-12-09 12:25:00,61,56478.42,1,4,4,4,12,Champions
13778,2011-08-28 15:25:00,4,1124.49,103,2,3,3,8,Needs attention
13779,2010-07-12 11:24:00,1,161.13,516,1,1,1,3,At risk
13780,2011-12-02 13:49:00,3,732.07,7,4,2,2,8,Needs attention
13781,2011-04-03 12:08:00,3,778.83,251,2,2,2,6,Needs attention
13782,2011-11-27 11:54:00,13,1786.08,13,4,4,3,11,Champions
13783,2010-08-09 09:23:00,4,1542.09,488,1,3,3,7,Needs attention
13784,2011-11-30 09:33:00,14,2910.23,10,4,4,4,12,Champions
13785,2010-10-07 09:25:00,4,542.49,429,1,3,2,6,Needs attention
13786,2010-12-07 13:53:00,6,3358.39,367,2,3,4,9,Loyal
13787,2011-09-25 12:06:00,6,1222.5,76,3,3,3,9,Loyal
13788,2010-07-22 15:50:00,1,3.75,505,1,1,1,3,At risk
13789,2010-11-16 15:31:00,1,239.45999999999998,388,1,1,1,3,At risk
13790,2011-12-05 15:48:00,1,348.8,4,4,1,2,7,Needs attention
13791,2011-08-04 11:44:00,2,1516.0,128,2,2,3,7,Needs attention
13792,2011-10-04 14:31:00,3,383.95,66,3,2,2,7,Needs attention
13793,2010-03-03 08:25:00,1,96.0,647,1,1,1,3,At risk
13794,2010-06-11 12:30:00,1,126.03,547,1,1,1,3,At risk
13795,2010-11-16 17:25:00,4,836.3,388,1,3,2,6,Needs attention
13796,2010-07-28 14:45:00,1,289.7,499,1,1,1,3,At risk
13797,2010-09-29 10:34:00,3,1179.45,437,1,2,3,6,Needs attention
13798,2011-12-08 15:51:00,110,75836.87,1,4,4,4,12,Champions
13799,2011-08-15 12:07:00,9,2803.57,117,2,4,4,10,Loyal
13800,2011-02-03 12:27:00,3,1679.56,310,2,2,3,7,Needs attention
13801,2011-10-04 10:15:00,1,324.8,67,3,1,1,5,At risk
13802,2011-07-24 10:54:00,19,26259.11,139,2,4,4,10,Loyal
13803,2011-03-29 12:57:00,3,1338.91,255,2,2,3,7,Needs attention
13804,2011-11-09 12:32:00,9,3161.12,31,3,4,4,11,Champions
13805,2011-10-18 14:50:00,2,924.6,52,3,2,3,8,Needs attention
13806,2011-10-07 11:43:00,1,256.38,64,3,1,1,5,At risk
13807,2010-12-07 15:48:00,3,534.8,367,2,2,2,6,Needs attention
13808,2011-12-04 12:18:00,5,1747.66,6,4,3,3,10,Loyal
13809,2011-02-07 13:15:00,3,679.7,305,2,2,2,6,Needs attention
13810,2011-11-11 08:33:00,3,1499.01,29,3,2,3,8,Needs attention
13811,2011-06-09 09:54:00,3,814.5,184,2,2,2,6,Needs attention
13812,2011-10-28 14:27:00,3,539.0,42,3,2,2,7,Needs attention
13813,2011-10-31 10:38:00,8,2765.47,40,3,4,4,11,Champions
13814,2011-09-08 13:48:00,3,2257.32,92,3,2,3,8,Needs attention
13815,2011-11-17 14:19:00,8,7475.74,22,4,4,4,12,Champions
13816,2011-11-16 08:38:00,2,571.6700000000001,24,4,2,2,8,Needs attention
13817,2011-11-10 17:49:00,2,382.98,29,3,2,2,7,Needs attention
13818,2010-10-06 12:35:00,1,61.28,430,1,1,1,3,At risk
13819,2011-02-11 10:38:00,6,2642.35,302,2,3,4,9,Loyal
13820,2010-10-17 13:46:00,3,652.75,418,1,2,2,5,At risk
13821,2011-07-18 09:49:00,6,1379.08,145,2,3,3,8,Needs attention
13822,2011-12-04 12:13:00,2,632.0,6,4,2,2,8,Needs attention
13823,2011-11-21 10:22:00,7,3403.4500000000003,19,4,3,4,11,Champions
13824,2011-11-07 12:41:00,12,3314.76,33,3,4,4,11,Champions
13825,2010-03-28 11:02:00,2,255.59,622,1,2,1,4,At risk
13826,2011-06-16 13:48:00,1,189.5,176,2,1,1,4,At risk
13827,2011-10-13 12:38:00,3,409.8,58,3,2,2,7,Needs attention
13828,2011-11-17 16:02:00,1,209.49,22,4,1,1,6,Needs attention
13829,2010-10-14 18:19:00,1,102.0,421,1,1,1,3,At risk
13830,2010-05-07 12:24:00,1,156.85000000000002,582,1,1,1,3,At risk
13831,2011-11-23 15:41:00,18,6993.54,16,4,4,4,12,Champions
13832,2011-11-20 15:36:00,2,609.89,19,4,2,2,8,Needs attention
13833,2011-07-03 13:27:00,2,700.41,159,2,2,2,6,Needs attention
13834,2010-05-12 10:27:00,2,324.19,577,1,2,1,4,At risk
13835,2011-11-14 15:37:00,7,1095.27,25,4,3,3,10,Loyal
13836,2010-11-05 13:31:00,2,620.37,399,1,2,2,5,At risk
13837,2011-05-12 12:10:00,2,266.59000000000003,212,2,2,1,5,At risk
13838,2011-12-04 11:00:00,10,1920.73,6,4,4,3,11,Champions
13839,2010-08-10 13:52:00,1,139.95000000000002,486,1,1,1,3,At risk
13840,2010-10-19 13:34:00,1,651.4,416,1,1,2,4,At risk
13841,2011-04-01 12:10:00,1,85.0,253,2,1,1,4,At risk
13842,2011-10-12 10:51:00,18,5629.91,59,3,4,4,11,Champions
13843,2010-11-23 17:48:00,1,319.75,381,1,1,1,3,At risk
13844,2011-11-28 13:21:00,1,361.62,11,4,1,2,7,Needs attention
13845,2011-10-06 08:25:00,1,312.98,65,3,1,1,5,At risk
13846,2011-11-15 12:07:00,4,1307.79,25,4,3,3,10,Loyal
13847,2009-12-20 10:41:00,1,310.72,720,1,1,1,3,At risk
13848,2011-09-08 12:58:00,8,3335.0,92,3,4,4,11,Champions
13849,2011-10-19 10:59:00,5,3469.3,52,3,3,4,10,Loyal
13850,2011-08-02 14:04:00,1,1595.48,129,2,1,3,6,Needs attention
13851,2011-09-05 12:36:00,8,4606.46,96,2,4,4,10,Loyal
13852,2010-04-08 09:06:00,1,187.35000000000002,611,1,1,1,3,At risk
13853,2011-10-13 14:18:00,1,1090.14,57,3,1,3,7,Needs attention
13854,2011-12-01 09:06:00,39,12253.96,9,4,4,4,12,Champions
13855,2010-07-27 09:53:00,4,1310.3400000000001,501,1,3,3,7,Needs attention
13856,2011-06-24 10:03:00,11,1142.03,169,2,4,3,9,Loyal
13857,2010-11-11 12:54:00,6,1001.01,393,1,3,3,7,Needs attention
13858,2011-10-13 16:17:00,1,216.17,57,3,1,1,5,At risk
13859,2011-01-17 16:14:00,2,515.86,326,2,2,2,6,Needs attention
13860,2011-12-08 12:57:00,5,1245.9,1,4,3,3,10,Loyal
13861,2010-10-06 14:20:00,2,273.26,429,1,2,1,4,At risk
13862,2011-11-21 16:24:00,9,2556.09,18,4,4,4,12,Champions
13863,2011-04-06 10:20:00,4,1239.55,248,2,3,3,8,Needs attention
13864,2010-11-18 12:50:00,1,662.4000000000001,387,1,1,2,4,At risk
13865,2011-10-12 13:31:00,4,501.56,58,3,3,2,8,Needs attention
13866,2011-09-26 14:54:00,1,145.67000000000002,74,3,1,1,5,At risk
13867,2011-11-08 15:48:00,3,1005.09,31,3,2,3,8,Needs attention
13868,2011-12-02 16:32:00,2,3192.54,7,4,2,4,10,Loyal
13869,2011-08-08 13:53:00,10,7996.87,123,2,4,4,10,Loyal
13870,2011-12-07 13:23:00,15,5712.08,2,4,4,4,12,Champions
13871,2011-11-17 10:49:00,17,7885.85,23,4,4,4,12,Champions
13872,2010-06-30 15:35:00,3,919.57,527,1,2,3,6,Needs attention
13873,2011-08-12 10:08:00,8,1038.92,120,2,4,3,9,Loyal
13874,2010-12-16 18:20:00,7,2049.15,358,2,3,3,8,Needs attention
13875,2011-10-17 09:36:00,14,4814.37,54,3,4,4,11,Champions
13876,2011-10-07 10:22:00,1,122.7,64,3,1,1,5,At risk
13877,2011-09-14 15:49:00,3,449.68,86,3,2,2,7,Needs attention
13878,2011-10-16 12:19:00,4,2416.9,55,3,3,4,10,Loyal
13879,2010-03-04 10:49:00,1,395.5,646,1,1,2,4,At risk
13880,2011-11-18 13:44:00,17,4391.66,21,4,4,4,12,Champions
13881,2011-12-06 12:50:00,43,45179.1,4,4,4,4,12,Champions
13882,2011-12-07 11:16:00,5,1191.13,3,4,3,3,10,Loyal
13883,2011-11-29 10:45:00,15,6560.02,11,4,4,4,12,Champions
13884,2011-12-02 16:30:00,10,1825.03,7,4,4,3,11,Champions
13885,2011-06-03 15:07:00,2,506.8,189,2,2,2,6,Needs attention
13886,2011-09-29 13:17:00,1,243.56,71,3,1,1,5,At risk
13887,2011-05-19 17:22:00,1,349.55,204,2,1,2,5,At risk
13888,2011-08-12 10:13:00,7,2001.59,120,2,4,3,9,Loyal
13889,2011-09-08 09:13:00,6,1991.23,93,3,3,3,9,Loyal
13890,2011-12-08 15:36:00,14,2927.38,1,4,4,4,12,Champions
13891,2010-11-26 15:57:00,3,859.21,378,2,2,2,6,Needs attention
13892,2011-11-13 11:50:00,6,1267.6499999999999,27,3,3,3,9,Loyal
13893,2011-02-15 11:30:00,1,821.1,298,2,1,2,5,At risk
13894,2011-11-16 09:44:00,3,564.62,24,4,2,2,8,Needs attention
13895,2011-11-11 16:57:00,6,4008.52,28,3,3,4,10,Loyal
13896,2010-03-24 08:55:00,1,388.55,626,1,1,2,4,At risk
13897,2011-10-20 14:30:00,3,1160.72,50,3,2,3,8,Needs attention
13898,2011-01-18 10:28:00,2,686.4,326,2,2,2,6,Needs attention
13899,2011-11-23 13:40:00,2,388.52,16,4,2,2,8,Needs attention
13900,2011-06-09 19:26:00,6,1610.59,183,2,3,3,8,Needs attention
13901,2011-09-28 14:48:00,15,5676.34,72,3,4,4,11,Champions
13902,2010-03-17 13:09:00,5,34095.26,632,1,3,4,8,Needs attention
13903,2010-11-04 17:44:00,1,165.45000000000002,400,1,1,1,3,At risk
13904,2011-11-02 13:41:00,2,332.64,37,3,2,1,6,Needs attention
13905,2009-12-07 11:41:00,1,312.65,733,1,1,1,3,At risk
13906,2010-10-26 15:00:00,1,42.0,409,1,1,1,3,At risk
13907,2010-01-17 12:22:00,1,136.8,692,1,1,1,3,At risk
13908,2011-09-21 11:49:00,4,2369.55,80,3,3,4,10,Loyal
13909,2010-10-12 17:22:00,2,282.85,423,1,2,1,4,At risk
13911,2011-10-13 15:43:00,20,4234.99,57,3,4,4,11,Champions
13912,2010-10-12 08:43:00,1,124.95,424,1,1,1,3,At risk
13913,2010-07-21 10:11:00,1,42.22,507,1,1,1,3,At risk
13914,2011-11-28 10:35:00,2,626.45,12,4,2,2,8,Needs attention
13915,2010-11-10 15:17:00,1,70.80000000000001,394,1,1,1,3,At risk
13916,2010-09-02 10:04:00,4,1275.81,464,1,3,3,7,Needs attention
13917,2011-10-21 09:56:00,2,272.04,50,3,2,1,6,Needs attention
13918,2011-10-21 12:25:00,2,1212.8400000000001,50,3,2,3,8,Needs attention
13919,2011-10-11 14:24:00,4,1360.68,59,3,3,3,9,Loyal
13920,2010-10-04 12:37:00,4,1774.68,432,1,3,3,7,Needs attention
13921,2010-11-02 16:32:00,4,730.7,402,1,3,2,6,Needs attention
13922,2010-12-23 10:38:00,3,865.2,352,2,2,2,6,Needs attention
13923,2011-10-17 12:33:00,1,351.13,54,3,1,2,6,Needs attention
13924,2011-12-08 09:39:00,6,1838.8500000000001,2,4,3,3,10,Loyal
13925,2011-09-08 12:47:00,4,678.25,93,3,3,2,8,Needs attention
13926,2011-11-16 13:16:00,1,223.85000000000002,23,4,1,1,6,Needs attention
13927,2011-09-26 12:00:00,2,708.26,75,3,2,2,7,Needs attention
13928,2011-11-29 10:33:00,4,464.57,11,4,3,2,9,Loyal
13929,2011-06-23 15:26:00,11,3494.1,169,2,4,4,10,Loyal
13930,2011-10-13 09:45:00,2,337.34,58,3,2,1,6,Needs attention
13931,2011-09-05 10:12:00,11,5257.38,96,2,4,4,10,Loyal
13932,2011-02-18 12:02:00,1,307.4,295,2,1,1,4,At risk
13933,2011-08-22 14:03:00,2,608.7900000000001,109,2,2,2,6,Needs attention
13934,2011-03-21 08:39:00,1,922.1,264,2,1,3,6,Needs attention
13935,2010-04-22 11:21:00,3,6116.92,597,1,2,4,7,Needs attention
13936,2011-06-13 08:47:00,3,939.66,180,2,2,3,7,Needs attention
13937,2011-06-23 16:35:00,2,880.13,169,2,2,2,6,Needs attention
13938,2011-11-04 14:37:00,1,71.66,35,3,1,1,5,At risk
13939,2011-11-16 13:33:00,7,1560.96,23,4,4,3,11,Champions
13940,2011-11-22 15:15:00,4,839.14,17,4,3,2,9,Loyal
13941,2011-11-18 09:43:00,15,11122.300000000001,22,4,4,4,12,Champions
13942,2010-06-23 12:35:00,1,320.0,535,1,1,1,3,At risk
13943,2010-05-11 11:30:00,1,246.54,578,1,1,1,3,At risk
13944,2010-02-24 15:02:00,1,200.43,653,1,1,1,3,At risk
13945,2010-11-10 10:00:00,2,854.15,395,1,2,2,5,At risk
13946,2011-09-21 13:33:00,6,1876.23,79,3,3,3,9,Loyal
13947,2011-10-05 14:42:00,1,90.6,65,3,1,1,5,At risk
13948,2010-12-14 10:18:00,4,548.76,361,2,3,2,7,Needs attention
13949,2011-12-07 09:35:00,6,2427.32,3,4,3,4,11,Champions
13950,2011-11-28 14:44:00,4,745.06,11,4,3,2,9,Loyal
13951,2011-06-16 16:43:00,3,674.45,176,2,2,2,6,Needs attention
13952,2011-05-06 09:00:00,14,12823.521,218,2,4,4,10,Loyal
13953,2011-12-02 16:04:00,12,6640.68,7,4,4,4,12,Champions
13954,2011-12-08 12:50:00,2,439.92,2,4,2,2,8,Needs attention
13955,2011-07-08 17:19:00,3,544.0699999999999,154,2,2,2,6,Needs attention
13956,2011-12-04 13:20:00,5,1019.27,5,4,3,3,10,Loyal
13957,2010-10-18 10:02:00,3,458.25,418,1,2,2,5,At risk
13958,2010-11-25 10:11:00,8,4709.2300000000005,380,2,4,4,10,Loyal
13959,2011-09-21 15:06:00,6,1064.77,79,3,3,3,9,Loyal
13960,2011-11-18 15:27:00,2,230.22,21,4,2,1,7,Needs attention
13961,2010-11-12 14:40:00,1,538.4,392,1,1,2,4,At risk
13962,2011-11-18 08:47:00,3,362.8,22,4,2,2,8,Needs attention
13963,2011-02-04 14:43:00,17,3011.87,308,2,4,4,10,Loyal
13964,2010-11-17 13:53:00,2,438.9,387,1,2,2,5,At risk
13965,2010-08-20 10:40:00,3,996.61,477,1,2,3,6,Needs attention
13966,2010-09-30 13:08:00,1,384.26,435,1,1,2,4,At risk
13967,2011-07-17 12:02:00,2,166.3,146,2,2,1,5,At risk
13968,2010-10-12 13:22:00,1,123.66,423,1,1,1,3,At risk
13969,2011-12-02 15:11:00,35,13291.05,7,4,4,4,12,Champions
13970,2010-11-18 13:21:00,2,846.55,386,1,2,2,5,At risk
13971,2011-11-21 12:06:00,14,4667.57,19,4,4,4,12,Champions
13972,2011-09-30 11:54:00,2,190.25,71,3,2,1,6,Needs attention
13973,2011-02-25 15:21:00,1,264.7,287,2,1,1,4,At risk
13974,2011-10-21 14:41:00,2,677.72,49,3,2,2,7,Needs attention
13975,2011-11-08 13:19:00,12,5256.4,31,3,4,4,11,Champions
13976,2011-05-17 09:13:00,4,1192.36,207,2,3,3,8,Needs attention
13977,2010-10-24 14:08:00,1,519.8100000000001,411,1,1,2,4,At risk
13978,2011-11-25 11:36:00,2,196.79000000000002,15,4,2,1,7,Needs attention
13979,2011-09-27 13:32:00,7,3379.93,73,3,4,4,11,Champions
13980,2011-10-10 13:34:00,5,768.82,60,3,3,2,8,Needs attention
13981,2010-10-20 10:03:00,1,331.14,416,1,1,1,3,At risk
13982,2011-10-31 16:24:00,9,4382.89,39,3,4,4,11,Champions
13983,2011-11-10 11:06:00,21,7083.25,30,3,4,4,11,Champions
13984,2011-11-13 12:38:00,12,2048.6,27,3,4,3,10,Loyal
13985,2011-12-05 17:06:00,22,10020.86,4,4,4,4,12,Champions
13986,2011-11-22 15:00:00,1,320.46,17,4,1,1,6,Needs attention
13987,2010-11-25 10:20:00,2,682.54,380,2,2,2,6,Needs attention
13988,2011-11-20 10:15:00,8,4757.8,20,4,4,4,12,Champions
13989,2011-10-05 09:47:00,5,2026.06,66,3,3,3,9,Loyal
13990,2011-05-10 15:19:00,1,311.3,213,2,1,1,4,At risk
13991,2011-11-27 16:18:00,6,852.88,12,4,3,2,9,Loyal
13992,2011-11-09 15:23:00,3,219.5,30,3,2,1,6,Needs attention
13993,2011-10-28 09:06:00,19,6775.71,43,3,4,4,11,Champions
13994,2011-12-06 11:05:00,6,2274.14,4,4,3,3,10,Loyal
13995,2011-11-24 14:22:00,14,3902.01,15,4,4,4,12,Champions
13996,2010-11-18 16:27:00,2,895.76,386,1,2,3,6,Needs attention
13997,2010-07-08 18:06:00,3,376.46,519,1,2,2,5,At risk
13998,2010-09-19 10:20:00,3,566.7,447,1,2,2,5,At risk
13999,2011-11-29 13:40:00,29,9502.26,10,4,4,4,12,Champions
14000,2011-05-12 16:50:00,5,2046.3400000000001,211,2,3,3,8,Needs attention
14001,2011-10-25 10:31:00,9,4530.09,46,3,4,4,11,Champions
14002,2011-07-28 15:55:00,2,529.73,134,2,2,2,6,Needs attention
14003,2009-12-07 08:53:00,1,209.41,733,1,1,1,3,At risk
14004,2011-10-27 14:40:00,11,6258.45,43,3,4,4,11,Champions
14005,2011-11-30 12:41:00,5,2874.72,10,4,3,4,11,Champions
14006,2011-08-16 09:39:00,7,2196.67,116,2,4,3,9,Loyal
14007,2010-07-15 09:06:00,1,79.48,513,1,1,1,3,At risk
14008,2010-10-03 13:09:00,1,509.04,432,1,1,2,4,At risk
14009,2011-05-25 15:47:00,3,1099.91,198,2,2,3,7,Needs attention
14010,2010-05-23 13:00:00,2,445.15,565,1,2,2,5,At risk
14011,2010-08-16 15:31:00,2,457.82,480,1,2,2,5,At risk
14012,2011-03-07 12:26:00,1,328.8,278,2,1,1,4,At risk
14013,2011-08-21 15:01:00,5,1084.57,110,2,3,3,8,Needs attention
14014,2011-09-23 13:18:00,3,1948.21,77,3,2,3,8,Needs attention
14015,2011-10-18 10:02:00,1,917.34,53,3,1,3,7,Needs attention
14016,2011-07-01 11:29:00,11,11403.41,162,2,4,4,10,Loyal
14017,2010-05-17 14:52:00,1,229.75,571,1,1,1,3,At risk
14018,2010-03-04 14:23:00,1,367.15000000000003,645,1,1,2,4,At risk
14019,2011-10-24 10:13:00,3,1421.61,47,3,2,3,8,Needs attention
14020,2011-11-23 09:22:00,4,1249.01,17,4,3,3,10,Loyal
14021,2011-07-07 15:46:00,7,1716.58,155,2,4,3,9,Loyal
14022,2011-04-28 14:39:00,2,792.15,225,2,2,2,6,Needs attention
14023,2011-12-02 13:58:00,2,584.07,7,4,2,2,8,Needs attention
14024,2011-08-10 11:30:00,3,645.74,122,2,2,2,6,Needs attention
14025,2010-09-01 10:11:00,8,4057.9,465,1,4,4,9,Loyal
14026,2010-08-26 10:31:00,2,713.11,471,1,2,2,5,At risk
14027,2011-10-10 09:01:00,1,104.82,61,3,1,1,5,At risk
14028,2010-06-07 13:33:00,3,10396.5,550,1,2,4,7,Needs attention
14029,2011-10-07 14:46:00,2,467.66,63,3,2,2,7,Needs attention
14030,2011-11-21 16:48:00,20,8198.3,18,4,4,4,12,Champions
14031,2011-12-02 17:13:00,44,40919.58,7,4,4,4,12,Champions
14032,2011-12-07 15:23:00,16,4850.2699999999995,2,4,4,4,12,Champions
14033,2010-06-02 15:10:00,1,109.44,555,1,1,1,3,At risk
14034,2011-11-17 14:02:00,3,648.89,22,4,2,2,8,Needs attention
14035,2011-11-11 10:03:00,9,2794.75,29,3,4,4,11,Champions
14036,2011-02-28 09:26:00,1,626.65,285,2,1,2,5,At risk
14037,2011-06-16 13:57:00,6,836.95,176,2,3,2,7,Needs attention
14038,2011-09-22 13:37:00,5,3069.88,78,3,3,4,10,Loyal
14039,2011-11-06 13:48:00,2,267.28000000000003,33,3,2,1,6,Needs attention
14040,2011-10-30 12:42:00,35,12523.81,41,3,4,4,11,Champions
14041,2011-03-18 13:25:00,1,141.41,266,2,1,1,4,At risk
14042,2009-12-14 15:07:00,1,431.98,725,1,1,2,4,At risk
14043,2010-08-05 18:18:00,2,302.6,491,1,2,1,4,At risk
14044,2011-11-13 12:05:00,10,3077.7,27,3,4,4,11,Champions
14045,2011-08-22 15:27:00,16,11313.029999999999,109,2,4,4,10,Loyal
14046,2011-02-28 14:48:00,1,154.99,284,2,1,1,4,At risk
14047,2011-12-01 11:43:00,14,4255.03,9,4,4,4,12,Champions
14048,2011-02-07 14:53:00,3,748.69,305,2,2,2,6,Needs attention
14049,2011-11-23 12:20:00,13,13023.4,17,4,4,4,12,Champions
14050,2011-11-08 10:00:00,2,746.36,32,3,2,2,7,Needs attention
14051,2011-12-09 10:20:00,37,22394.4,1,4,4,4,12,Champions
14052,2011-11-20 12:30:00,2,466.66,20,4,2,2,8,Needs attention
14053,2011-08-07 14:27:00,4,572.3,124,2,3,2,7,Needs attention
14054,2011-10-05 15:49:00,1,92.46,65,3,1,1,5,At risk
14055,2011-08-25 15:04:00,3,1520.96,106,2,2,3,7,Needs attention
14056,2011-12-08 13:36:00,23,8152.71,1,4,4,4,12,Champions
14057,2011-11-16 10:32:00,22,8346.66,24,4,4,4,12,Champions
14058,2010-09-03 09:31:00,2,469.19,463,1,2,2,5,At risk
14059,2011-03-18 10:06:00,1,183.6,267,2,1,1,4,At risk
14060,2011-12-05 12:29:00,30,9519.08,5,4,4,4,12,Champions
14061,2010-07-20 17:22:00,3,917.4300000000001,507,1,2,3,6,Needs attention
14062,2011-11-30 10:04:00,24,25585.65,10,4,4,4,12,Champions
14063,2010-09-27 16:18:00,9,22710.2,438,1,4,4,9,Loyal
14064,2011-11-10 13:14:00,15,3260.24,29,3,4,4,11,Champions
14065,2010-11-15 16:13:00,3,891.02,389,1,2,3,6,Needs attention
14066,2011-03-18 12:21:00,1,152.55,267,2,1,1,4,At risk
14067,2011-10-07 10:21:00,2,374.7,64,3,2,2,7,Needs attention
14068,2011-01-23 16:02:00,4,1516.72,320,2,3,3,8,Needs attention
14069,2010-07-13 12:12:00,2,225.81,515,1,2,1,4,At risk
14070,2010-01-24 12:27:00,1,321.6,685,1,1,1,3,At risk
14071,2011-12-06 12:27:00,8,1437.57,4,4,4,3,11,Champions
14072,2010-02-11 12:31:00,1,390.85,667,1,1,2,4,At risk
14073,2011-11-07 15:49:00,1,151.04,32,3,1,1,5,At risk
14074,2010-03-26 13:55:00,1,219.39999999999998,623,1,1,1,3,At risk
14075,2011-12-05 08:38:00,6,1734.87,5,4,3,3,10,Loyal
14076,2011-08-02 15:19:00,1,118.67,129,2,1,1,4,At risk
14077,2011-10-30 12:35:00,6,615.0799999999999,41,3,3,2,8,Needs attention
14078,2011-08-30 12:16:00,9,1689.71,102,2,4,3,9,Loyal
14079,2011-08-07 12:10:00,2,618.73,125,2,2,2,6,Needs attention
14080,2011-11-07 11:09:00,5,1115.68,33,3,3,3,9,Loyal
14081,2011-02-10 16:17:00,10,5291.09,302,2,4,4,10,Loyal
14082,2010-12-10 11:02:00,2,413.36,365,2,2,2,6,Needs attention
14083,2011-12-05 13:14:00,11,1376.2,4,4,4,3,11,Champions
14084,2010-07-15 14:36:00,1,150.5,512,1,1,1,3,At risk
14085,2011-12-07 13:46:00,33,10028.72,2,4,4,4,12,Champions
14086,2010-09-03 10:52:00,1,39.95,463,1,1,1,3,At risk
14087,2011-12-07 12:41:00,3,829.47,3,4,2,2,8,Needs attention
14088,2011-11-29 16:16:00,16,64036.8,10,4,4,4,12,Champions
14089,2011-10-14 10:38:00,1,158.75,57,3,1,1,5,At risk
14090,2011-01-19 10:51:00,1,76.32000000000001,325,2,1,1,4,At risk
14091,2010-02-23 15:17:00,2,9530.08,654,1,2,4,7,Needs attention
14092,2011-12-02 12:13:00,24,7229.45,8,4,4,4,12,Champions
14093,2011-11-27 16:27:00,1,433.86,12,4,1,2,7,Needs attention
14094,2010-09-26 11:58:00,1,311.77,440,1,1,1,3,At risk
14095,2009-12-17 12:49:00,1,2.95,723,1,1,1,3,At risk
14096,2011-12-05 17:17:00,17,65164.79,4,4,4,4,12,Champions
14097,2010-08-15 14:20:00,2,422.85999999999996,481,1,2,2,5,At risk
14098,2011-11-03 10:13:00,1,147.35,37,3,1,1,5,At risk
14099,2011-11-23 13:53:00,20,5750.91,16,4,4,4,12,Champions
14100,2011-07-25 11:01:00,1,191.95000000000002,138,2,1,1,4,At risk
14101,2011-09-27 12:28:00,13,9961.93,74,3,4,4,11,Champions
14102,2011-12-04 15:38:00,5,1105.8799999999999,5,4,3,3,10,Loyal
14104,2011-07-08 12:50:00,5,743.53,155,2,3,2,7,Needs attention
14105,2011-04-14 17:58:00,5,5988.83,239,2,3,4,9,Loyal
14106,2009-12-02 14:09:00,1,214.79999999999998,737,1,1,1,3,At risk
14107,2011-10-19 12:12:00,11,4877.3,52,3,4,4,11,Champions
14108,2011-11-09 10:41:00,4,1044.96,31,3,3,3,9,Loyal
14109,2011-09-28 10:18:00,1,144.2,73,3,1,1,5,At risk
14110,2011-12-06 12:26:00,33,12987.95,4,4,4,4,12,Champions
14111,2011-11-25 13:44:00,4,692.85,14,4,3,2,9,Loyal
14112,2011-11-17 12:30:00,13,5834.59,23,4,4,4,12,Champions
14113,2011-12-06 12:18:00,16,7092.610000000001,4,4,4,4,12,Champions
14114,2011-03-11 09:42:00,7,1364.09,274,2,4,3,9,Loyal
14115,2010-07-26 12:36:00,2,622.6700000000001,502,1,2,2,5,At risk
14116,2011-11-20 10:29:00,5,1382.74,20,4,3,3,10,Loyal
14117,2011-07-19 09:49:00,1,90.0,144,2,1,1,4,At risk
14118,2010-10-07 11:59:00,1,458.45,429,1,1,2,4,At risk
14119,2010-11-29 10:33:00,2,183.37,376,2,2,1,5,At risk
14121,2011-12-06 12:19:00,4,2780.15,4,4,3,4,11,Champions
14122,2010-10-29 15:11:00,3,362.42,406,1,2,2,5,At risk
14123,2009-12-06 15:35:00,1,436.18,733,1,1,2,4,At risk
14124,2011-09-16 13:32:00,1,419.58000000000004,84,3,1,2,6,Needs attention
14125,2011-11-29 12:47:00,3,2720.63,11,4,2,4,10,Loyal
14126,2011-12-02 11:45:00,4,1172.46,8,4,3,3,10,Loyal
14127,2011-08-09 10:49:00,6,1900.0800000000002,123,2,3,3,8,Needs attention
14128,2011-10-10 12:00:00,3,924.21,61,3,2,3,8,Needs attention
14129,2011-12-08 11:02:00,9,2591.34,2,4,4,4,12,Champions
14130,2011-01-24 16:05:00,4,1858.77,319,2,3,3,8,Needs attention
14131,2010-03-01 11:59:00,1,168.22,649,1,1,1,3,At risk
14132,2011-12-07 13:35:00,11,3586.0299999999997,2,4,4,4,12,Champions
14133,2011-08-02 11:34:00,4,911.14,130,2,3,3,8,Needs attention
14134,2010-11-22 12:26:00,15,11123.35,383,1,4,4,9,Loyal
14135,2011-12-08 11:38:00,24,9643.92,2,4,4,4,12,Champions
14136,2010-11-04 11:53:00,5,1570.81,401,1,3,3,7,Needs attention
14137,2010-01-13 12:30:00,1,332.7,696,1,1,1,3,At risk
14138,2011-12-08 12:44:00,2,965.8800000000001,2,4,2,3,9,Loyal
14139,2011-10-24 13:34:00,4,1086.8,46,3,3,3,9,Loyal
14140,2011-12-06 09:05:00,2,935.05,4,4,2,3,9,Loyal
14141,2011-12-07 09:53:00,4,915.13,3,4,3,3,10,Loyal
14142,2010-12-01 16:33:00,2,983.15,373,2,2,3,7,Needs attention
14143,2011-07-29 09:48:00,1,115.8,134,2,1,1,4,At risk
14144,2010-08-10 15:17:00,1,30.599999999999998,486,1,1,1,3,At risk
14145,2011-10-24 12:10:00,7,7600.05,47,3,4,4,11,Champions
14146,2011-12-01 10:18:00,12,9450.3,9,4,4,4,12,Champions
14147,2011-09-22 18:10:00,9,2590.2,78,3,4,4,11,Champions
14148,2011-04-20 12:02:00,2,466.29,234,2,2,2,6,Needs attention
14149,2011-05-03 09:44:00,1,446.62,221,2,1,2,5,At risk
14150,2011-11-04 10:05:00,2,658.64,36,3,2,2,7,Needs attention
14151,2010-02-04 15:35:00,2,679.45,673,1,2,2,5,At risk
14152,2011-09-25 12:54:00,7,1997.3400000000001,75,3,4,3,10,Loyal
14153,2010-08-13 14:35:00,1,233.4,483,1,1,1,3,At risk
14154,2011-04-14 16:26:00,8,6460.7,239,2,4,4,10,Loyal
14155,2011-03-18 14:13:00,1,118.75,266,2,1,1,4,At risk
14156,2011-11-30 10:54:00,156,313759.82,10,4,4,4,12,Champions
14157,2011-11-20 11:32:00,5,978.69,20,4,3,3,10,Loyal
14158,2011-10-30 15:08:00,1,507.66,40,3,1,2,6,Needs attention
14159,2011-11-20 12:36:00,20,7860.8,20,4,4,4,12,Champions
14160,2010-04-08 14:30:00,7,8421.47,610,1,4,4,9,Loyal
14161,2011-05-08 11:41:00,7,3280.08,216,2,4,4,10,Loyal
14162,2011-06-19 11:36:00,2,289.36,174,2,2,1,5,At risk
14163,2011-09-13 15:18:00,5,2594.62,87,3,3,4,10,Loyal
14164,2011-09-30 12:24:00,2,1631.77,71,3,2,3,8,Needs attention
14165,2011-03-09 12:39:00,1,120.44,276,2,1,1,4,At risk
14166,2010-07-22 19:42:00,2,251.15,505,1,2,1,4,At risk
14167,2011-10-31 14:29:00,8,1274.29,39,3,4,3,10,Loyal
14168,2010-10-15 10:49:00,2,370.45,421,1,2,2,5,At risk
14169,2010-10-05 08:45:00,2,621.51,431,1,2,2,5,At risk
14170,2010-11-29 13:10:00,3,570.18,375,2,2,2,6,Needs attention
14171,2011-09-02 16:43:00,2,498.79,98,2,2,2,6,Needs attention
14172,2010-04-13 13:26:00,3,369.02,605,1,2,2,5,At risk
14173,2011-11-29 11:54:00,6,586.0,11,4,3,2,9,Loyal
14174,2011-11-06 13:17:00,1,134.46,33,3,1,1,5,At risk
14175,2011-10-11 11:55:00,8,7678.88,60,3,4,4,11,Champions
14176,2011-02-15 13:12:00,5,916.01,297,2,3,3,8,Needs attention
14177,2011-09-14 15:11:00,13,2209.69,86,3,4,3,10,Loyal
14178,2011-12-01 12:01:00,7,1600.26,9,4,4,3,11,Champions
14179,2011-10-30 12:07:00,2,701.57,41,3,2,2,7,Needs attention
14180,2011-11-29 10:56:00,33,6319.25,11,4,4,4,12,Champions
14181,2010-10-25 08:27:00,2,308.35,411,1,2,1,4,At risk
14182,2010-09-22 11:45:00,4,678.77,444,1,3,2,6,Needs attention
14183,2010-10-24 14:45:00,2,278.34000000000003,411,1,2,1,4,At risk
14184,2011-10-04 12:43:00,1,452.89,67,3,1,2,6,Needs attention
14185,2011-01-12 13:52:00,1,197.65,331,2,1,1,4,At risk
14186,2010-10-08 13:30:00,5,1550.63,427,1,3,3,7,Needs attention
14187,2010-08-23 12:06:00,1,123.5,474,1,1,1,3,At risk
14188,2011-11-09 12:45:00,6,2054.36,31,3,3,3,9,Loyal
14189,2011-12-07 15:55:00,16,5814.39,2,4,4,4,12,Champions
14190,2010-02-11 14:27:00,1,79.9,666,1,1,1,3,At risk
14191,2011-12-08 09:23:00,15,4817.66,2,4,4,4,12,Champions
14192,2010-11-16 17:44:00,1,293.74,388,1,1,1,3,At risk
14193,2011-10-03 09:34:00,3,1210.19,68,3,2,3,8,Needs attention
14194,2011-12-05 10:38:00,36,18670.59,5,4,4,4,12,Champions
14195,2011-05-22 10:29:00,6,2615.6,202,2,3,4,9,Loyal
14196,2011-08-25 10:25:00,1,335.52,107,2,1,1,4,At risk
14197,2010-10-25 10:01:00,1,390.05,411,1,1,2,4,At risk
14198,2011-11-21 16:35:00,9,1569.73,18,4,4,3,11,Champions
14199,2011-05-05 13:44:00,4,1091.7,218,2,3,3,8,Needs attention
14200,2010-04-01 13:01:00,1,379.2,617,1,1,2,4,At risk
14201,2011-10-10 13:27:00,10,1193.54,60,3,4,3,10,Loyal
14202,2010-11-23 17:13:00,3,847.76,381,1,2,2,5,At risk
14203,2010-11-07 13:35:00,1,339.34,397,1,1,1,3,At risk
14204,2011-12-07 13:38:00,4,1024.83,2,4,3,3,10,Loyal
14205,2011-11-23 10:55:00,9,2414.2,17,4,4,4,12,Champions
14206,2011-04-14 16:38:00,3,1185.01,239,2,2,3,7,Needs attention
14207,2010-01-21 09:33:00,1,157.8,688,1,1,1,3,At risk
14208,2011-09-06 12:48:00,2,567.05,95,3,2,2,7,Needs attention
14209,2011-11-29 10:18:00,15,4993.27,11,4,4,4,12,Champions
14210,2011-08-26 12:36:00,16,5861.52,106,2,4,4,10,Loyal
14211,2011-10-17 13:23:00,18,4402.29,53,3,4,4,11,Champions
14212,2011-09-11 12:45:00,2,2190.14,90,3,2,3,8,Needs attention
14213,2010-10-31 10:37:00,1,1192.2,405,1,1,3,5,At risk
14214,2011-11-09 10:31:00,5,1004.38,31,3,3,3,9,Loyal
14215,2011-11-28 12:19:00,9,3416.33,12,4,4,4,12,Champions
14216,2011-12-06 14:56:00,5,2150.04,3,4,3,3,10,Loyal
14217,2011-12-08 11:53:00,23,3416.89,2,4,4,4,12,Champions
14218,2011-10-28 10:00:00,1,169.48000000000002,43,3,1,1,5,At risk
14219,2011-12-05 16:23:00,3,633.83,4,4,2,2,8,Needs attention
14220,2011-04-06 13:23:00,4,1515.0,247,2,3,3,8,Needs attention
14221,2011-10-28 13:42:00,17,6517.49,42,3,4,4,11,Champions
14222,2011-06-15 16:42:00,1,683.17,177,2,1,2,5,At risk
14223,2011-09-08 13:38:00,3,991.13,92,3,2,3,8,Needs attention
14224,2011-08-21 13:24:00,9,1841.71,110,2,4,3,9,Loyal
14225,2010-10-01 10:32:00,4,2031.07,435,1,3,3,7,Needs attention
14226,2011-11-11 11:34:00,6,2985.13,29,3,3,4,10,Loyal
14227,2011-11-13 15:48:00,15,6368.71,26,3,4,4,11,Champions
14228,2010-09-28 09:45:00,3,745.5,438,1,2,2,5,At risk
14229,2011-10-19 10:04:00,7,2594.04,52,3,4,4,11,Champions
14230,2010-09-30 09:07:00,3,979.8000000000001,436,1,2,3,6,Needs attention
14231,2011-06-09 11:05:00,4,1235.6200000000001,184,2,3,3,8,Needs attention
14232,2011-10-28 11:09:00,5,2048.07,43,3,3,3,9,Loyal
14233,2011-10-21 15:54:00,7,2904.27,49,3,4,4,11,Champions
14234,2011-11-17 17:53:00,4,754.12,22,4,3,2,9,Loyal
14235,2011-09-25 14:37:00,9,4717.99,75,3,4,4,11,Champions
14236,2011-09-20 09:13:00,5,1744.64,81,3,3,3,9,Loyal
14237,2010-12-01 13:20:00,2,632.14,373,2,2,2,6,Needs attention
14238,2011-01-17 14:40:00,3,434.23,326,2,2,2,6,Needs attention
14239,2011-10-27 14:40:00,21,4263.17,43,3,4,4,11,Champions
14240,2011-11-09 13:45:00,3,1247.49,30,3,2,3,8,Needs attention
14241,2011-06-09 11:46:00,2,333.70000000000005,184,2,2,1,5,At risk
14242,2011-04-19 11:46:00,2,280.55,235,2,2,1,5,At risk
14243,2011-12-01 11:12:00,17,7431.05,9,4,4,4,12,Champions
14244,2010-02-17 11:40:00,1,366.41999999999996,661,1,1,2,4,At risk
14245,2011-05-04 08:40:00,2,1693.45,220,2,2,3,7,Needs attention
14246,2011-08-21 11:50:00,3,1474.06,111,2,2,3,7,Needs attention
14247,2011-03-06 15:21:00,5,753.56,278,2,3,2,7,Needs attention
14248,2011-01-25 14:45:00,3,1032.95,318,2,2,3,7,Needs attention
14249,2010-10-25 12:34:00,12,5400.461,411,1,4,4,9,Loyal
14250,2011-12-02 14:30:00,3,1904.05,7,4,2,3,9,Loyal
14251,2011-12-08 08:32:00,5,2879.7000000000003,2,4,3,4,11,Champions
14252,2010-11-23 13:36:00,1,350.99,381,1,1,2,4,At risk
14253,2010-08-03 14:55:00,2,363.40000000000003,493,1,2,2,5,At risk
14254,2010-10-03 11:52:00,1,601.03,433,1,1,2,4,At risk
14255,2010-06-11 15:54:00,1,1000.63,546,1,1,3,5,At risk
14256,2011-03-24 13:17:00,5,2460.79,260,2,3,4,9,Loyal
14257,2011-10-06 16:54:00,9,5954.45,64,3,4,4,11,Champions
14258,2011-11-30 15:27:00,25,32051.34,9,4,4,4,12,Champions
14259,2011-07-21 10:44:00,1,120.0,142,2,1,1,4,At risk
14260,2010-08-25 14:55:00,3,824.28,471,1,2,2,5,At risk
14261,2011-10-20 10:04:00,2,1163.45,51,3,2,3,8,Needs attention
14262,2011-12-01 14:17:00,8,2618.23,8,4,4,4,12,Champions
14263,2010-10-12 14:09:00,1,322.93,423,1,1,1,3,At risk
14264,2011-07-08 10:20:00,6,1517.3600000000001,155,2,3,3,8,Needs attention
14265,2011-08-22 13:32:00,4,1373.35,109,2,3,3,8,Needs attention
14266,2010-10-07 13:32:00,1,40.56,428,1,1,1,3,At risk
14267,2011-06-30 10:09:00,3,1516.24,163,2,2,3,7,Needs attention
14268,2010-08-26 10:45:00,1,354.85,471,1,1,2,4,At risk
14269,2010-09-26 12:53:00,1,295.73,439,1,1,1,3,At risk
14270,2011-01-12 09:33:00,1,492.65000000000003,332,2,1,2,5,At risk
14271,2011-04-28 12:47:00,2,214.18,226,2,2,1,5,At risk
14272,2011-09-27 10:08:00,4,920.81,74,3,3,3,9,Loyal
14273,2011-10-19 13:20:00,4,559.97,51,3,3,2,8,Needs attention
14274,2010-01-22 12:51:00,1,256.6,686,1,1,1,3,At risk
14275,2010-11-09 09:06:00,6,1189.3799999999999,396,1,3,3,7,Needs attention
14276,2011-09-02 09:45:00,7,2102.68,99,2,4,3,9,Loyal
14277,2011-11-24 15:01:00,9,17197.61,15,4,4,4,12,Champions
14278,2010-10-26 12:07:00,1,205.83,410,1,1,1,3,At risk
14279,2010-07-07 08:42:00,2,191.86,521,1,2,1,4,At risk
14280,2011-05-27 10:37:00,1,134.04,197,2,1,1,4,At risk
14281,2010-10-27 14:45:00,1,245.15,408,1,1,1,3,At risk
14282,2011-12-06 17:04:00,25,7821.76,3,4,4,4,12,Champions
14283,2010-09-02 14:46:00,4,628.4399999999999,463,1,3,2,6,Needs attention
14284,2011-11-09 08:11:00,3,1299.65,31,3,2,3,8,Needs attention
14285,2011-11-18 14:50:00,8,3284.42,21,4,4,4,12,Champions
14286,2011-11-16 10:34:00,7,8479.76,24,4,4,4,12,Champions
14287,2011-12-01 13:25:00,3,176.63,8,4,2,1,7,Needs attention
14288,2011-05-10 13:22:00,1,426.6,213,2,1,2,5,At risk
14289,2011-12-01 11:44:00,6,911.26,9,4,3,3,10,Loyal
14290,2011-11-28 14:02:00,8,4516.56,11,4,4,4,12,Champions
14291,2011-12-08 10:26:00,23,7904.1,2,4,4,4,12,Champions
14292,2011-12-02 11:50:00,16,9226.25,8,4,4,4,12,Champions
14293,2011-12-06 15:17:00,9,3267.9300000000003,3,4,4,4,12,Champions
14294,2010-10-28 16:25:00,1,375.34,407,1,1,2,4,At risk
14295,2011-10-30 15:50:00,5,2362.91,40,3,3,4,10,Loyal
14296,2010-10-14 14:14:00,2,456.40000000000003,421,1,2,2,5,At risk
14297,2011-11-22 09:06:00,4,1305.33,18,4,3,3,10,Loyal
14298,2011-12-01 13:12:00,82,91194.49,8,4,4,4,12,Champions
14299,2011-12-01 16:05:00,27,14499.49,8,4,4,4,12,Champions
14300,2011-11-21 08:57:00,1,43.2,19,4,1,1,6,Needs attention
14301,2011-08-14 15:33:00,4,1992.18,117,2,3,3,8,Needs attention
14302,2010-10-05 08:10:00,3,742.9000000000001,431,1,2,2,5,At risk
14303,2010-10-28 15:37:00,2,277.94,407,1,2,1,4,At risk
14304,2011-05-01 11:50:00,3,1725.01,223,2,2,3,7,Needs attention
14305,2011-09-29 15:29:00,3,1858.96,71,3,2,3,8,Needs attention
14306,2011-10-19 13:23:00,6,3151.4,51,3,3,4,10,Loyal
14307,2011-09-12 09:38:00,10,5071.03,89,3,4,4,11,Champions
14308,2010-06-08 16:48:00,2,1147.02,549,1,2,3,6,Needs attention
14309,2011-12-01 13:33:00,11,3780.81,8,4,4,4,12,Champions
14310,2010-10-03 12:34:00,1,492.1,433,1,1,2,4,At risk
14311,2011-04-11 10:14:00,2,516.45,243,2,2,2,6,Needs attention
14312,2011-10-24 09:46:00,11,3090.29,47,3,4,4,11,Champions
14314,2011-08-25 10:39:00,2,229.8,107,2,2,1,5,At risk
14315,2011-10-26 12:06:00,8,3197.82,45,3,4,4,11,Champions
14316,2010-10-13 16:31:00,5,1370.34,422,1,3,3,7,Needs attention
14317,2011-10-06 10:44:00,1,508.58000000000004,65,3,1,2,6,Needs attention
14318,2010-09-05 15:32:00,1,158.02,460,1,1,1,3,At risk
14319,2010-10-11 13:38:00,1,494.85,424,1,1,2,4,At risk
14320,2011-05-17 09:24:00,5,1346.75,207,2,3,3,8,Needs attention
14321,2011-11-29 09:47:00,7,2218.06,11,4,4,3,11,Champions
14322,2010-10-06 15:17:00,4,474.1,429,1,3,2,6,Needs attention
14323,2011-08-17 11:37:00,2,605.0600000000001,115,2,2,2,6,Needs attention
14324,2010-10-26 11:44:00,2,701.61,410,1,2,2,5,At risk
14325,2010-05-19 09:20:00,1,245.48000000000002,570,1,1,1,3,At risk
14326,2011-04-11 15:04:00,3,940.98,242,2,2,3,7,Needs attention
14327,2011-06-29 13:58:00,6,1894.93,163,2,3,3,8,Needs attention
14328,2010-09-27 16:01:00,1,445.05,438,1,1,2,4,At risk
14329,2011-11-22 15:50:00,15,9887.62,17,4,4,4,12,Champions
14330,2010-03-26 09:10:00,1,200.63,624,1,1,1,3,At risk
14331,2011-08-07 13:17:00,2,462.65999999999997,124,2,2,2,6,Needs attention
14332,2011-11-17 11:54:00,5,1917.41,23,4,3,3,10,Loyal
14333,2011-10-03 10:38:00,1,415.2,68,3,1,2,6,Needs attention
14334,2011-11-23 10:01:00,12,4318.48,17,4,4,4,12,Champions
14335,2011-11-23 13:41:00,2,454.86,16,4,2,2,8,Needs attention
14336,2011-11-23 11:40:00,4,1614.91,17,4,3,3,10,Loyal
14338,2011-07-01 14:08:00,3,928.1,161,2,2,3,7,Needs attention
14339,2011-04-11 11:06:00,2,620.27,243,2,2,2,6,Needs attention
14340,2011-05-05 09:44:00,1,134.7,219,2,1,1,4,At risk
14341,2011-10-25 15:48:00,18,4452.02,45,3,4,4,11,Champions
14342,2011-11-18 13:21:00,6,918.44,21,4,3,3,10,Loyal
14343,2010-10-14 13:05:00,4,1079.66,421,1,3,3,7,Needs attention
14344,2011-08-04 13:51:00,20,3333.7000000000003,127,2,4,4,10,Loyal
14345,2011-11-01 09:51:00,1,108.97999999999999,39,3,1,1,5,At risk
14346,2011-08-11 09:47:00,5,2315.75,121,2,3,4,9,Loyal
14347,2009-12-03 10:49:00,1,82.6,737,1,1,1,3,At risk
14348,2011-03-24 16:23:00,1,409.57,260,2,1,2,5,At risk
14349,2011-11-29 15:39:00,1,133.5,10,4,1,1,6,Needs attention
14350,2011-03-10 14:14:00,3,972.03,274,2,2,3,7,Needs attention
14351,2011-06-28 11:56:00,1,51.0,165,2,1,1,4,At risk
14352,2011-07-05 15:41:00,4,1078.96,157,2,3,3,8,Needs attention
14353,2011-05-08 16:06:00,3,376.5,215,2,2,2,6,Needs attention
14354,2011-12-04 11:32:00,2,163.62,6,4,2,1,7,Needs attention
14355,2010-12-09 12:16:00,3,1014.45,366,2,2,3,7,Needs attention
14356,2011-09-21 09:18:00,2,701.23,80,3,2,2,7,Needs attention
14357,2011-10-27 16:23:00,1,225.12,43,3,1,1,5,At risk
14358,2010-11-15 15:51:00,2,400.06,389,1,2,2,5,At risk
14359,2011-11-20 13:17:00,3,912.18,19,4,2,3,9,Loyal
14360,2011-11-08 09:12:00,4,2118.03,32,3,3,3,9,Loyal
14361,2010-05-10 12:29:00,1,214.70999999999998,579,1,1,1,3,At risk
14362,2011-11-17 15:08:00,1,151.5,22,4,1,1,6,Needs attention
14363,2010-11-02 17:01:00,2,227.47000000000003,402,1,2,1,4,At risk
14364,2011-08-23 11:01:00,8,3717.35,109,2,4,4,10,Loyal
14365,2010-11-10 09:52:00,2,634.68,395,1,2,2,5,At risk
14366,2010-07-02 17:23:00,1,136.0,525,1,1,1,3,At risk
14367,2011-12-01 13:19:00,16,9227.82,8,4,4,4,12,Champions
14368,2011-01-24 09:52:00,1,155.0,320,2,1,1,4,At risk
14369,2010-03-07 15:47:00,2,469.13,642,1,2,2,5,At risk
14370,2010-09-15 10:53:00,6,1175.78,451,1,3,3,7,Needs attention
14371,2011-02-17 16:35:00,1,100.5,295,2,1,1,4,At risk
14372,2010-09-22 16:17:00,2,860.08,443,1,2,2,5,At risk
14373,2010-12-16 15:40:00,1,76.55,358,2,1,1,4,At risk
14374,2010-06-16 14:25:00,1,108.0,541,1,1,1,3,At risk
14375,2011-06-07 13:44:00,3,1106.82,185,2,2,3,7,Needs attention
14376,2010-01-25 15:36:00,1,215.46,683,1,1,1,3,At risk
14377,2011-06-01 13:32:00,2,617.05,191,2,2,2,6,Needs attention
14378,2010-03-28 12:22:00,1,131.25,622,1,1,1,3,At risk
14379,2011-10-26 16:43:00,4,1265.16,44,3,3,3,9,Loyal
14380,2010-01-26 17:11:00,1,48.96,682,1,1,1,3,At risk
14381,2011-10-18 17:10:00,2,625.9399999999999,52,3,2,2,7,Needs attention
14382,2011-11-13 16:18:00,2,1193.6299999999999,26,3,2,3,8,Needs attention
14383,2011-11-01 15:53:00,3,1247.69,38,3,2,3,8,Needs attention
14384,2010-07-27 09:53:00,1,58.5,501,1,1,1,3,At risk
14385,2011-11-30 15:36:00,3,202.11,9,4,2,1,7,Needs attention
14386,2011-02-16 09:45:00,1,142.4,297,2,1,1,4,At risk
14387,2011-11-07 12:29:00,3,1727.6,33,3,2,3,8,Needs attention
14388,2011-11-29 13:32:00,16,6701.0,10,4,4,4,12,Champions
14389,2011-10-05 15:17:00,5,1898.01,65,3,3,3,9,Loyal
14390,2011-11-29 13:49:00,13,6373.7300000000005,10,4,4,4,12,Champions
14391,2010-05-12 09:42:00,1,135.6,577,1,1,1,3,At risk
14392,2010-10-03 12:56:00,1,266.4,432,1,1,1,3,At risk
14393,2011-05-05 18:16:00,1,67.95,218,2,1,1,4,At risk
14394,2010-05-24 10:43:00,1,93.8,565,1,1,1,3,At risk
14395,2011-12-07 14:34:00,20,8110.610000000001,2,4,4,4,12,Champions
14396,2011-10-05 16:09:00,7,2079.73,65,3,4,3,10,Loyal
14397,2011-12-07 09:22:00,19,2612.96,3,4,4,4,12,Champions
14398,2010-11-03 13:46:00,2,707.79,401,1,2,2,5,At risk
14399,2010-11-10 13:23:00,8,2108.21,394,1,4,3,8,Needs attention
14400,2011-07-13 15:50:00,3,1732.47,149,2,2,3,7,Needs attention
14401,2011-12-05 13:30:00,22,6795.9,4,4,4,4,12,Champions
14402,2010-02-25 13:20:00,1,285.6,652,1,1,1,3,At risk
14403,2011-08-01 12:57:00,6,1880.51,130,2,3,3,8,Needs attention
14404,2011-11-06 12:30:00,13,2853.36,34,3,4,4,11,Champions
14405,2010-11-18 11:40:00,1,195.0,387,1,1,1,3,At risk
14406,2011-08-12 16:54:00,1,156.75,119,2,1,1,4,At risk
14407,2011-08-24 14:02:00,6,2157.73,107,2,3,3,8,Needs attention
14408,2011-11-29 11:41:00,11,4102.27,11,4,4,4,12,Champions
14409,2011-09-29 18:18:00,9,3756.09,71,3,4,4,11,Champions
14410,2011-09-08 15:08:00,11,2631.9,92,3,4,4,11,Champions
14411,2011-02-02 10:56:00,1,1063.0,311,2,1,3,6,Needs attention
14412,2011-10-28 10:45:00,3,1426.19,43,3,2,3,8,Needs attention
14413,2010-12-12 13:37:00,4,764.52,362,2,3,2,7,Needs attention
14414,2011-09-09 12:09:00,8,2399.33,92,3,4,4,11,Champions
14415,2011-12-08 14:38:00,23,11980.09,1,4,4,4,12,Champions
14416,2011-11-17 15:22:00,2,490.22,22,4,2,2,8,Needs attention
14417,2010-11-17 10:55:00,1,524.65,388,1,1,2,4,At risk
14418,2011-12-06 11:39:00,3,1937.25,4,4,2,3,9,Loyal
14419,2011-11-29 11:22:00,7,1254.64,11,4,4,3,11,Champions
14420,2011-09-01 18:07:00,4,1639.17,99,2,3,3,8,Needs attention
14421,2011-10-13 13:24:00,6,2469.37,57,3,3,4,10,Loyal
14422,2011-12-09 11:26:00,19,10271.52,1,4,4,4,12,Champions
14423,2011-05-05 15:12:00,3,916.6099999999999,218,2,2,3,7,Needs attention
14424,2011-11-22 11:48:00,1,322.08,18,4,1,1,6,Needs attention
14425,2010-10-01 10:24:00,3,661.39,435,1,2,2,5,At risk
14426,2011-11-16 12:25:00,17,11727.94,24,4,4,4,12,Champions
14427,2011-10-20 14:23:00,4,1263.52,50,3,3,3,9,Loyal
14428,2011-12-02 13:17:00,5,1224.06,7,4,3,3,10,Loyal
14429,2010-11-01 10:08:00,1,516.28,404,1,1,2,4,At risk
14430,2010-07-16 11:35:00,3,1220.9,512,1,2,3,6,Needs attention
14431,2011-02-10 10:40:00,4,2614.2,303,2,3,4,9,Loyal
14432,2011-11-30 08:04:00,6,2248.5,10,4,3,3,10,Loyal
14433,2010-08-31 12:35:00,1,280.7,466,1,1,1,3,At risk
14434,2011-11-18 08:56:00,6,1372.8,22,4,3,3,10,Loyal
14435,2010-07-26 12:33:00,1,90.42,502,1,1,1,3,At risk
14436,2011-09-02 10:13:00,2,271.70000000000005,99,2,2,1,5,At risk
14437,2010-12-09 09:27:00,5,936.34,366,2,3,3,8,Needs attention
14438,2011-02-06 14:56:00,1,131.9,306,2,1,1,4,At risk
14439,2011-01-24 11:39:00,5,9443.04,320,2,3,4,9,Loyal
14440,2011-12-01 15:42:00,13,6638.7300000000005,8,4,4,4,12,Champions
14441,2011-12-09 09:07:00,11,4611.6900000000005,1,4,4,4,12,Champions
14442,2011-05-19 11:36:00,7,5367.0199999999995,205,2,4,4,10,Loyal
14443,2011-10-17 10:10:00,5,2386.47,54,3,3,4,10,Loyal
14444,2010-09-09 18:56:00,1,120.44,456,1,1,1,3,At risk
14445,2010-09-10 11:09:00,1,221.65,456,1,1,1,3,At risk
14446,2011-12-09 11:34:00,5,1200.28,1,4,3,3,10,Loyal
14447,2011-11-21 08:28:00,6,1711.73,19,4,3,3,10,Loyal
14448,2011-11-30 13:50:00,2,375.35,9,4,2,2,8,Needs attention
14449,2011-11-21 12:06:00,8,2441.2,19,4,4,4,12,Champions
14450,2011-06-12 10:46:00,7,1128.44,181,2,4,3,9,Loyal
14451,2011-10-10 13:38:00,12,3258.68,60,3,4,4,11,Champions
14452,2011-11-29 12:06:00,4,658.95,11,4,3,2,9,Loyal
14453,2011-06-02 14:15:00,1,119.93,190,2,1,1,4,At risk
14454,2010-11-28 13:26:00,5,977.3,376,2,3,3,8,Needs attention
14455,2010-10-03 15:48:00,4,617.72,432,1,3,2,6,Needs attention
14456,2011-12-04 13:59:00,9,3017.28,5,4,4,4,12,Champions
14457,2011-02-02 09:39:00,1,113.64,311,2,1,1,4,At risk
14458,2010-11-24 12:43:00,1,228.07,381,1,1,1,3,At risk
14459,2011-07-07 13:35:00,2,5375.741,155,2,2,4,8,Needs attention
14460,2011-08-21 14:19:00,9,1093.5,110,2,4,3,9,Loyal
14461,2011-07-14 17:11:00,13,6676.91,148,2,4,4,10,Loyal
14462,2011-10-04 15:55:00,12,2242.81,66,3,4,3,10,Loyal
14463,2011-09-02 15:20:00,4,786.5699999999999,98,2,3,2,7,Needs attention
14464,2010-05-20 18:00:00,2,111.0,568,1,2,1,4,At risk
14465,2011-04-07 12:38:00,11,3925.85,247,2,4,4,10,Loyal
14466,2011-11-10 14:07:00,13,4646.9,29,3,4,4,11,Champions
14467,2011-11-22 12:48:00,12,2203.2400000000002,18,4,4,3,11,Champions
14468,2009-12-06 12:21:00,1,204.24,734,1,1,1,3,At risk
14469,2010-10-19 14:30:00,4,2093.46,416,1,3,3,7,Needs attention
14470,2011-11-28 10:31:00,3,712.04,12,4,2,2,8,Needs attention
14471,2010-04-27 17:12:00,2,400.95,591,1,2,2,5,At risk
14472,2011-08-28 11:01:00,9,2118.72,104,2,4,3,9,Loyal
14473,2011-09-26 15:10:00,2,234.34000000000003,74,3,2,1,6,Needs attention
14474,2011-10-24 13:26:00,2,1258.8899999999999,46,3,2,3,8,Needs attention
14475,2011-09-29 10:46:00,4,1151.15,72,3,3,3,9,Loyal
14476,2011-03-27 15:39:00,1,193.0,257,2,1,1,4,At risk
14477,2011-11-20 11:11:00,7,1969.6,20,4,4,3,11,Champions
14478,2010-11-22 15:29:00,4,1276.66,382,1,3,3,7,Needs attention
14479,2011-03-31 09:07:00,4,1299.11,254,2,3,3,8,Needs attention
14480,2011-11-28 16:35:00,4,1299.52,11,4,3,3,10,Loyal
14481,2011-06-28 10:38:00,5,2284.69,165,2,3,3,8,Needs attention
14482,2011-11-21 13:14:00,12,4306.72,18,4,4,4,12,Champions
14483,2011-03-03 10:26:00,2,257.1,282,2,2,1,5,At risk
14484,2011-10-20 14:11:00,4,1070.98,50,3,3,3,9,Loyal
14485,2011-11-01 12:25:00,1,162.8,39,3,1,1,5,At risk
14486,2010-07-16 09:42:00,2,175.5,512,1,2,1,4,At risk
14487,2011-11-13 12:17:00,7,1391.37,27,3,4,3,10,Loyal
14488,2011-10-03 09:30:00,1,1064.28,68,3,1,3,7,Needs attention
14489,2011-05-16 14:51:00,4,1574.93,207,2,3,3,8,Needs attention
14490,2010-10-29 15:04:00,2,1273.47,406,1,2,3,6,Needs attention
14491,2011-06-17 15:22:00,2,468.13,175,2,2,2,6,Needs attention
14492,2010-10-05 13:21:00,7,1921.91,430,1,4,3,8,Needs attention
14493,2011-12-02 16:14:00,10,5087.86,7,4,4,4,12,Champions
14494,2011-11-14 09:21:00,3,401.46,26,3,2,2,7,Needs attention
14495,2011-10-20 12:28:00,3,174.8,51,3,2,1,6,Needs attention
14496,2011-02-01 09:01:00,7,2668.23,312,2,4,4,10,Loyal
14497,2011-02-03 17:01:00,2,697.0600000000001,309,2,2,2,6,Needs attention
14498,2011-10-28 12:09:00,10,3900.83,43,3,4,4,11,Champions
14499,2011-11-13 13:01:00,7,2101.79,26,3,4,3,10,Loyal
14500,2011-09-12 16:45:00,3,356.85,88,3,2,2,7,Needs attention
14501,2011-06-09 12:02:00,2,251.21,184,2,2,1,5,At risk
14502,2011-11-20 11:50:00,11,2429.83,20,4,4,4,12,Champions
14503,2011-12-06 13:30:00,6,3543.26,3,4,3,4,11,Champions
14504,2011-10-23 16:00:00,4,673.26,47,3,3,2,8,Needs attention
14505,2011-11-22 15:45:00,19,11879.08,17,4,4,4,12,Champions
14506,2011-11-22 13:02:00,7,3217.25,17,4,4,4,12,Champions
14507,2011-11-16 12:21:00,11,3216.7400000000002,24,4,4,4,12,Champions
14508,2011-11-17 19:48:00,5,822.92,22,4,3,2,9,Loyal
14509,2010-06-23 13:21:00,1,110.95,534,1,1,1,3,At risk
14510,2010-11-29 12:46:00,3,979.85,376,2,2,3,7,Needs attention
14511,2011-11-28 17:05:00,5,1314.81,11,4,3,3,10,Loyal
14512,2011-06-05 12:39:00,7,1215.97,188,2,4,3,9,Loyal
14513,2011-08-31 11:25:00,6,788.01,101,2,3,2,7,Needs attention
14514,2011-10-09 16:05:00,9,4380.04,61,3,4,4,11,Champions
14515,2011-11-22 11:37:00,12,3724.06,18,4,4,4,12,Champions
14516,2010-07-11 14:07:00,1,151.17,516,1,1,1,3,At risk
14517,2011-11-06 14:20:00,2,330.45,33,3,2,1,6,Needs attention
14518,2011-10-06 14:43:00,1,174.37,64,3,1,1,5,At risk
14519,2010-01-25 11:18:00,2,203.14,684,1,2,1,4,At risk
14520,2011-12-08 09:46:00,2,270.6,2,4,2,1,7,Needs attention
14521,2010-08-05 16:35:00,1,199.45000000000002,491,1,1,1,3,At risk
14522,2011-11-15 13:24:00,8,1748.42,24,4,4,3,11,Champions
14523,2011-08-23 13:13:00,1,241.09,108,2,1,1,4,At risk
14524,2011-11-08 12:29:00,13,2909.86,32,3,4,4,11,Champions
14525,2011-11-20 11:37:00,17,8026.54,20,4,4,4,12,Champions
14526,2010-11-15 13:32:00,1,258.65,389,1,1,1,3,At risk
14527,2011-12-07 12:19:00,122,27764.21,3,4,4,4,12,Champions
14528,2011-11-02 17:09:00,1,364.21999999999997,37,3,1,2,6,Needs attention
14529,2011-10-10 15:27:00,3,578.61,60,3,2,2,7,Needs attention
14530,2011-11-14 10:38:00,16,6088.87,26,3,4,4,11,Champions
14531,2010-08-17 10:16:00,1,376.34,480,1,1,2,4,At risk
14532,2011-04-17 13:05:00,11,3845.78,236,2,4,4,10,Loyal
14533,2011-11-15 12:05:00,11,3466.37,25,4,4,4,12,Champions
14534,2011-12-07 12:19:00,26,6187.66,3,4,4,4,12,Champions
14535,2011-10-10 15:39:00,9,5973.2300000000005,60,3,4,4,11,Champions
14536,2011-03-25 12:21:00,1,170.95,260,2,1,1,4,At risk
14537,2011-10-13 10:54:00,2,641.4,58,3,2,2,7,Needs attention
14538,2011-10-06 10:31:00,5,1370.8400000000001,65,3,3,3,9,Loyal
14539,2011-11-24 09:50:00,2,537.48,16,4,2,2,8,Needs attention
14540,2011-11-30 10:15:00,11,3709.64,10,4,4,4,12,Champions
14541,2011-10-12 10:08:00,14,2491.38,59,3,4,4,11,Champions
14542,2011-06-07 08:19:00,1,103.25,186,2,1,1,4,At risk
14543,2011-11-11 12:45:00,39,14587.87,29,3,4,4,11,Champions
14544,2011-11-15 15:06:00,3,2938.53,24,4,2,4,10,Loyal
14545,2010-02-03 15:23:00,1,349.25,674,1,1,2,4,At risk
14546,2011-12-04 13:00:00,11,5184.84,5,4,4,4,12,Champions
14547,2011-12-06 11:06:00,8,3974.75,4,4,4,4,12,Champions
14548,2011-07-12 12:19:00,9,2541.29,151,2,4,4,10,Loyal
14549,2011-02-01 13:47:00,4,913.6,311,2,3,3,8,Needs attention
14550,2011-11-29 12:12:00,4,1345.06,11,4,3,3,10,Loyal
14551,2011-11-21 13:36:00,7,878.09,18,4,4,2,10,Loyal
14552,2011-07-11 12:49:00,3,507.93,152,2,2,2,6,Needs attention
14553,2011-11-20 13:20:00,9,1818.6,19,4,4,3,11,Champions
14554,2011-11-29 16:44:00,4,2279.4900000000002,10,4,3,3,10,Loyal
14555,2011-10-13 16:24:00,6,2304.03,57,3,3,4,10,Loyal
14556,2010-04-22 14:57:00,3,815.69,596,1,2,2,5,At risk
14557,2011-09-15 15:48:00,1,788.38,85,3,1,2,6,Needs attention
14558,2010-02-23 12:51:00,3,655.5,654,1,2,2,5,At risk
14559,2010-11-14 16:05:00,1,75.6,390,1,1,1,3,At risk
14560,2011-12-02 15:22:00,44,6114.03,7,4,4,4,12,Champions
14561,2011-09-25 12:39:00,3,1080.76,76,3,2,3,8,Needs attention
14562,2011-12-06 11:05:00,26,6638.150000000001,4,4,4,4,12,Champions
14563,2010-07-18 12:01:00,2,640.54,510,1,2,2,5,At risk
14564,2010-10-01 09:02:00,2,2605.62,435,1,2,4,7,Needs attention
14565,2011-09-05 09:07:00,5,3859.2200000000003,96,2,3,4,9,Loyal
14566,2011-08-21 11:05:00,4,4092.0,111,2,3,4,9,Loyal
14567,2011-10-14 10:21:00,2,1530.3600000000001,57,3,2,3,8,Needs attention
14568,2010-09-30 17:15:00,1,919.7,435,1,1,3,5,At risk
14569,2011-12-08 14:58:00,4,597.3299999999999,1,4,3,2,9,Loyal
14570,2011-03-04 10:58:00,3,613.75,281,2,2,2,6,Needs attention
14571,2010-10-10 15:06:00,1,160.0,425,1,1,1,3,At risk
14572,2011-12-06 14:40:00,11,5526.88,3,4,4,4,12,Champions
14573,2011-06-13 11:15:00,13,2565.12,180,2,4,4,10,Loyal
14574,2009-12-07 12:42:00,1,143.70000000000002,733,1,1,1,3,At risk
14575,2010-08-08 14:51:00,1,420.22,488,1,1,2,4,At risk
14576,2010-12-02 17:51:00,1,70.80000000000001,372,2,1,1,4,At risk
14577,2011-11-27 12:47:00,7,1364.15,13,4,4,3,11,Champions
14578,2011-12-06 17:18:00,1,168.63,3,4,1,1,6,Needs attention
14579,2010-10-03 14:36:00,1,105.56,432,1,1,1,3,At risk
14580,2010-07-09 15:20:00,1,14.850000000000001,518,1,1,1,3,At risk
14581,2011-11-23 12:39:00,2,409.65,17,4,2,2,8,Needs attention
14582,2011-10-30 11:56:00,1,114.11,41,3,1,1,5,At risk
14583,2011-12-04 12:32:00,8,1660.29,6,4,4,3,11,Champions
14584,2011-06-23 18:33:00,8,1738.16,169,2,4,3,9,Loyal
14585,2011-10-20 14:33:00,5,1143.27,50,3,3,3,9,Loyal
14586,2011-03-08 10:04:00,1,237.36,277,2,1,1,4,At risk
14587,2011-11-21 11:34:00,9,1580.29,19,4,4,3,11,Champions
14588,2010-05-10 15:08:00,1,135.39,578,1,1,1,3,At risk
14589,2010-12-03 11:42:00,1,79.5,372,2,1,1,4,At risk
14590,2010-10-11 12:06:00,20,2993.37,425,1,4,4,9,Loyal
14591,2011-11-24 13:57:00,4,1320.21,15,4,3,3,10,Loyal
14592,2011-11-04 16:35:00,3,557.94,35,3,2,2,7,Needs attention
14593,2011-11-18 12:48:00,12,3665.5299999999997,22,4,4,4,12,Champions
14594,2011-12-02 13:28:00,2,618.33,7,4,2,2,8,Needs attention
14595,2011-11-20 12:12:00,8,2164.45,20,4,4,3,11,Champions
14596,2010-03-23 12:13:00,1,222.22000000000003,627,1,1,1,3,At risk
14597,2011-11-28 13:13:00,6,2184.63,11,4,3,3,10,Loyal
14598,2011-10-26 13:19:00,2,384.04,44,3,2,2,7,Needs attention
14599,2010-11-14 14:49:00,2,457.89,390,1,2,2,5,At risk
14600,2011-02-07 09:48:00,2,865.1700000000001,306,2,2,2,6,Needs attention
14601,2011-11-29 09:48:00,1,213.96,11,4,1,1,6,Needs attention
14602,2010-02-21 15:47:00,1,205.35999999999999,656,1,1,1,3,At risk
14603,2011-03-10 10:27:00,1,660.0,275,2,1,2,5,At risk
14604,2010-03-16 13:00:00,1,143.85999999999999,633,1,1,1,3,At risk
14605,2010-11-30 14:07:00,4,921.5600000000001,374,2,3,3,8,Needs attention
14606,2011-12-08 19:28:00,192,30558.25,1,4,4,4,12,Champions
14607,2011-11-24 10:35:00,22,23763.13,16,4,4,4,12,Champions
14608,2011-12-05 16:52:00,11,3352.94,4,4,4,4,12,Champions
14609,2011-09-28 12:54:00,10,1486.2,72,3,4,3,10,Loyal
14610,2010-11-09 10:58:00,2,24.35,396,1,2,1,4,At risk
14611,2010-09-22 09:19:00,2,604.3299999999999,444,1,2,2,5,At risk
14612,2010-10-20 16:01:00,1,877.7,415,1,1,2,4,At risk
14613,2010-01-28 13:02:00,1,76.32000000000001,680,1,1,1,3,At risk
14614,2010-11-18 13:04:00,1,295.13,386,1,1,1,3,At risk
14615,2010-11-10 13:36:00,5,951.76,394,1,3,3,7,Needs attention
14616,2011-04-11 09:54:00,5,527.78,243,2,3,2,7,Needs attention
14617,2010-11-02 11:41:00,2,190.47000000000003,403,1,2,1,4,At risk
14618,2011-11-30 13:45:00,7,1342.32,9,4,4,3,11,Champions
14619,2011-04-08 07:37:00,2,1291.24,246,2,2,3,7,Needs attention
14620,2011-05-18 11:58:00,2,412.78000000000003,206,2,2,2,6,Needs attention
14621,2011-12-08 16:22:00,9,3000.57,1,4,4,4,12,Champions
14622,2011-06-08 12:42:00,1,320.58000000000004,185,2,1,1,4,At risk
14623,2011-11-07 13:56:00,10,2016.98,32,3,4,3,10,Loyal
14624,2011-10-13 13:44:00,6,814.07,57,3,3,2,8,Needs attention
14625,2011-05-27 15:32:00,11,4497.88,196,2,4,4,10,Loyal
14626,2011-11-16 10:37:00,11,5410.92,24,4,4,4,12,Champions
14627,2010-11-25 16:32:00,1,462.75,379,2,1,2,5,At risk
14628,2011-09-09 14:58:00,5,1998.0,91,3,3,3,9,Loyal
14629,2011-12-05 16:55:00,2,955.26,4,4,2,3,9,Loyal
14630,2010-08-12 16:38:00,1,338.65,484,1,1,1,3,At risk
14631,2011-10-20 11:17:00,6,2025.69,51,3,3,3,9,Loyal
14632,2011-03-22 08:49:00,1,114.56,263,2,1,1,4,At risk
14633,2011-03-18 17:07:00,1,344.90000000000003,266,2,1,1,4,At risk
14634,2010-09-28 10:40:00,4,2124.46,438,1,3,3,7,Needs attention
14635,2010-09-12 10:47:00,1,215.22,454,1,1,1,3,At risk
14636,2011-11-03 16:12:00,2,609.85,36,3,2,2,7,Needs attention
14637,2010-01-31 15:52:00,1,106.67999999999999,677,1,1,1,3,At risk
14638,2011-10-20 10:10:00,1,443.6,51,3,1,2,6,Needs attention
14639,2011-10-18 15:06:00,9,4978.96,52,3,4,4,11,Champions
14640,2011-11-15 13:07:00,10,3649.36,24,4,4,4,12,Champions
14641,2011-11-18 10:42:00,1,110.46,22,4,1,1,6,Needs attention
14642,2011-10-12 11:08:00,1,96.12,59,3,1,1,5,At risk
14643,2011-06-22 14:41:00,5,1679.89,170,2,3,3,8,Needs attention
14644,2011-10-03 08:30:00,7,2247.72,68,3,4,3,10,Loyal
14645,2011-07-06 09:15:00,3,876.89,157,2,2,2,6,Needs attention
14646,2011-12-08 12:12:00,151,528602.52,2,4,4,4,12,Champions
14647,2011-05-22 13:40:00,2,506.04,201,2,2,2,6,Needs attention
14648,2010-10-19 13:12:00,15,4466.65,416,1,4,4,9,Loyal
14649,2011-12-05 12:30:00,9,3651.19,5,4,4,4,12,Champions
14650,2010-04-29 20:27:00,1,62.5,589,1,1,1,3,At risk
14651,2011-10-03 15:52:00,9,2025.52,67,3,4,3,10,Loyal
14652,2011-09-23 14:21:00,1,114.18,77,3,1,1,5,At risk
14653,2011-12-08 13:45:00,12,3593.06,1,4,4,4,12,Champions
14654,2009-12-01 12:57:00,1,246.86,738,1,1,1,3,At risk
14655,2011-12-01 16:28:00,7,3878.51,8,4,4,4,12,Champions
14656,2011-06-23 13:51:00,5,790.0,169,2,3,2,7,Needs attention
14657,2011-11-22 12:47:00,6,1450.19,18,4,3,3,10,Loyal
14658,2011-12-04 15:35:00,2,247.15,5,4,2,1,7,Needs attention
14659,2011-12-01 12:17:00,9,2529.93,9,4,4,4,12,Champions
14660,2011-09-14 11:34:00,2,285.74,87,3,2,1,6,Needs attention
14661,2011-11-13 11:51:00,1,107.95,27,3,1,1,5,At risk
14662,2011-11-11 12:13:00,7,1376.43,29,3,4,3,10,Loyal
14663,2010-10-05 13:21:00,2,490.6,430,1,2,2,5,At risk
14664,2011-11-20 10:59:00,2,636.24,20,4,2,2,8,Needs attention
14665,2011-10-10 09:14:00,7,2749.65,61,3,4,4,11,Champions
14666,2011-11-15 12:57:00,1,195.25,24,4,1,1,6,Needs attention
14667,2011-11-29 11:30:00,54,21593.05,11,4,4,4,12,Champions
14668,2010-09-20 15:03:00,1,111.63,445,1,1,1,3,At risk
14669,2011-04-12 11:43:00,7,3216.78,242,2,4,4,10,Loyal
14670,2011-03-04 14:13:00,3,583.33,280,2,2,2,6,Needs attention
14671,2010-06-08 13:39:00,2,1127.45,549,1,2,3,6,Needs attention
14672,2011-04-19 10:19:00,4,1113.14,235,2,3,3,8,Needs attention
14673,2011-12-06 14:31:00,7,3410.81,3,4,4,4,12,Champions
14674,2010-07-18 14:25:00,1,173.66,509,1,1,1,3,At risk
14675,2011-11-23 12:58:00,2,1015.58,16,4,2,3,9,Loyal
14676,2011-11-08 13:29:00,12,8356.79,31,3,4,4,11,Champions
14677,2010-04-26 09:48:00,1,184.91,593,1,1,1,3,At risk
14678,2010-05-09 14:32:00,1,403.39,579,1,1,2,4,At risk
14679,2010-11-23 11:51:00,3,1289.44,382,1,2,3,6,Needs attention
14680,2011-11-14 16:59:00,58,57369.38,25,4,4,4,12,Champions
14681,2011-09-29 15:52:00,6,875.1500000000001,71,3,3,2,8,Needs attention
14682,2011-06-05 12:12:00,6,1514.81,188,2,3,3,8,Needs attention
14683,2010-04-30 17:18:00,1,146.56,588,1,1,1,3,At risk
14684,2011-11-14 11:33:00,6,1430.03,26,3,3,3,9,Loyal
14685,2010-05-12 13:08:00,8,4536.64,576,1,4,4,9,Loyal
14686,2010-10-21 18:31:00,5,852.53,414,1,3,2,6,Needs attention
14687,2011-08-25 11:59:00,3,1402.06,107,2,2,3,7,Needs attention
14688,2011-12-02 12:26:00,28,7635.4,8,4,4,4,12,Champions
14689,2011-05-15 11:22:00,1,112.8,209,2,1,1,4,At risk
14690,2011-10-26 15:39:00,4,777.68,44,3,3,2,8,Needs attention
14691,2011-11-09 12:30:00,5,2114.33,31,3,3,3,9,Loyal
14692,2011-07-25 15:08:00,12,1715.1399999999999,137,2,4,3,9,Loyal
14693,2011-03-20 12:50:00,7,1165.36,265,2,4,3,9,Loyal
14694,2010-04-01 19:46:00,1,244.31,617,1,1,1,3,At risk
14695,2010-07-08 14:18:00,3,1534.22,519,1,2,3,6,Needs attention
14696,2011-12-05 13:43:00,8,2767.9,4,4,4,4,12,Champions
14697,2011-05-05 15:39:00,2,188.60999999999999,218,2,2,1,5,At risk
14698,2011-12-08 12:26:00,5,1217.27,2,4,3,3,10,Loyal
14699,2011-05-09 14:54:00,4,702.6,214,2,3,2,7,Needs attention
14700,2011-11-07 14:40:00,5,3076.06,32,3,3,4,10,Loyal
14701,2011-11-29 12:38:00,15,4487.11,11,4,4,4,12,Champions
14702,2011-12-08 19:29:00,29,6679.2300000000005,1,4,4,4,12,Champions
14703,2011-11-25 09:23:00,1,318.17,15,4,1,1,6,Needs attention
14704,2011-11-28 12:51:00,11,1752.92,11,4,4,3,11,Champions
14705,2011-05-25 12:39:00,1,179.0,199,2,1,1,4,At risk
14706,2010-03-31 11:09:00,1,367.54,619,1,1,2,4,At risk
14707,2010-09-30 11:37:00,2,139.2,436,1,2,1,4,At risk
14708,2011-12-07 08:21:00,5,2212.2799999999997,3,4,3,3,10,Loyal
14709,2011-11-24 15:41:00,25,8886.33,15,4,4,4,12,Champions
14710,2011-11-25 14:53:00,13,1899.79,14,4,4,3,11,Champions
14711,2011-11-29 14:58:00,11,2839.62,10,4,4,4,12,Champions
14712,2011-11-10 12:59:00,4,1328.0700000000002,29,3,3,3,9,Loyal
14713,2011-11-30 16:26:00,21,5414.71,9,4,4,4,12,Champions
14714,2011-11-15 13:07:00,4,906.24,24,4,3,3,10,Loyal
14715,2011-11-15 12:10:00,8,1825.45,25,4,4,3,11,Champions
14716,2011-10-27 17:29:00,3,543.28,43,3,2,2,7,Needs attention
14717,2009-12-06 13:05:00,1,81.3,733,1,1,1,3,At risk
14718,2010-10-25 13:07:00,1,226.42,410,1,1,1,3,At risk
14719,2011-12-08 12:43:00,5,1581.84,2,4,3,3,10,Loyal
14720,2011-12-04 12:02:00,3,663.81,6,4,2,2,8,Needs attention
14721,2010-11-25 13:08:00,1,109.07,379,2,1,1,4,At risk
14722,2011-07-15 14:58:00,3,489.52,147,2,2,2,6,Needs attention
14723,2011-11-29 15:23:00,11,2050.25,10,4,4,3,11,Champions
14724,2010-04-28 13:26:00,1,341.9,590,1,1,1,3,At risk
14725,2011-11-15 12:42:00,4,1252.74,25,4,3,3,10,Loyal
14726,2010-02-23 12:35:00,1,116.5,655,1,1,1,3,At risk
14727,2011-03-10 14:45:00,3,463.72999999999996,274,2,2,2,6,Needs attention
14728,2010-10-22 15:57:00,1,190.58,413,1,1,1,3,At risk
14729,2010-12-01 12:43:00,3,899.73,374,2,2,3,7,Needs attention
14730,2011-12-08 14:39:00,8,1897.57,1,4,4,3,11,Champions
14731,2011-10-23 15:54:00,3,380.02,47,3,2,2,7,Needs attention
14732,2011-12-01 14:34:00,19,5517.07,8,4,4,4,12,Champions
14733,2011-11-23 15:39:00,15,16165.17,16,4,4,4,12,Champions
14734,2010-10-10 12:04:00,4,1056.42,426,1,3,3,7,Needs attention
14735,2011-12-06 12:09:00,56,12240.16,4,4,4,4,12,Champions
14736,2010-08-11 15:21:00,2,374.05,485,1,2,2,5,At risk
14737,2011-12-06 10:16:00,4,3554.17,4,4,3,4,11,Champions
14738,2011-10-28 08:56:00,9,1821.9,43,3,4,3,10,Loyal
14739,2011-12-05 16:54:00,25,12287.5,4,4,4,4,12,Champions
14740,2011-05-26 18:17:00,11,4161.06,197,2,4,4,10,Loyal
14741,2011-11-28 08:48:00,7,1897.59,12,4,4,3,11,Champions
14742,2010-09-30 14:07:00,1,579.85,435,1,1,2,4,At risk
14743,2010-04-26 10:26:00,1,50.48,593,1,1,1,3,At risk
14744,2011-11-23 12:51:00,14,3885.08,16,4,4,4,12,Champions
14745,2011-08-19 10:05:00,12,2551.41,113,2,4,4,10,Loyal
14746,2010-10-29 14:44:00,4,593.5,406,1,3,2,6,Needs attention
14747,2011-04-04 14:09:00,1,328.2,249,2,1,1,4,At risk
14748,2011-11-10 18:33:00,10,3152.32,29,3,4,4,11,Champions
14749,2010-08-17 12:36:00,1,310.15,480,1,1,1,3,At risk
14750,2009-12-03 17:57:00,1,112.03,736,1,1,1,3,At risk
14751,2010-01-24 13:37:00,2,126.45,684,1,2,1,4,At risk
14752,2011-10-27 11:55:00,1,389.64,44,3,1,2,6,Needs attention
14753,2011-09-13 14:50:00,2,869.51,87,3,2,2,7,Needs attention
14754,2011-10-26 12:01:00,6,1547.93,45,3,3,3,9,Loyal
14755,2011-11-30 11:24:00,25,9972.550000000001,10,4,4,4,12,Champions
14756,2011-11-24 18:13:00,3,2653.76,15,4,2,4,10,Loyal
14757,2011-09-25 14:36:00,1,420.5,75,3,1,2,6,Needs attention
14758,2011-07-18 08:21:00,7,2864.97,145,2,4,4,10,Loyal
14759,2011-12-05 12:03:00,3,1625.97,5,4,2,3,9,Loyal
14760,2011-02-15 16:27:00,1,89.2,297,2,1,1,4,At risk
14761,2011-10-12 12:10:00,3,447.92,59,3,2,2,7,Needs attention
14762,2011-03-21 08:20:00,2,417.57,264,2,2,2,6,Needs attention
14764,2011-10-24 11:54:00,1,278.3,47,3,1,1,5,At risk
14765,2011-11-10 19:53:00,3,254.11,29,3,2,1,6,Needs attention
14766,2011-12-01 16:05:00,11,6556.13,8,4,4,4,12,Champions
14767,2010-08-22 14:54:00,1,382.81,474,1,1,2,4,At risk
14768,2011-11-22 12:54:00,2,192.60000000000002,17,4,2,1,7,Needs attention
14769,2011-12-07 10:24:00,17,15514.11,3,4,4,4,12,Champions
14770,2011-04-21 14:21:00,8,3637.64,232,2,4,4,10,Loyal
14771,2010-03-28 12:52:00,2,594.62,621,1,2,2,5,At risk
14772,2011-08-19 15:04:00,1,139.26,112,2,1,1,4,At risk
14773,2010-04-26 10:29:00,1,140.55,593,1,1,1,3,At risk
14774,2010-06-29 12:26:00,1,241.45,529,1,1,1,3,At risk
14775,2011-10-12 15:27:00,3,1418.46,58,3,2,3,8,Needs attention
14776,2011-10-19 15:34:00,15,3708.3,51,3,4,4,11,Champions
14777,2010-11-01 12:50:00,1,307.56,404,1,1,1,3,At risk
14778,2011-08-04 15:23:00,2,730.86,127,2,2,2,6,Needs attention
14779,2011-03-04 12:42:00,3,386.15,281,2,2,2,6,Needs attention
14780,2011-10-16 12:46:00,2,447.68,55,3,2,2,7,Needs attention
14782,2011-01-24 11:12:00,1,200.10000000000002,320,2,1,1,4,At risk
14783,2010-02-18 16:16:00,1,307.3,659,1,1,1,3,At risk
14784,2011-11-13 13:30:00,3,449.93,26,3,2,2,7,Needs attention
14785,2011-11-29 13:21:00,2,77.4,10,4,2,1,7,Needs attention
14786,2010-06-07 13:42:00,1,90.96,550,1,1,1,3,At risk
14787,2010-08-25 14:38:00,1,110.65,471,1,1,1,3,At risk
14788,2011-12-02 17:06:00,3,1156.32,7,4,2,3,9,Loyal
14789,2011-11-11 08:59:00,1,197.64,29,3,1,1,5,At risk
14790,2011-11-23 09:28:00,10,2526.62,17,4,4,4,12,Champions
14791,2010-04-12 10:24:00,1,303.63,607,1,1,1,3,At risk
14792,2011-10-07 09:19:00,1,6.2,64,3,1,1,5,At risk
14793,2011-11-18 14:50:00,2,625.9,21,4,2,2,8,Needs attention
14794,2011-12-07 10:11:00,10,1953.9,3,4,4,3,11,Champions
14795,2011-06-26 13:04:00,1,131.45000000000002,166,2,1,1,4,At risk
14796,2011-12-08 15:31:00,27,10840.54,1,4,4,4,12,Champions
14797,2010-07-20 14:07:00,1,300.31,507,1,1,1,3,At risk
14798,2011-10-18 10:58:00,8,724.31,53,3,4,2,9,Loyal
14799,2011-10-19 16:16:00,2,338.15,51,3,2,1,6,Needs attention
14800,2011-10-23 12:46:00,17,7747.17,48,3,4,4,11,Champions
14801,2011-10-09 15:24:00,1,189.34,61,3,1,1,5,At risk
14802,2010-09-27 16:34:00,2,1502.98,438,1,2,3,6,Needs attention
14803,2011-06-30 13:58:00,3,845.55,162,2,2,2,6,Needs attention
14804,2011-12-01 11:20:00,1,353.27,9,4,1,2,7,Needs attention
14805,2011-11-24 16:20:00,7,1082.55,15,4,4,3,11,Champions
14806,2011-09-25 15:32:00,2,303.43,75,3,2,1,6,Needs attention
14807,2010-11-14 12:47:00,2,504.14,391,1,2,2,5,At risk
14808,2011-10-31 12:21:00,8,2718.6,40,3,4,4,11,Champions
14809,2010-03-28 15:44:00,2,686.76,621,1,2,2,5,At risk
14810,2011-10-30 11:19:00,13,2531.92,41,3,4,4,11,Champions
14811,2010-11-17 13:09:00,1,170.5,387,1,1,1,3,At risk
14812,2010-04-20 12:13:00,1,178.85,599,1,1,1,3,At risk
14813,2010-12-05 11:57:00,4,1041.79,370,2,3,3,8,Needs attention
14814,2010-05-07 14:10:00,1,154.21,581,1,1,1,3,At risk
14815,2011-11-03 11:36:00,2,778.5,37,3,2,2,7,Needs attention
14816,2011-05-26 13:16:00,1,271.85,197,2,1,1,4,At risk
14817,2011-05-23 13:35:00,7,3959.86,200,2,4,4,10,Loyal
14818,2011-09-27 11:01:00,6,1153.56,74,3,3,3,9,Loyal
14819,2011-10-06 13:41:00,4,456.41,64,3,3,2,8,Needs attention
14820,2011-11-18 15:41:00,9,1274.76,21,4,4,3,11,Champions
14821,2010-12-08 08:43:00,7,1278.95,367,2,4,3,9,Loyal
14822,2010-08-11 12:52:00,1,157.70000000000002,485,1,1,1,3,At risk
14823,2011-06-12 13:12:00,3,321.43,180,2,2,1,5,At risk
14824,2011-11-29 14:20:00,10,4022.9100000000003,10,4,4,4,12,Champions
14825,2011-12-06 11:38:00,24,4919.18,4,4,4,4,12,Champions
14826,2010-05-07 09:00:00,2,385.2,582,1,2,2,5,At risk
14828,2011-05-27 10:16:00,13,9839.460000000001,197,2,4,4,10,Loyal
14829,2011-11-10 16:16:00,7,1692.84,29,3,4,3,10,Loyal
14830,2011-10-17 14:29:00,1,188.88,53,3,1,1,5,At risk
14831,2010-01-28 14:31:00,3,1676.57,680,1,2,3,6,Needs attention
14832,2010-03-19 15:14:00,1,322.69,630,1,1,1,3,At risk
14833,2010-07-29 10:06:00,1,94.8,499,1,1,1,3,At risk
14834,2011-11-22 10:30:00,7,2206.16,18,4,4,3,11,Champions
14835,2010-06-29 10:08:00,2,297.0,529,1,2,1,4,At risk
14836,2011-11-29 16:45:00,3,102.44999999999999,10,4,2,1,7,Needs attention
14837,2011-09-11 10:58:00,9,3460.32,90,3,4,4,11,Champions
14838,2010-10-12 15:46:00,2,769.9200000000001,423,1,2,2,5,At risk
14839,2010-10-17 13:01:00,3,915.28,418,1,2,3,6,Needs attention
14840,2011-03-17 12:00:00,2,362.71,268,2,2,2,6,Needs attention
14841,2011-10-17 15:03:00,14,7163.0,53,3,4,4,11,Champions
14842,2011-10-27 12:37:00,4,2824.69,44,3,3,4,10,Loyal
14843,2010-09-29 12:39:00,1,211.79999999999998,437,1,1,1,3,At risk
14844,2011-10-07 10:41:00,10,6702.43,64,3,4,4,11,Champions
14845,2010-04-19 10:19:00,1,150.0,600,1,1,1,3,At risk
14846,2010-10-08 17:07:00,1,437.4,427,1,1,2,4,At risk
14847,2011-07-14 10:52:00,3,1348.95,149,2,2,3,7,Needs attention
14848,2010-10-31 12:22:00,1,310.56,405,1,1,1,3,At risk
14849,2011-11-18 10:58:00,43,15763.45,22,4,4,4,12,Champions
14850,2011-02-01 11:21:00,7,1770.96,312,2,4,3,9,Loyal
14851,2011-11-16 14:20:00,3,829.4100000000001,23,4,2,2,8,Needs attention
14852,2011-10-12 13:20:00,18,6132.43,58,3,4,4,11,Champions
14853,2011-11-15 16:56:00,5,1376.87,24,4,3,3,10,Loyal
14854,2011-09-22 17:00:00,11,4303.06,78,3,4,4,11,Champions
14855,2011-08-12 14:02:00,7,6520.3,119,2,4,4,10,Loyal
14856,2011-11-03 14:53:00,3,1290.53,36,3,2,3,8,Needs attention
14857,2011-10-11 09:23:00,7,3651.851,60,3,4,4,11,Champions
14858,2010-07-22 10:51:00,1,180.75,506,1,1,1,3,At risk
14859,2011-11-27 11:18:00,5,1705.64,13,4,3,3,10,Loyal
14860,2011-11-20 14:17:00,1,170.32,19,4,1,1,6,Needs attention
14861,2011-10-18 12:54:00,10,1380.73,52,3,4,3,10,Loyal
14862,2011-11-14 10:01:00,2,841.1999999999999,26,3,2,2,7,Needs attention
14863,2011-11-10 15:04:00,1,266.76,29,3,1,1,5,At risk
14865,2011-12-02 16:25:00,4,129.72,7,4,3,1,8,Needs attention
14866,2011-11-29 11:45:00,19,20850.22,11,4,4,4,12,Champions
14867,2011-06-07 11:39:00,16,2952.06,186,2,4,4,10,Loyal
14868,2011-12-06 14:49:00,12,4184.01,3,4,4,4,12,Champions
14869,2011-12-01 12:36:00,6,2778.14,9,4,3,4,11,Champions
14870,2011-03-23 10:51:00,6,1838.95,262,2,3,3,8,Needs attention
14871,2011-12-06 13:42:00,9,1228.17,3,4,4,3,11,Champions
14872,2010-08-13 12:34:00,3,816.6,484,1,2,2,5,At risk
14873,2011-05-13 13:52:00,2,854.13,210,2,2,2,6,Needs attention
14874,2010-06-22 14:58:00,1,116.18,535,1,1,1,3,At risk
14875,2011-08-24 12:20:00,3,2862.4,108,2,2,4,8,Needs attention
14876,2010-07-06 14:57:00,2,256.7,521,1,2,1,4,At risk
14877,2010-10-17 13:09:00,2,425.85,418,1,2,2,5,At risk
14878,2011-11-27 11:15:00,25,4076.5,13,4,4,4,12,Champions
14879,2010-01-24 11:35:00,1,185.06,685,1,1,1,3,At risk
14880,2011-09-23 13:42:00,3,690.59,77,3,2,2,7,Needs attention
14881,2011-11-20 11:06:00,1,255.4,20,4,1,1,6,Needs attention
14882,2011-11-13 12:47:00,14,3546.65,27,3,4,4,11,Champions
14883,2011-11-21 10:23:00,6,761.59,19,4,3,2,9,Loyal
14884,2010-02-08 12:56:00,1,120.6,669,1,1,1,3,At risk
14885,2011-07-31 12:05:00,3,1598.12,132,2,2,3,7,Needs attention
14886,2011-04-01 08:56:00,1,364.8,253,2,1,2,5,At risk
14887,2011-09-21 15:32:00,1,1862.0,79,3,1,3,7,Needs attention
14888,2011-05-16 14:58:00,1,369.2,207,2,1,2,5,At risk
14889,2011-01-07 15:19:00,1,135.9,336,2,1,1,4,At risk
14890,2011-03-31 11:57:00,3,817.25,254,2,2,2,6,Needs attention
14891,2011-07-14 18:08:00,4,1106.73,148,2,3,3,8,Needs attention
14892,2010-01-18 08:58:00,1,202.35000000000002,691,1,1,1,3,At risk
14893,2011-11-30 12:31:00,3,1809.6100000000001,10,4,2,3,9,Loyal
14894,2011-09-15 13:51:00,3,1492.81,85,3,2,3,8,Needs attention
14895,2011-12-02 09:23:00,38,25119.54,8,4,4,4,12,Champions
14896,2011-05-19 10:20:00,8,2083.2200000000003,205,2,4,3,9,Loyal
14897,2011-12-02 10:32:00,8,3140.54,8,4,4,4,12,Champions
14898,2011-11-16 14:54:00,14,3464.45,23,4,4,4,12,Champions
14899,2010-11-09 15:20:00,1,1331.38,395,1,1,3,5,At risk
14900,2010-07-05 15:09:00,1,13.919999999999998,522,1,1,1,3,At risk
14901,2011-11-28 17:09:00,12,2281.4,11,4,4,3,11,Champions
14902,2011-11-14 10:34:00,3,1035.6200000000001,26,3,2,3,8,Needs attention
14903,2011-11-18 16:07:00,5,2795.33,21,4,3,4,11,Champions
14904,2011-12-07 12:55:00,4,1630.49,2,4,3,3,10,Loyal
14905,2011-07-05 12:41:00,8,1971.39,158,2,4,3,9,Loyal
14906,2010-09-20 16:30:00,1,68.44,445,1,1,1,3,At risk
14907,2011-12-06 14:14:00,16,6165.79,3,4,4,4,12,Champions
14908,2011-09-26 12:56:00,2,381.9,74,3,2,2,7,Needs attention
14909,2010-09-28 16:56:00,3,1404.68,437,1,2,3,6,Needs attention
14910,2011-12-07 10:06:00,4,434.35,3,4,3,2,9,Loyal
14911,2011-12-08 15:54:00,398,295832.39,1,4,4,4,12,Champions
14912,2011-11-23 09:20:00,6,1889.25,17,4,3,3,10,Loyal
14913,2011-11-04 08:29:00,8,4073.13,36,3,4,4,11,Champions
14915,2011-09-09 13:34:00,11,1811.25,91,3,4,3,10,Loyal
14916,2011-09-30 09:20:00,8,3042.95,71,3,4,4,11,Champions
14917,2010-04-22 11:28:00,2,1123.75,597,1,2,3,6,Needs attention
14918,2011-08-16 11:50:00,9,5955.81,116,2,4,4,10,Loyal
14919,2010-06-18 13:06:00,1,359.35,539,1,1,2,4,At risk
14920,2011-05-11 10:32:00,3,1607.17,213,2,2,3,7,Needs attention
14921,2011-11-09 13:17:00,2,1316.07,30,3,2,3,8,Needs attention
14922,2010-11-11 11:14:00,2,843.74,394,1,2,2,5,At risk
14923,2011-10-20 11:51:00,1,749.1,51,3,1,2,6,Needs attention
14924,2011-04-08 09:25:00,3,931.01,246,2,2,3,7,Needs attention
14926,2010-11-23 07:13:00,2,359.4,382,1,2,2,5,At risk
14927,2010-11-08 12:30:00,1,308.2,397,1,1,1,3,At risk
14928,2010-03-22 09:14:00,1,223.91000000000003,628,1,1,1,3,At risk
14929,2011-11-07 17:21:00,2,836.69,32,3,2,2,7,Needs attention
14930,2011-08-23 10:31:00,6,5236.7300000000005,109,2,3,4,9,Loyal
14931,2011-12-05 10:19:00,5,1257.68,5,4,3,3,10,Loyal
14932,2010-12-09 11:48:00,2,1029.66,366,2,2,3,7,Needs attention
14933,2010-09-22 10:47:00,4,1770.0,444,1,3,3,7,Needs attention
14934,2011-09-19 10:10:00,5,3503.5,82,3,3,4,10,Loyal
14935,2011-02-15 14:44:00,2,2849.83,297,2,2,4,8,Needs attention
14936,2011-11-06 10:30:00,12,12410.81,34,3,4,4,11,Champions
14937,2011-10-14 12:29:00,3,1621.88,57,3,2,3,8,Needs attention
14938,2010-05-26 13:38:00,2,2322.43,562,1,2,4,7,Needs attention
14940,2010-10-18 10:47:00,2,531.49,418,1,2,2,5,At risk
14941,2010-05-10 11:30:00,1,182.1,579,1,1,1,3,At risk
14942,2010-11-03 10:51:00,4,746.56,402,1,3,2,6,Needs attention
14943,2010-02-14 16:04:00,1,107.62,663,1,1,1,3,At risk
14944,2011-11-10 09:10:00,19,9784.67,30,3,4,4,11,Champions
14945,2010-10-22 11:26:00,1,179.4,414,1,1,1,3,At risk
14946,2011-11-25 13:33:00,1,100.9,14,4,1,1,6,Needs attention
14947,2011-09-28 15:48:00,6,1049.79,72,3,3,3,9,Loyal
14948,2011-11-16 17:16:00,6,1101.97,23,4,3,3,10,Loyal
14949,2010-08-27 15:38:00,4,515.0,469,1,3,2,6,Needs attention
14950,2011-11-20 13:48:00,1,371.2,19,4,1,2,7,Needs attention
14951,2011-09-21 15:15:00,1,311.69,79,3,1,1,5,At risk
14952,2011-10-11 10:33:00,32,17629.35,60,3,4,4,11,Champions
14953,2011-11-14 14:59:00,4,971.32,25,4,3,3,10,Loyal
14954,2011-11-27 14:30:00,2,462.12,12,4,2,2,8,Needs attention
14955,2009-12-07 11:35:00,1,163.77,733,1,1,1,3,At risk
14956,2010-10-14 16:40:00,1,1325.0,421,1,1,3,5,At risk
14957,2011-03-31 17:59:00,2,261.69,253,2,2,1,5,At risk
14958,2011-07-15 14:20:00,6,941.99,147,2,3,3,8,Needs attention
14959,2011-10-06 18:23:00,4,695.42,64,3,3,2,8,Needs attention
14960,2011-12-01 12:54:00,2,221.27,8,4,2,1,7,Needs attention
14961,2011-11-29 09:42:00,22,16410.15,11,4,4,4,12,Champions
14962,2011-03-14 09:42:00,4,366.91,271,2,3,2,7,Needs attention
14963,2011-11-30 12:16:00,12,3123.57,10,4,4,4,12,Champions
14964,2011-04-06 14:13:00,1,206.21,247,2,1,1,4,At risk
14965,2011-09-04 13:20:00,2,596.09,96,2,2,2,6,Needs attention
14966,2011-11-25 12:20:00,6,1064.26,15,4,3,3,10,Loyal
14967,2011-10-21 11:06:00,6,1982.6100000000001,50,3,3,3,9,Loyal
14968,2011-11-09 13:58:00,2,501.24,30,3,2,2,7,Needs attention
14969,2010-01-05 12:43:00,1,906.23,704,1,1,3,5,At risk
14970,2011-10-02 13:44:00,12,4919.35,68,3,4,4,11,Champions
14971,2011-11-04 17:07:00,3,1097.98,35,3,2,3,8,Needs attention
14972,2011-08-03 14:54:00,2,145.07,128,2,2,1,5,At risk
14973,2011-08-24 15:51:00,3,1314.45,107,2,2,3,7,Needs attention
14974,2011-11-02 13:01:00,1,89.94,37,3,1,1,5,At risk
14975,2011-10-13 14:08:00,2,472.39,57,3,2,2,7,Needs attention
14976,2011-10-13 16:37:00,7,790.86,57,3,4,2,9,Loyal
14977,2009-12-14 10:37:00,1,31.929999999999996,726,1,1,1,3,At risk
14978,2011-09-28 13:07:00,10,3112.19,72,3,4,4,11,Champions
14979,2009-12-04 12:54:00,1,429.66,735,1,1,2,4,At risk
14980,2009-12-02 14:09:00,1,150.68,737,1,1,1,3,At risk
14981,2011-04-07 13:45:00,2,372.92,246,2,2,2,6,Needs attention
14982,2010-05-16 15:52:00,1,237.78,572,1,1,1,3,At risk
14983,2010-01-19 17:32:00,1,183.20000000000002,689,1,1,1,3,At risk
14984,2011-11-20 14:28:00,6,1260.51,19,4,3,3,10,Loyal
14985,2011-05-25 14:29:00,2,292.01,198,2,2,1,5,At risk
14986,2010-11-28 15:25:00,2,563.1,376,2,2,2,6,Needs attention
14987,2011-11-24 09:59:00,8,1713.85,16,4,4,3,11,Champions
14988,2011-05-12 12:05:00,7,2038.65,212,2,4,3,9,Loyal
14989,2010-02-16 10:40:00,1,342.4,662,1,1,1,3,At risk
14990,2010-04-06 13:54:00,2,304.17,612,1,2,1,4,At risk
14991,2010-10-05 13:01:00,1,314.67,430,1,1,1,3,At risk
14992,2010-09-23 17:48:00,1,210.5,442,1,1,1,3,At risk
14993,2010-05-25 12:47:00,1,36.13,564,1,1,1,3,At risk
14994,2010-11-22 12:59:00,5,946.72,382,1,3,3,7,Needs attention
14995,2011-11-01 11:39:00,2,231.98000000000002,39,3,2,1,6,Needs attention
14996,2010-08-15 13:44:00,2,442.28999999999996,481,1,2,2,5,At risk
14997,2011-10-24 13:28:00,4,776.5999999999999,46,3,3,2,8,Needs attention
14998,2011-06-22 17:30:00,4,753.18,170,2,3,2,7,Needs attention
14999,2010-04-26 10:47:00,1,129.48000000000002,593,1,1,1,3,At risk
15000,2011-10-23 11:42:00,1,490.52,48,3,1,2,6,Needs attention
15001,2010-11-10 13:51:00,2,199.10999999999999,394,1,2,1,4,At risk
15002,2011-08-16 10:44:00,9,4769.7300000000005,116,2,4,4,10,Loyal
15003,2010-08-23 15:44:00,6,1027.03,473,1,3,3,7,Needs attention
15004,2011-07-15 14:05:00,1,1220.77,147,2,1,3,6,Needs attention
15005,2011-11-24 12:25:00,56,13977.08,16,4,4,4,12,Champions
15006,2011-10-19 15:08:00,2,757.78,51,3,2,2,7,Needs attention
15007,2011-07-03 16:00:00,1,156.91,159,2,1,1,4,At risk
15008,2010-08-16 13:09:00,2,360.0,480,1,2,2,5,At risk
15009,2011-11-27 13:35:00,3,1259.43,12,4,2,3,9,Loyal
15010,2011-11-04 12:42:00,1,308.94,36,3,1,1,5,At risk
15011,2010-11-09 11:10:00,2,416.6,396,1,2,2,5,At risk
15012,2011-10-17 12:22:00,3,834.82,54,3,2,2,7,Needs attention
15013,2010-08-09 12:05:00,10,1610.82,488,1,4,3,8,Needs attention
15014,2011-10-27 20:07:00,2,257.67,43,3,2,1,6,Needs attention
15015,2010-07-26 13:50:00,13,2354.97,501,1,4,4,9,Loyal
15016,2011-06-20 12:06:00,5,620.89,173,2,3,2,7,Needs attention
15017,2011-11-06 10:33:00,1,125.58,34,3,1,1,5,At risk
15018,2011-11-01 12:47:00,3,607.46,39,3,2,2,7,Needs attention
15019,2011-03-18 12:35:00,1,252.81,267,2,1,1,4,At risk
15020,2010-11-25 13:29:00,1,198.47,379,2,1,1,4,At risk
15021,2011-12-01 11:53:00,12,2698.68,9,4,4,4,12,Champions
15022,2011-11-28 12:35:00,5,1133.44,12,4,3,3,10,Loyal
15023,2011-12-06 17:23:00,20,12008.05,3,4,4,4,12,Champions
15024,2011-11-30 12:06:00,16,4050.61,10,4,4,4,12,Champions
15025,2011-11-06 15:20:00,2,979.79,33,3,2,3,8,Needs attention
15026,2011-09-20 13:52:00,5,1048.8899999999999,80,3,3,3,9,Loyal
15027,2011-11-09 10:16:00,10,3195.6,31,3,4,4,11,Champions
15028,2011-12-01 14:06:00,6,1148.91,8,4,3,3,10,Loyal
15029,2010-03-30 12:16:00,1,365.1,620,1,1,2,4,At risk
15030,2011-09-29 10:50:00,8,1979.91,72,3,4,3,10,Loyal
15031,2011-12-05 14:19:00,14,3102.94,4,4,4,4,12,Champions
15032,2011-03-28 15:03:00,8,13780.65,256,2,4,4,10,Loyal
15033,2011-12-05 12:40:00,10,2557.18,5,4,4,4,12,Champions
15034,2011-11-24 12:11:00,14,8231.2,16,4,4,4,12,Champions
15035,2011-09-11 11:08:00,1,252.73000000000002,90,3,1,1,5,At risk
15036,2011-09-28 15:42:00,3,429.56,72,3,2,2,7,Needs attention
15037,2010-11-28 13:05:00,2,397.76,376,2,2,2,6,Needs attention
15038,2011-10-12 11:33:00,9,1265.41,59,3,4,3,10,Loyal
15039,2011-11-30 11:31:00,93,39726.89,10,4,4,4,12,Champions
15040,2010-06-16 11:40:00,1,7.49,542,1,1,1,3,At risk
15041,2011-06-22 16:16:00,2,289.4,170,2,2,1,5,At risk
15042,2011-05-24 16:25:00,2,315.45,199,2,2,1,5,At risk
15043,2011-11-08 14:26:00,6,2870.3199999999997,31,3,3,4,10,Loyal
15044,2011-11-20 13:20:00,35,16024.15,19,4,4,4,12,Champions
15045,2011-07-11 11:33:00,2,735.66,152,2,2,2,6,Needs attention
15046,2011-11-30 15:50:00,25,7623.79,9,4,4,4,12,Champions
15047,2011-03-15 10:49:00,1,343.62,270,2,1,1,4,At risk
15048,2011-10-05 14:55:00,4,479.7,65,3,3,2,8,Needs attention
15049,2011-03-11 12:13:00,1,121.17000000000002,274,2,1,1,4,At risk
15050,2011-11-14 16:17:00,5,4087.19,25,4,3,4,11,Champions
15051,2011-11-16 15:38:00,9,3926.91,23,4,4,4,12,Champions
15052,2011-01-24 15:52:00,1,207.73000000000002,319,2,1,1,4,At risk
15053,2011-12-05 12:08:00,3,693.95,5,4,2,2,8,Needs attention
15054,2011-11-27 15:02:00,2,302.1,12,4,2,1,7,Needs attention
15055,2010-08-22 11:06:00,3,549.12,475,1,2,2,5,At risk
15056,2010-07-07 15:58:00,1,113.64999999999999,520,1,1,1,3,At risk
15057,2011-03-09 15:17:00,5,3255.96,275,2,3,4,9,Loyal
15058,2011-11-14 14:57:00,16,3387.58,25,4,4,4,12,Champions
15059,2011-10-30 11:35:00,19,3491.2,41,3,4,4,11,Champions
15060,2011-12-01 13:47:00,4,294.25,8,4,3,1,8,Needs attention
15061,2011-12-06 12:06:00,127,137818.52,4,4,4,4,12,Champions
15062,2011-09-29 16:51:00,8,2585.62,71,3,4,4,11,Champions
15063,2011-05-10 13:25:00,1,370.79999999999995,213,2,1,2,5,At risk
15064,2010-10-25 14:32:00,4,1254.41,410,1,3,3,7,Needs attention
15065,2011-11-02 09:45:00,5,3326.86,38,3,3,4,10,Loyal
15066,2011-10-17 13:25:00,1,893.59,53,3,1,3,7,Needs attention
15067,2011-09-22 13:20:00,5,3862.88,78,3,3,4,10,Loyal
15068,2011-10-24 14:47:00,4,1174.9,46,3,3,3,9,Loyal
15069,2011-06-13 14:16:00,1,1109.53,179,2,1,3,6,Needs attention
15070,2010-12-02 11:23:00,3,843.25,373,2,2,2,6,Needs attention
15071,2011-09-07 11:43:00,4,1455.56,94,3,3,3,9,Loyal
15072,2010-08-17 15:46:00,1,187.51999999999998,479,1,1,1,3,At risk
15073,2011-11-30 10:44:00,8,2788.02,10,4,4,4,12,Champions
15074,2011-08-26 14:45:00,3,1553.1299999999999,105,2,2,3,7,Needs attention
15075,2011-09-23 12:27:00,1,773.03,78,3,1,2,6,Needs attention
15076,2011-06-20 08:23:00,3,1447.74,173,2,2,3,7,Needs attention
15077,2010-08-02 11:13:00,2,2428.08,495,1,2,4,7,Needs attention
15078,2011-12-02 15:41:00,53,17761.88,7,4,4,4,12,Champions
15079,2011-05-11 12:45:00,11,3767.35,213,2,4,4,10,Loyal
15080,2010-10-08 11:52:00,2,546.25,428,1,2,2,5,At risk
15081,2011-11-17 17:08:00,12,1965.72,22,4,4,3,11,Champions
15082,2010-02-09 10:23:00,1,93.35000000000001,669,1,1,1,3,At risk
15083,2011-03-28 12:18:00,1,88.2,257,2,1,1,4,At risk
15084,2010-11-25 11:58:00,2,965.2,380,2,2,3,7,Needs attention
15085,2009-12-10 11:47:00,1,347.54,730,1,1,2,4,At risk
15086,2010-05-24 12:27:00,2,218.53,565,1,2,1,4,At risk
15087,2011-03-03 10:34:00,1,306.94,282,2,1,1,4,At risk
15088,2011-11-18 13:14:00,2,1160.07,21,4,2,3,9,Loyal
15089,2011-11-29 16:31:00,6,2420.84,10,4,3,4,11,Champions
15090,2011-02-04 14:03:00,1,381.32,308,2,1,2,5,At risk
15091,2011-10-03 12:47:00,3,1046.6100000000001,68,3,2,3,8,Needs attention
15092,2011-05-08 14:10:00,3,776.46,215,2,2,2,6,Needs attention
15093,2011-11-21 13:09:00,23,14326.11,18,4,4,4,12,Champions
15094,2010-09-02 16:55:00,2,83.0,463,1,2,1,4,At risk
15095,2011-08-28 12:01:00,10,3141.64,104,2,4,4,10,Loyal
15096,2011-10-28 10:27:00,1,219.39000000000001,43,3,1,1,5,At risk
15097,2011-12-05 14:03:00,3,908.35,4,4,2,3,9,Loyal
15098,2011-06-10 15:33:00,3,39916.5,182,2,2,4,8,Needs attention
15099,2011-09-16 13:13:00,1,410.48,84,3,1,2,6,Needs attention
15100,2011-01-10 10:35:00,7,2894.7,334,2,4,4,10,Loyal
15101,2011-12-01 10:18:00,6,1477.94,9,4,3,3,10,Loyal
15102,2010-06-27 12:16:00,2,554.67,531,1,2,2,5,At risk
15103,2011-11-08 14:53:00,2,703.36,31,3,2,2,7,Needs attention
15104,2011-05-27 12:29:00,2,993.54,197,2,2,3,7,Needs attention
15105,2011-11-21 16:54:00,9,3094.91,18,4,4,4,12,Champions
15106,2011-11-22 09:16:00,5,1422.52,18,4,3,3,10,Loyal
15107,2011-02-01 14:46:00,9,940.35,311,2,4,3,9,Loyal
15108,2011-07-21 10:24:00,4,1300.25,142,2,3,3,8,Needs attention
15109,2011-04-08 09:58:00,3,983.1,246,2,2,3,7,Needs attention
15110,2011-11-16 11:16:00,6,1505.8500000000001,24,4,3,3,10,Loyal
15111,2011-11-10 16:58:00,5,2730.87,29,3,3,4,10,Loyal
15112,2010-04-07 14:17:00,1,209.4,611,1,1,1,3,At risk
15113,2011-11-30 08:23:00,3,3509.43,10,4,2,4,10,Loyal
15114,2011-11-09 15:05:00,12,3400.12,30,3,4,4,11,Champions
15115,2011-11-21 14:59:00,2,531.85,18,4,2,2,8,Needs attention
15116,2011-11-22 12:25:00,4,1352.75,18,4,3,3,10,Loyal
15117,2011-11-25 08:12:00,8,2485.9700000000003,15,4,4,4,12,Champions
15118,2011-07-28 14:54:00,1,244.8,134,2,1,1,4,At risk
15119,2011-04-08 09:08:00,1,266.4,246,2,1,1,4,At risk
15120,2011-07-29 09:48:00,1,358.82,134,2,1,2,5,At risk
15121,2011-10-20 14:51:00,2,457.72,50,3,2,2,7,Needs attention
15122,2011-08-17 16:48:00,11,4487.27,114,2,4,4,10,Loyal
15123,2011-12-02 13:12:00,5,4656.17,7,4,3,4,11,Champions
15124,2011-11-17 10:09:00,4,450.82,23,4,3,2,9,Loyal
15125,2011-11-14 13:57:00,24,17024.87,25,4,4,4,12,Champions
15126,2010-06-21 12:31:00,2,449.49,537,1,2,2,5,At risk
15127,2011-10-05 10:30:00,2,711.5,66,3,2,2,7,Needs attention
15128,2011-10-10 13:54:00,5,1783.68,60,3,3,3,9,Loyal
15129,2011-10-20 14:40:00,23,6860.18,50,3,4,4,11,Champions
15130,2011-06-23 10:15:00,1,330.11,170,2,1,1,4,At risk
15131,2010-11-10 12:07:00,1,80.28,395,1,1,1,3,At risk
15132,2011-11-21 17:10:00,5,977.9300000000001,18,4,3,3,10,Loyal
15133,2011-08-04 10:44:00,5,1806.9,128,2,3,3,8,Needs attention
15134,2011-11-25 08:55:00,10,1596.29,15,4,4,3,11,Champions
15135,2011-04-14 19:16:00,2,305.68,239,2,2,1,5,At risk
15136,2011-12-07 12:26:00,4,1286.7,3,4,3,3,10,Loyal
15137,2010-07-07 09:41:00,2,823.4,521,1,2,2,5,At risk
15138,2010-11-11 09:16:00,1,502.52,394,1,1,2,4,At risk
15139,2011-04-14 11:39:00,2,178.96,240,2,2,1,5,At risk
15140,2011-10-18 14:07:00,8,3243.69,52,3,4,4,11,Champions
15141,2010-09-08 11:33:00,7,1388.47,458,1,4,3,8,Needs attention
15142,2011-10-24 12:51:00,6,2619.92,46,3,3,4,10,Loyal
15143,2011-04-28 12:03:00,2,563.63,226,2,2,2,6,Needs attention
15144,2011-12-01 15:12:00,29,12160.31,8,4,4,4,12,Champions
15145,2011-12-05 17:21:00,4,1194.73,4,4,3,3,10,Loyal
15146,2011-06-28 12:09:00,2,1327.16,165,2,2,3,7,Needs attention
15147,2011-04-13 15:57:00,1,623.5,240,2,1,2,5,At risk
15148,2011-11-29 08:21:00,1,301.29,11,4,1,1,6,Needs attention
15149,2011-07-29 10:58:00,5,1554.6100000000001,134,2,3,3,8,Needs attention
15150,2011-11-22 12:52:00,13,8977.94,17,4,4,4,12,Champions
15151,2010-10-12 16:37:00,2,2085.61,423,1,2,3,6,Needs attention
15152,2011-11-30 12:32:00,14,5263.83,10,4,4,4,12,Champions
15153,2011-11-08 17:09:00,1,329.25,31,3,1,1,5,At risk
15154,2011-09-25 16:05:00,3,1343.72,75,3,2,3,8,Needs attention
15155,2010-11-21 12:59:00,1,383.96999999999997,383,1,1,2,4,At risk
15156,2011-12-08 18:22:00,3,961.49,1,4,2,3,9,Loyal
15157,2011-12-06 11:28:00,5,2654.11,4,4,3,4,11,Champions
15158,2011-10-25 13:53:00,2,606.02,45,3,2,2,7,Needs attention
15159,2011-12-08 12:05:00,34,22116.73,2,4,4,4,12,Champions
15160,2010-12-17 14:15:00,4,589.27,357,2,3,2,7,Needs attention
15161,2010-11-16 16:08:00,1,119.92,388,1,1,1,3,At risk
15162,2009-12-08 13:14:00,1,312.9,731,1,1,1,3,At risk
15163,2011-11-21 13:10:00,2,304.47,18,4,2,1,7,Needs attention
15164,2011-10-02 12:05:00,9,2028.1100000000001,69,3,4,3,10,Loyal
15165,2010-12-01 14:03:00,1,975.5,373,2,1,3,6,Needs attention
15166,2010-08-29 12:31:00,1,167.16,468,1,1,1,3,At risk
15167,2011-01-23 12:41:00,5,1627.62,321,2,3,3,8,Needs attention
15168,2011-11-14 11:26:00,1,106.56,26,3,1,1,5,At risk
15169,2010-11-22 13:04:00,2,569.22,382,1,2,2,5,At risk
15170,2010-10-29 10:34:00,1,81.15,407,1,1,1,3,At risk
15171,2011-01-12 15:36:00,1,1289.5,331,2,1,3,6,Needs attention
15172,2011-12-01 11:51:00,5,1624.05,9,4,3,3,10,Loyal
15173,2010-11-24 10:21:00,7,1494.6,381,1,4,3,8,Needs attention
15174,2011-01-21 09:06:00,2,481.46,323,2,2,2,6,Needs attention
15175,2011-09-29 11:31:00,1,224.14,72,3,1,1,5,At risk
15176,2010-02-10 10:36:00,1,988.04,668,1,1,3,5,At risk
15177,2010-10-10 12:48:00,1,948.93,426,1,1,3,5,At risk
15178,2011-03-24 15:12:00,1,40.5,260,2,1,1,4,At risk
15179,2011-11-21 12:53:00,13,7491.92,18,4,4,4,12,Champions
15180,2010-12-07 14:57:00,3,904.4300000000001,367,2,2,3,7,Needs attention
15181,2011-10-04 13:58:00,5,1200.2,66,3,3,3,9,Loyal
15182,2011-07-08 13:37:00,11,2998.952,154,2,4,4,10,Loyal
15183,2010-06-10 10:43:00,3,639.93,548,1,2,2,5,At risk
15184,2011-11-10 13:41:00,4,685.39,29,3,3,2,8,Needs attention
15185,2011-09-30 14:06:00,1,310.62,70,3,1,1,5,At risk
15186,2011-11-25 14:58:00,5,1403.2,14,4,3,3,10,Loyal
15187,2011-12-08 11:56:00,16,4777.18,2,4,4,4,12,Champions
15188,2009-12-14 13:30:00,1,310.43,725,1,1,1,3,At risk
15189,2011-12-08 13:22:00,46,17524.38,1,4,4,4,12,Champions
15190,2010-10-01 13:09:00,1,834.4399999999999,434,1,1,2,4,At risk
15191,2010-09-02 15:37:00,3,588.05,463,1,2,2,5,At risk
15192,2011-08-12 11:41:00,5,1981.39,120,2,3,3,8,Needs attention
15193,2011-10-10 08:23:00,1,499.32,61,3,1,2,6,Needs attention
15194,2011-12-06 15:10:00,28,12427.69,3,4,4,4,12,Champions
15195,2011-12-07 12:20:00,1,3861.0,3,4,1,4,9,Loyal
15196,2010-10-03 10:50:00,2,313.7,433,1,2,1,4,At risk
15197,2011-11-29 10:00:00,6,1877.51,11,4,3,3,10,Loyal
15198,2011-09-08 14:42:00,5,571.35,92,3,3,2,8,Needs attention
15199,2011-10-11 15:12:00,10,3122.4,59,3,4,4,11,Champions
15200,2010-08-02 09:38:00,1,549.05,495,1,1,2,4,At risk
15201,2011-09-13 14:53:00,7,1842.95,87,3,4,3,10,Loyal
15202,2010-10-15 13:05:00,3,6001.49,420,1,2,4,7,Needs attention
15203,2011-11-14 08:16:00,15,4400.18,26,3,4,4,11,Champions
15204,2010-12-17 13:49:00,1,316.58,357,2,1,1,4,At risk
15205,2011-09-15 19:36:00,2,653.24,85,3,2,2,7,Needs attention
15206,2011-11-29 13:41:00,4,420.29999999999995,10,4,3,2,9,Loyal
15207,2010-10-19 13:29:00,3,683.9200000000001,416,1,2,2,5,At risk
15208,2011-12-08 17:24:00,6,970.52,1,4,3,3,10,Loyal
15209,2009-12-09 17:26:00,1,178.98000000000002,730,1,1,1,3,At risk
15210,2011-04-28 16:11:00,3,1176.19,225,2,2,3,7,Needs attention
15211,2011-10-10 13:31:00,2,1277.48,60,3,2,3,8,Needs attention
15212,2011-04-12 13:45:00,2,208.28,241,2,2,1,5,At risk
15213,2011-01-25 12:21:00,2,328.35,319,2,2,1,5,At risk
15214,2011-12-08 12:07:00,8,1661.44,2,4,4,3,11,Champions
15215,2011-10-24 11:41:00,7,2422.43,47,3,4,4,11,Champions
15216,2011-09-13 11:41:00,2,486.09,88,3,2,2,7,Needs attention
15217,2010-05-25 13:51:00,1,426.24,563,1,1,2,4,At risk
15218,2011-11-29 11:48:00,22,11468.83,11,4,4,4,12,Champions
15219,2011-06-16 16:57:00,2,685.45,176,2,2,2,6,Needs attention
15220,2011-10-19 12:39:00,6,1778.96,52,3,3,3,9,Loyal
15221,2010-12-08 13:08:00,4,2465.4500000000003,366,2,3,4,9,Loyal
15222,2011-01-25 08:03:00,11,3550.91,319,2,4,4,10,Loyal
15223,2011-04-28 11:31:00,5,1417.95,226,2,3,3,8,Needs attention
15224,2010-12-16 15:02:00,5,871.36,358,2,3,2,7,Needs attention
15225,2011-04-19 14:51:00,1,409.40000000000003,234,2,1,2,5,At risk
15226,2011-02-02 11:41:00,1,154.41,311,2,1,1,4,At risk
15227,2011-11-03 11:59:00,9,2488.4900000000002,37,3,4,4,11,Champions
15228,2011-10-04 13:56:00,6,5580.2699999999995,66,3,3,4,10,Loyal
15229,2010-05-02 13:50:00,1,160.5,586,1,1,1,3,At risk
15230,2011-04-14 14:39:00,2,429.6,239,2,2,2,6,Needs attention
15231,2010-03-28 15:12:00,1,250.26,621,1,1,1,3,At risk
15232,2011-08-18 16:27:00,2,612.06,113,2,2,2,6,Needs attention
15233,2010-11-03 13:36:00,1,59.400000000000006,401,1,1,1,3,At risk
15234,2011-03-08 08:53:00,1,197.0,277,2,1,1,4,At risk
15235,2011-05-06 09:44:00,16,2937.81,218,2,4,4,10,Loyal
15236,2011-02-14 10:52:00,1,321.05,299,2,1,1,4,At risk
15237,2011-12-08 09:46:00,4,1412.32,2,4,3,3,10,Loyal
15238,2011-11-10 14:28:00,3,1071.99,29,3,2,3,8,Needs attention
15239,2011-11-29 14:14:00,2,780.59,10,4,2,2,8,Needs attention
15240,2011-10-26 09:50:00,12,4459.98,45,3,4,4,11,Champions
15241,2011-10-04 09:05:00,11,3050.16,67,3,4,4,11,Champions
15242,2010-10-13 15:33:00,1,302.04,422,1,1,1,3,At risk
15243,2011-09-26 14:12:00,2,927.2800000000001,74,3,2,3,8,Needs attention
15244,2011-10-05 13:19:00,3,912.08,65,3,2,3,8,Needs attention
15245,2011-07-28 18:56:00,8,4610.84,134,2,4,4,10,Loyal
15246,2011-04-15 14:45:00,3,780.4,238,2,2,2,6,Needs attention
15247,2011-08-09 12:52:00,3,976.06,122,2,2,3,7,Needs attention
15248,2010-10-24 13:09:00,3,1893.93,411,1,2,3,6,Needs attention
15249,2011-11-08 11:45:00,18,9266.0,32,3,4,4,11,Champions
15250,2010-03-09 07:35:00,1,60.0,641,1,1,1,3,At risk
15251,2011-11-30 15:02:00,21,20324.54,9,4,4,4,12,Champions
15252,2011-11-03 13:30:00,5,2103.41,36,3,3,3,9,Loyal
15253,2011-11-23 16:22:00,8,2055.09,16,4,4,3,11,Champions
15254,2011-08-04 15:04:00,3,1088.35,127,2,2,3,7,Needs attention
15255,2011-10-04 12:43:00,9,3706.02,67,3,4,4,11,Champions
15256,2011-07-14 11:47:00,2,170.4,149,2,2,1,5,At risk
15257,2011-03-01 12:58:00,2,685.9,283,2,2,2,6,Needs attention
15258,2011-06-24 12:30:00,2,623.16,169,2,2,2,6,Needs attention
15259,2010-07-15 08:47:00,4,1182.3799999999999,513,1,3,3,7,Needs attention
15260,2011-08-31 13:55:00,25,9188.23,100,2,4,4,10,Loyal
15261,2011-07-27 15:20:00,4,1508.0,135,2,3,3,8,Needs attention
15262,2011-01-20 12:16:00,3,418.82,324,2,2,2,6,Needs attention
15263,2011-08-25 10:26:00,1,156.51,107,2,1,1,4,At risk
15264,2011-10-06 13:49:00,2,848.4,64,3,2,2,7,Needs attention
15265,2011-07-11 14:46:00,4,3345.64,151,2,3,4,9,Loyal
15266,2011-01-05 13:40:00,5,852.21,338,2,3,2,7,Needs attention
15267,2011-11-17 15:59:00,5,1717.36,22,4,3,3,10,Loyal
15268,2010-08-18 10:33:00,3,961.9000000000001,479,1,2,3,6,Needs attention
15269,2011-11-16 09:32:00,3,1225.3600000000001,24,4,2,3,9,Loyal
15270,2011-11-24 09:24:00,21,8524.86,16,4,4,4,12,Champions
15271,2011-12-02 14:11:00,24,4640.29,7,4,4,4,12,Champions
15272,2011-10-13 12:59:00,6,2030.95,57,3,3,3,9,Loyal
15273,2010-04-19 11:31:00,1,228.96,600,1,1,1,3,At risk
15274,2011-12-05 16:57:00,2,716.57,4,4,2,2,8,Needs attention
15275,2011-11-02 11:20:00,1,615.14,38,3,1,2,6,Needs attention
15276,2011-10-04 16:39:00,4,619.8,66,3,3,2,8,Needs attention
15277,2011-10-24 10:08:00,2,476.34,47,3,2,2,7,Needs attention
15278,2010-05-27 10:03:00,4,496.15999999999997,562,1,3,2,6,Needs attention
15279,2010-12-20 10:48:00,5,1580.54,355,2,3,3,8,Needs attention
15280,2011-06-20 17:14:00,3,397.52,172,2,2,2,6,Needs attention
15281,2011-10-12 09:10:00,16,8543.57,59,3,4,4,11,Champions
15282,2010-05-18 16:27:00,1,348.59,570,1,1,2,4,At risk
15283,2010-11-14 14:54:00,3,148.33,390,1,2,1,4,At risk
15284,2010-07-27 13:25:00,1,24.75,500,1,1,1,3,At risk
15285,2010-10-28 09:46:00,1,94.92,408,1,1,1,3,At risk
15286,2011-10-21 11:08:00,1,240.55,50,3,1,1,5,At risk
15287,2011-11-17 15:34:00,5,856.03,22,4,3,2,9,Loyal
15288,2011-10-27 16:58:00,10,3881.03,43,3,4,4,11,Champions
15289,2011-11-10 13:49:00,5,1593.09,29,3,3,3,9,Loyal
15290,2011-12-05 11:39:00,26,10496.28,5,4,4,4,12,Champions
15291,2011-11-14 11:02:00,40,13846.56,26,3,4,4,11,Champions
15292,2011-05-22 15:00:00,1,178.39,201,2,1,1,4,At risk
15293,2010-02-12 11:54:00,1,247.5,666,1,1,1,3,At risk
15294,2010-10-25 11:45:00,1,233.35,411,1,1,1,3,At risk
15295,2010-02-23 13:03:00,1,207.04,654,1,1,1,3,At risk
15296,2011-10-20 11:47:00,12,10323.03,51,3,4,4,11,Champions
15297,2011-11-29 16:32:00,3,641.94,10,4,2,2,8,Needs attention
15298,2011-12-07 17:17:00,23,9459.37,2,4,4,4,12,Champions
15299,2011-10-03 14:19:00,10,7991.54,67,3,4,4,11,Champions
15300,2011-10-06 17:08:00,1,496.44,64,3,1,2,6,Needs attention
15301,2011-10-20 09:57:00,17,7583.04,51,3,4,4,11,Champions
15302,2009-12-09 13:11:00,1,308.0,730,1,1,1,3,At risk
15303,2011-02-22 13:59:00,3,1224.18,290,2,2,3,7,Needs attention
15304,2011-10-10 10:23:00,9,919.5500000000001,61,3,4,3,10,Loyal
15305,2010-06-02 13:50:00,1,93.6,555,1,1,1,3,At risk
15306,2011-10-06 12:56:00,9,3484.73,64,3,4,4,11,Champions
15307,2011-09-05 11:38:00,1,205.3,96,2,1,1,4,At risk
15308,2011-03-10 13:08:00,1,310.47,274,2,1,1,4,At risk
15309,2010-04-08 11:11:00,4,797.96,611,1,3,2,6,Needs attention
15310,2010-08-18 11:38:00,1,1634.64,479,1,1,3,5,At risk
15311,2011-12-09 12:00:00,208,116575.49,1,4,4,4,12,Champions
15312,2011-09-25 13:10:00,12,2930.19,75,3,4,4,11,Champions
15313,2011-08-21 16:02:00,1,52.0,110,2,1,1,4,At risk
15314,2011-05-24 14:39:00,3,820.4499999999999,199,2,2,2,6,Needs attention
15315,2011-10-06 12:51:00,2,570.5,64,3,2,2,7,Needs attention
15316,2011-01-17 11:34:00,1,165.0,327,2,1,1,4,At risk
15317,2010-01-31 15:55:00,1,129.75,677,1,1,1,3,At risk
15318,2011-12-06 11:30:00,1,312.62,4,4,1,1,6,Needs attention
15319,2011-03-01 12:48:00,1,204.5,284,2,1,1,4,At risk
15320,2011-10-26 13:27:00,1,267.13,44,3,1,1,5,At risk
15321,2011-09-30 09:40:00,12,6709.7300000000005,71,3,4,4,11,Champions
15322,2011-09-15 09:34:00,2,1390.86,86,3,2,3,8,Needs attention
15323,2010-05-26 10:01:00,3,434.6,563,1,2,2,5,At risk
15324,2010-01-07 14:37:00,1,140.22000000000003,701,1,1,1,3,At risk
15325,2011-08-28 11:55:00,8,1601.46,104,2,4,3,9,Loyal
15326,2011-01-10 11:38:00,5,1700.52,334,2,3,3,8,Needs attention
15327,2011-10-18 11:55:00,1,208.75,53,3,1,1,5,At risk
15328,2010-10-28 09:05:00,1,107.24,408,1,1,1,3,At risk
15329,2011-10-31 15:36:00,11,2958.83,39,3,4,4,11,Champions
15330,2011-11-07 17:50:00,2,714.96,32,3,2,2,7,Needs attention
15331,2010-07-28 09:42:00,3,767.91,500,1,2,2,5,At risk
15332,2010-12-08 14:43:00,6,6553.74,366,2,3,4,9,Loyal
15333,2011-05-15 13:27:00,1,1028.56,208,2,1,3,6,Needs attention
15334,2011-07-06 11:22:00,3,350.82,157,2,2,2,6,Needs attention
15335,2011-10-17 12:50:00,1,170.22,54,3,1,1,5,At risk
15336,2010-11-03 12:39:00,1,240.5,402,1,1,1,3,At risk
15337,2010-10-24 15:29:00,1,373.02,411,1,1,2,4,At risk
15338,2010-01-31 14:25:00,1,277.93,677,1,1,1,3,At risk
15339,2011-10-04 12:51:00,7,1821.02,66,3,4,3,10,Loyal
15340,2010-05-27 10:27:00,1,105.5,562,1,1,1,3,At risk
15341,2011-09-20 09:40:00,2,2402.7200000000003,81,3,2,4,9,Loyal
15342,2011-08-02 10:19:00,1,406.09,130,2,1,2,5,At risk
15343,2011-09-13 13:55:00,1,364.5,87,3,1,2,6,Needs attention
15344,2011-12-09 10:45:00,3,563.94,1,4,2,2,8,Needs attention
15345,2011-10-25 11:28:00,1,393.54,46,3,1,2,6,Needs attention
15346,2011-01-11 11:18:00,3,596.12,333,2,2,2,6,Needs attention
15347,2010-12-08 15:25:00,4,1363.6,366,2,3,3,8,Needs attention
15348,2011-09-28 13:17:00,1,158.04,72,3,1,1,5,At risk
15349,2011-07-04 16:06:00,2,463.90999999999997,158,2,2,2,6,Needs attention
15350,2010-12-01 13:33:00,2,663.25,373,2,2,2,6,Needs attention
15351,2011-11-27 12:52:00,10,3704.89,12,4,4,4,12,Champions
15352,2010-06-09 11:28:00,1,111.15,549,1,1,1,3,At risk
15353,2011-03-30 12:15:00,7,3106.12,255,2,4,4,10,Loyal
15354,2010-04-15 16:24:00,3,284.4,603,1,2,1,4,At risk
15355,2011-11-10 13:44:00,2,277.05,29,3,2,1,6,Needs attention
15356,2011-11-08 13:11:00,13,3382.69,31,3,4,4,11,Champions
15358,2011-12-05 09:04:00,42,17050.41,5,4,4,4,12,Champions
15359,2010-02-15 10:47:00,8,181.35,663,1,4,1,6,Needs attention
15360,2011-10-31 09:35:00,1,427.93,40,3,1,2,6,Needs attention
15361,2010-12-13 09:52:00,4,689.07,362,2,3,2,7,Needs attention
15362,2010-09-17 10:37:00,2,613.08,449,1,2,2,5,At risk
15363,2010-12-02 12:28:00,2,1004.11,373,2,2,3,7,Needs attention
15364,2011-09-05 09:46:00,2,913.19,96,2,2,3,7,Needs attention
15365,2011-11-14 08:29:00,13,4557.13,26,3,4,4,11,Champions
15366,2011-09-25 15:01:00,7,2389.08,75,3,4,4,11,Champions
15367,2011-10-13 14:13:00,11,5081.33,57,3,4,4,11,Champions
15368,2011-11-18 14:42:00,2,722.74,21,4,2,2,8,Needs attention
15369,2010-08-04 13:54:00,11,6251.26,492,1,4,4,9,Loyal
15370,2011-10-30 10:58:00,8,3739.01,41,3,4,4,11,Champions
15371,2010-02-15 13:14:00,1,59.400000000000006,662,1,1,1,3,At risk
15372,2011-07-25 16:39:00,8,6017.06,137,2,4,4,10,Loyal
15373,2011-12-01 15:05:00,17,3418.84,8,4,4,4,12,Champions
15374,2011-08-03 09:59:00,2,307.32,129,2,2,1,5,At risk
15375,2010-01-18 15:38:00,1,60.959999999999994,690,1,1,1,3,At risk
15376,2011-10-30 15:04:00,3,1221.56,40,3,2,3,8,Needs attention
15377,2010-11-22 08:55:00,4,1211.75,383,1,3,3,7,Needs attention
15378,2010-09-03 11:30:00,2,246.5,463,1,2,1,4,At risk
15379,2011-06-23 13:13:00,8,4877.84,169,2,4,4,10,Loyal
15380,2011-12-01 12:13:00,11,3479.0600000000004,9,4,4,4,12,Champions
15381,2011-05-10 11:55:00,5,1890.5700000000002,214,2,3,3,8,Needs attention
15382,2011-11-25 10:58:00,12,13733.550000000001,15,4,4,4,12,Champions
15384,2011-06-23 10:57:00,4,2027.79,170,2,3,3,8,Needs attention
15385,2011-10-30 15:11:00,3,942.08,40,3,2,3,8,Needs attention
15386,2011-06-06 13:47:00,1,394.14,186,2,1,2,5,At risk
15387,2010-08-04 16:05:00,1,468.65,492,1,1,2,4,At risk
15388,2011-03-14 13:53:00,1,140.54,270,2,1,1,4,At risk
15389,2011-06-20 16:18:00,5,2733.8,172,2,3,4,9,Loyal
15390,2010-11-08 15:19:00,2,1216.66,396,1,2,3,6,Needs attention
15391,2010-05-04 15:04:00,1,289.87,584,1,1,1,3,At risk
15392,2011-12-05 11:01:00,7,2911.62,5,4,4,4,12,Champions
15393,2011-11-23 16:48:00,5,891.34,16,4,3,3,10,Loyal
15394,2011-11-30 11:49:00,11,5286.8,10,4,4,4,12,Champions
15395,2011-01-18 12:40:00,1,107.45,326,2,1,1,4,At risk
15396,2011-08-19 10:56:00,2,796.38,113,2,2,2,6,Needs attention
15397,2011-02-23 09:25:00,1,94.0,290,2,1,1,4,At risk
15398,2011-11-23 16:47:00,2,1345.53,16,4,2,3,9,Loyal
15399,2011-12-08 13:04:00,3,815.77,1,4,2,2,8,Needs attention
15400,2011-09-08 13:57:00,8,1302.3,92,3,4,3,10,Loyal
15401,2010-09-13 13:42:00,2,216.95000000000002,452,1,2,1,4,At risk
15402,2011-07-14 12:17:00,6,1830.54,149,2,3,3,8,Needs attention
15403,2010-08-05 12:21:00,2,170.88,492,1,2,1,4,At risk
15404,2010-11-29 11:03:00,1,257.06,376,2,1,1,4,At risk
15405,2011-06-03 14:44:00,2,659.84,189,2,2,2,6,Needs attention
15406,2011-11-08 13:22:00,4,975.87,31,3,3,3,9,Loyal
15407,2011-11-06 11:55:00,4,1046.74,34,3,3,3,9,Loyal
15408,2011-03-20 15:02:00,1,267.18,264,2,1,1,4,At risk
15409,2009-12-18 15:35:00,1,131.25,721,1,1,1,3,At risk
15410,2011-09-16 14:47:00,10,4685.72,84,3,4,4,11,Champions
15411,2011-11-13 15:19:00,4,1348.93,26,3,3,3,9,Loyal
15412,2011-06-21 15:24:00,1,190.53,171,2,1,1,4,At risk
15413,2010-01-17 11:33:00,5,6798.72,692,1,3,4,8,Needs attention
15414,2011-11-30 09:50:00,3,774.9000000000001,10,4,2,2,8,Needs attention
15415,2011-01-30 14:13:00,1,559.61,313,2,1,2,5,At risk
15416,2011-10-06 09:38:00,7,4572.82,65,3,4,4,11,Champions
15417,2011-09-15 15:26:00,1,508.8,85,3,1,2,6,Needs attention
15418,2010-10-10 13:38:00,2,449.42,425,1,2,2,5,At risk
15419,2011-11-15 09:23:00,1,135.86,25,4,1,1,6,Needs attention
15420,2010-10-01 15:46:00,6,743.0,434,1,3,2,6,Needs attention
15421,2011-10-12 09:20:00,10,3805.34,59,3,4,4,11,Champions
15422,2011-01-20 16:17:00,7,1619.97,323,2,4,3,9,Loyal
15423,2011-11-01 14:01:00,3,266.89,38,3,2,1,6,Needs attention
15424,2011-03-30 13:02:00,3,597.78,254,2,2,2,6,Needs attention
15425,2010-11-04 18:13:00,4,1941.1200000000001,400,1,3,3,7,Needs attention
15426,2011-11-20 15:36:00,9,2538.92,19,4,4,4,12,Champions
15427,2011-11-06 14:29:00,3,1430.54,33,3,2,3,8,Needs attention
15428,2011-11-24 16:54:00,4,762.75,15,4,3,2,9,Loyal
15429,2011-11-13 12:28:00,2,397.35,27,3,2,2,7,Needs attention
15430,2010-08-29 10:42:00,2,954.75,468,1,2,3,6,Needs attention
15431,2010-07-25 12:44:00,1,153.24,503,1,1,1,3,At risk
15432,2011-11-16 16:30:00,2,320.76,23,4,2,1,7,Needs attention
15433,2011-05-10 10:45:00,2,533.3,214,2,2,2,6,Needs attention
15434,2011-12-01 13:33:00,11,2567.06,8,4,4,4,12,Champions
15435,2011-11-17 16:39:00,1,149.29,22,4,1,1,6,Needs attention
15436,2011-11-27 16:05:00,3,1067.75,12,4,2,3,9,Loyal
15437,2011-03-22 13:11:00,2,393.45,262,2,2,2,6,Needs attention
15438,2011-07-31 14:19:00,1,156.57999999999998,131,2,1,1,4,At risk
15439,2010-10-31 10:38:00,4,1269.05,405,1,3,3,7,Needs attention
15440,2011-10-16 12:16:00,3,383.68,55,3,2,2,7,Needs attention
15441,2010-11-08 15:50:00,3,1254.21,396,1,2,3,6,Needs attention
15442,2011-04-05 12:24:00,1,594.0,249,2,1,2,5,At risk
15443,2011-12-08 10:40:00,14,5114.23,2,4,4,4,12,Champions
15444,2011-11-30 17:37:00,2,1411.21,9,4,2,3,9,Loyal
15445,2011-03-20 15:06:00,2,284.5,264,2,2,1,5,At risk
15446,2010-11-28 11:59:00,3,399.75,377,2,2,2,6,Needs attention
15447,2011-01-13 11:26:00,5,492.88,331,2,3,2,7,Needs attention
15448,2011-01-31 10:42:00,2,788.81,313,2,2,2,6,Needs attention
15449,2011-11-13 15:02:00,3,974.52,26,3,2,3,8,Needs attention
15450,2011-11-09 17:11:00,1,429.84,30,3,1,2,6,Needs attention
15451,2010-10-01 13:40:00,2,226.86,434,1,2,1,4,At risk
15452,2011-11-10 12:13:00,6,1785.1100000000001,30,3,3,3,9,Loyal
15453,2011-12-08 10:59:00,7,1371.77,2,4,4,3,11,Champions
15454,2010-12-12 14:21:00,2,305.99,362,2,2,1,5,At risk
15455,2010-04-21 12:43:00,1,38.25,598,1,1,1,3,At risk
15456,2011-03-01 13:51:00,10,2091.52,283,2,4,3,9,Loyal
15457,2011-03-22 15:31:00,1,237.07,262,2,1,1,4,At risk
15458,2011-11-14 13:08:00,2,370.43999999999994,25,4,2,2,8,Needs attention
15459,2010-10-18 15:25:00,2,202.82999999999998,417,1,2,1,4,At risk
15460,2010-12-20 16:08:00,1,214.26,354,2,1,1,4,At risk
15461,2010-09-05 12:31:00,2,429.7,461,1,2,2,5,At risk
15462,2011-09-06 13:11:00,4,737.05,94,3,3,2,8,Needs attention
15463,2011-11-10 12:57:00,1,126.14,29,3,1,1,5,At risk
15464,2011-01-05 15:56:00,1,1044.65,338,2,1,3,6,Needs attention
15465,2011-11-20 10:11:00,32,12636.15,20,4,4,4,12,Champions
15466,2011-09-15 14:08:00,4,1560.46,85,3,3,3,9,Loyal
15467,2011-11-30 14:17:00,3,524.88,9,4,2,2,8,Needs attention
15468,2011-10-19 13:49:00,3,1430.48,51,3,2,3,8,Needs attention
15469,2011-10-20 16:21:00,3,874.25,50,3,2,2,7,Needs attention
15470,2010-05-13 09:35:00,1,63.419999999999995,576,1,1,1,3,At risk
15471,2011-12-07 14:12:00,3,1292.01,2,4,2,3,9,Loyal
15472,2011-08-18 15:17:00,1,371.56,113,2,1,2,5,At risk
15473,2011-11-25 15:15:00,8,2046.0,14,4,4,3,11,Champions
15474,2010-04-23 11:14:00,1,150.35,596,1,1,1,3,At risk
15475,2011-09-23 15:20:00,1,454.10999999999996,77,3,1,2,6,Needs attention
15476,2010-11-24 15:17:00,4,2209.98,380,2,3,3,8,Needs attention
15477,2010-02-28 10:37:00,1,368.4,650,1,1,2,4,At risk
15478,2011-10-30 14:19:00,3,1983.48,40,3,2,3,8,Needs attention
15479,2009-12-06 15:08:00,1,147.4,733,1,1,1,3,At risk
15480,2011-08-15 14:32:00,5,6279.0,116,2,3,4,9,Loyal
15481,2010-11-03 14:52:00,1,1993.34,401,1,1,3,5,At risk
15482,2011-11-24 10:46:00,19,14417.36,16,4,4,4,12,Champions
15483,2011-07-01 13:07:00,10,817.8199999999999,161,2,4,2,8,Needs attention
15484,2011-12-08 15:03:00,6,4652.1,1,4,3,4,11,Champions
15485,2011-11-09 14:31:00,7,5750.51,30,3,4,4,11,Champions
15486,2010-06-30 13:15:00,1,102.0,527,1,1,1,3,At risk
15487,2010-01-29 12:07:00,1,231.32,680,1,1,1,3,At risk
15488,2011-09-08 10:11:00,5,431.92,93,3,3,2,8,Needs attention
15489,2011-11-17 08:53:00,8,2419.61,23,4,4,4,12,Champions
15490,2010-10-05 13:11:00,1,210.85,430,1,1,1,3,At risk
15491,2011-09-05 15:56:00,6,3100.09,95,3,3,4,10,Loyal
15492,2011-11-11 14:53:00,2,659.4599999999999,28,3,2,2,7,Needs attention
15493,2011-11-07 12:04:00,9,4121.68,33,3,4,4,11,Champions
15494,2011-11-18 14:51:00,5,3702.6,21,4,3,4,11,Champions
15495,2010-11-25 13:46:00,1,246.5,379,2,1,1,4,At risk
15496,2010-03-18 13:16:00,1,146.14000000000001,631,1,1,1,3,At risk
15497,2011-11-22 11:51:00,9,8657.39,18,4,4,4,12,Champions
15498,2011-12-07 12:48:00,44,25949.58,3,4,4,4,12,Champions
15499,2009-12-16 12:17:00,1,158.65,724,1,1,1,3,At risk
15500,2011-12-01 13:47:00,4,1131.56,8,4,3,3,10,Loyal
15501,2010-10-31 11:15:00,2,399.95,405,1,2,2,5,At risk
15502,2011-11-24 12:48:00,14,13933.27,16,4,4,4,12,Champions
15503,2010-12-12 10:57:00,2,257.3,363,2,2,1,5,At risk
15504,2011-09-19 13:45:00,4,402.7,81,3,3,2,8,Needs attention
15505,2011-10-18 07:56:00,5,3610.96,53,3,3,4,10,Loyal
15506,2011-11-17 12:11:00,6,2030.33,23,4,3,3,10,Loyal
15507,2011-06-21 11:19:00,1,475.86,172,2,1,2,5,At risk
15508,2011-06-03 15:43:00,6,1000.27,189,2,3,3,8,Needs attention
15509,2010-11-24 14:48:00,1,152.41,380,1,1,1,3,At risk
15510,2011-01-13 12:10:00,1,250.0,331,2,1,1,4,At risk
15511,2011-11-28 09:43:00,5,900.53,12,4,3,3,10,Loyal
15512,2011-07-07 10:20:00,4,331.58,156,2,3,1,6,Needs attention
15513,2011-11-06 14:36:00,35,27750.55,33,3,4,4,11,Champions
15514,2011-11-27 14:40:00,18,6392.06,12,4,4,4,12,Champions
15515,2010-11-17 13:39:00,1,171.81,387,1,1,1,3,At risk
15516,2011-10-26 10:51:00,3,62.43,45,3,2,1,6,Needs attention
15517,2011-04-20 14:02:00,1,267.03,233,2,1,1,4,At risk
15518,2011-10-06 13:05:00,15,4189.99,64,3,4,4,11,Champions
15519,2010-11-21 14:35:00,2,344.61,383,1,2,1,4,At risk
15520,2011-12-08 10:58:00,1,343.5,2,4,1,1,6,Needs attention
15521,2011-10-30 13:42:00,16,7098.24,40,3,4,4,11,Champions
15522,2011-11-07 11:26:00,2,397.99,33,3,2,2,7,Needs attention
15523,2011-09-16 16:29:00,16,17259.19,84,3,4,4,11,Champions
15524,2011-11-15 12:09:00,2,591.4,25,4,2,2,8,Needs attention
15525,2011-12-07 14:43:00,4,1165.15,2,4,3,3,10,Loyal
15526,2011-11-06 15:04:00,2,148.44,33,3,2,1,6,Needs attention
15527,2011-11-21 12:17:00,23,5554.89,19,4,4,4,12,Champions
15528,2011-03-30 16:14:00,1,229.33,254,2,1,1,4,At risk
15529,2011-11-17 11:29:00,12,5079.32,23,4,4,4,12,Champions
15530,2011-11-18 12:25:00,5,1808.68,22,4,3,3,10,Loyal
15531,2011-12-01 18:43:00,2,1972.39,8,4,2,3,9,Loyal
15532,2011-11-14 14:51:00,10,3738.85,25,4,4,4,12,Champions
15533,2011-11-20 15:35:00,3,807.57,19,4,2,2,8,Needs attention
15534,2009-12-14 12:48:00,1,162.25,726,1,1,1,3,At risk
15535,2011-06-19 16:02:00,6,1044.3700000000001,173,2,3,3,8,Needs attention
15536,2010-10-26 16:31:00,1,259.09,409,1,1,1,3,At risk
15537,2011-06-29 13:10:00,1,110.92,163,2,1,1,4,At risk
15538,2010-06-20 10:49:00,6,3358.3999999999996,538,1,3,4,8,Needs attention
15539,2011-12-02 13:36:00,1,538.46,7,4,1,2,7,Needs attention
15540,2011-11-28 13:51:00,2,460.68,11,4,2,2,8,Needs attention
15541,2011-08-17 14:58:00,1,85.13000000000001,114,2,1,1,4,At risk
15542,2010-07-15 13:32:00,3,855.71,512,1,2,2,5,At risk
15543,2011-02-24 15:26:00,2,242.26,288,2,2,1,5,At risk
15544,2011-11-30 16:43:00,20,8162.43,9,4,4,4,12,Champions
15545,2011-10-16 13:24:00,2,424.3,54,3,2,2,7,Needs attention
15546,2010-04-12 11:51:00,2,1079.1000000000001,607,1,2,3,6,Needs attention
15547,2011-12-02 12:52:00,26,10057.05,7,4,4,4,12,Champions
15548,2010-04-23 12:20:00,1,158.09,596,1,1,1,3,At risk
15549,2011-09-23 16:22:00,8,2334.16,77,3,4,4,11,Champions
15550,2011-12-05 15:38:00,12,2211.05,4,4,4,3,11,Champions
15551,2011-11-03 12:37:00,7,1679.81,37,3,4,3,10,Loyal
15552,2011-05-06 14:47:00,2,252.52,217,2,2,1,5,At risk
15553,2011-10-10 14:02:00,1,428.93,60,3,1,2,6,Needs attention
15554,2011-03-07 09:00:00,1,217.2,278,2,1,1,4,At risk
15555,2011-11-27 16:19:00,36,12062.69,12,4,4,4,12,Champions
15556,2011-11-15 16:08:00,1,279.77,24,4,1,1,6,Needs attention
15557,2011-11-11 12:46:00,1,468.91,29,3,1,2,6,Needs attention
15558,2010-03-10 15:25:00,1,202.68,639,1,1,1,3,At risk
15559,2010-05-20 14:06:00,1,1109.4,568,1,1,3,5,At risk
15560,2010-11-07 10:15:00,2,153.52,398,1,2,1,4,At risk
15561,2011-11-28 11:07:00,8,1934.3899999999999,12,4,4,3,11,Champions
15562,2010-12-23 09:55:00,3,671.4300000000001,352,2,2,2,6,Needs attention
15563,2011-11-17 14:50:00,7,2859.46,22,4,4,4,12,Champions
15564,2010-09-02 15:52:00,2,70.74000000000001,463,1,2,1,4,At risk
15565,2011-10-20 14:33:00,2,173.16,50,3,2,1,6,Needs attention
15566,2010-11-12 12:11:00,2,227.87,393,1,2,1,4,At risk
15567,2011-11-21 10:48:00,1,186.01,19,4,1,1,6,Needs attention
15568,2011-12-07 11:27:00,3,758.29,3,4,2,2,8,Needs attention
15569,2011-08-28 10:15:00,10,3583.45,104,2,4,4,10,Loyal
15570,2011-12-02 14:47:00,25,9254.14,7,4,4,4,12,Champions
15571,2011-11-28 10:02:00,14,3892.35,12,4,4,4,12,Champions
15572,2011-12-05 10:09:00,10,3965.2,5,4,4,4,12,Champions
15573,2011-11-08 11:38:00,5,1188.42,32,3,3,3,9,Loyal
15574,2011-06-15 12:01:00,6,1450.48,178,2,3,3,8,Needs attention
15575,2010-03-30 12:50:00,1,30.1,620,1,1,1,3,At risk
15576,2011-11-02 12:03:00,1,921.37,38,3,1,3,7,Needs attention
15577,2011-07-11 17:03:00,5,396.03000000000003,151,2,3,2,7,Needs attention
15578,2011-06-30 13:03:00,1,127.1,162,2,1,1,4,At risk
15579,2011-10-02 12:45:00,5,1250.63,69,3,3,3,9,Loyal
15580,2010-11-28 11:00:00,8,1375.39,377,2,4,3,9,Loyal
15581,2011-08-11 09:38:00,38,7752.74,121,2,4,4,10,Loyal
15582,2011-11-15 09:55:00,3,682.9100000000001,25,4,2,2,8,Needs attention
15583,2010-11-28 15:04:00,1,95.96,376,2,1,1,4,At risk
15584,2011-11-16 10:55:00,6,1268.2,24,4,3,3,10,Loyal
15585,2011-06-16 08:38:00,1,455.3,177,2,1,2,5,At risk
15586,2010-04-26 11:00:00,3,1139.1,593,1,2,3,6,Needs attention
15587,2011-10-20 13:37:00,7,1522.0800000000002,50,3,4,3,10,Loyal
15588,2010-01-31 12:19:00,1,579.6,678,1,1,2,4,At risk
15589,2011-03-29 09:54:00,3,478.53000000000003,256,2,2,2,6,Needs attention
15590,2010-11-22 14:49:00,5,1496.6,382,1,3,3,7,Needs attention
15591,2010-05-06 09:23:00,3,217.9,583,1,2,1,4,At risk
15592,2011-10-24 08:59:00,1,388.58,47,3,1,2,6,Needs attention
15593,2011-09-30 11:46:00,1,199.8,71,3,1,1,5,At risk
15594,2011-11-24 08:53:00,5,1771.78,16,4,3,3,10,Loyal
15595,2010-08-09 12:27:00,1,357.6,488,1,1,2,4,At risk
15596,2011-08-31 10:55:00,9,3130.04,101,2,4,4,10,Loyal
15597,2011-11-04 13:26:00,2,563.37,35,3,2,2,7,Needs attention
15598,2011-10-17 16:04:00,2,548.02,53,3,2,2,7,Needs attention
15599,2011-11-13 11:44:00,3,1250.06,27,3,2,3,8,Needs attention
15600,2010-10-07 14:30:00,4,1199.31,428,1,3,3,7,Needs attention
15601,2011-11-28 15:15:00,30,14960.12,11,4,4,4,12,Champions
15602,2011-12-01 14:14:00,16,3230.51,8,4,4,4,12,Champions
15603,2011-09-22 10:04:00,2,88.48,79,3,2,1,6,Needs attention
15604,2011-10-18 14:47:00,1,216.39,52,3,1,1,5,At risk
15605,2011-11-03 14:17:00,9,1936.8,36,3,4,3,10,Loyal
15606,2011-10-09 15:47:00,17,5230.99,61,3,4,4,11,Champions
15607,2011-01-07 12:44:00,9,1708.97,337,2,4,3,9,Loyal
15608,2011-11-11 13:20:00,5,1785.98,28,3,3,3,9,Loyal
15609,2011-06-08 13:00:00,1,298.48,184,2,1,1,4,At risk
15610,2011-10-19 10:36:00,1,112.46000000000001,52,3,1,1,5,At risk
15611,2011-11-30 12:36:00,26,2997.28,10,4,4,4,12,Champions
15612,2011-11-03 14:52:00,2,195.15,36,3,2,1,6,Needs attention
15613,2010-04-08 12:51:00,1,433.71999999999997,610,1,1,2,4,At risk
15614,2010-09-28 10:46:00,4,3147.36,438,1,3,4,8,Needs attention
15615,2011-11-29 14:42:00,47,21373.97,10,4,4,4,12,Champions
15616,2010-09-27 13:10:00,1,317.11,438,1,1,1,3,At risk
15617,2010-11-08 16:07:00,3,828.5500000000001,396,1,2,2,5,At risk
15618,2011-11-07 08:34:00,4,776.851,33,3,3,2,8,Needs attention
15619,2011-11-29 08:14:00,1,336.40000000000003,11,4,1,1,6,Needs attention
15620,2011-10-14 12:41:00,4,1942.36,57,3,3,3,9,Loyal
15621,2011-12-05 14:01:00,4,1293.03,4,4,3,3,10,Loyal
15622,2011-10-27 16:44:00,17,7852.61,43,3,4,4,11,Champions
15623,2011-07-21 17:26:00,8,2437.05,141,2,4,4,10,Loyal
15624,2011-08-15 11:38:00,4,588.13,117,2,3,2,7,Needs attention
15625,2011-08-28 10:21:00,9,3236.4,104,2,4,4,10,Loyal
15626,2011-09-26 10:03:00,3,1067.52,75,3,2,3,8,Needs attention
15627,2010-09-08 14:14:00,2,566.9,457,1,2,2,5,At risk
15628,2011-12-05 10:24:00,17,5652.26,5,4,4,4,12,Champions
15629,2010-09-15 13:46:00,4,2240.9,450,1,3,3,7,Needs attention
15630,2011-10-25 15:36:00,3,1481.4,45,3,2,3,8,Needs attention
15631,2010-03-07 14:52:00,1,596.67,642,1,1,2,4,At risk
15632,2011-11-24 09:51:00,8,3285.31,16,4,4,4,12,Champions
15633,2010-07-18 13:54:00,13,4335.96,509,1,4,4,9,Loyal
15634,2011-11-22 16:28:00,2,554.65,17,4,2,2,8,Needs attention
15635,2010-11-09 08:58:00,1,100.35,396,1,1,1,3,At risk
15636,2011-09-11 11:17:00,4,1444.58,90,3,3,3,9,Loyal
15637,2011-10-18 08:28:00,5,797.59,53,3,3,2,8,Needs attention
15638,2010-11-26 11:52:00,6,2265.2,379,2,3,3,8,Needs attention
15639,2011-07-28 14:30:00,3,1065.08,134,2,2,3,7,Needs attention
15640,2011-12-05 14:35:00,29,23828.03,4,4,4,4,12,Champions
15641,2011-08-26 14:04:00,12,5345.55,105,2,4,4,10,Loyal
15642,2009-12-10 11:51:00,1,105.78000000000002,730,1,1,1,3,At risk
15643,2011-06-01 07:38:00,3,664.0,192,2,2,2,6,Needs attention
15644,2011-06-26 14:54:00,4,803.54,166,2,3,2,7,Needs attention
15645,2011-11-21 11:55:00,3,1055.17,19,4,2,3,9,Loyal
15646,2011-07-05 09:53:00,5,974.61,158,2,3,3,8,Needs attention
15647,2010-10-20 15:09:00,1,169.0,415,1,1,1,3,At risk
15648,2011-05-19 15:53:00,2,639.5,204,2,2,2,6,Needs attention
15649,2011-01-07 13:34:00,4,2170.35,336,2,3,3,8,Needs attention
15650,2010-07-06 10:41:00,2,553.88,522,1,2,2,5,At risk
15651,2011-11-03 08:41:00,5,1259.06,37,3,3,3,9,Loyal
15652,2011-09-09 14:22:00,5,1405.94,91,3,3,3,9,Loyal
15653,2011-09-08 10:49:00,2,877.4399999999999,93,3,2,2,7,Needs attention
15654,2011-11-30 13:08:00,2,922.53,9,4,2,3,9,Loyal
15655,2011-04-10 15:25:00,1,560.67,243,2,1,2,5,At risk
15656,2011-10-25 14:56:00,4,748.5,45,3,3,2,8,Needs attention
15657,2011-11-17 12:19:00,1,30.0,23,4,1,1,6,Needs attention
15658,2011-06-02 15:22:00,8,2423.4700000000003,190,2,4,4,10,Loyal
15659,2011-10-27 09:23:00,3,532.49,44,3,2,2,7,Needs attention
15660,2011-11-14 16:58:00,15,2812.99,25,4,4,4,12,Champions
15661,2011-01-26 13:56:00,8,1215.95,317,2,4,3,9,Loyal
15662,2010-02-16 16:47:00,2,283.73,661,1,2,1,4,At risk
15663,2011-08-25 15:50:00,1,138.14,106,2,1,1,4,At risk
15664,2011-10-20 10:57:00,4,1254.03,51,3,3,3,9,Loyal
15665,2011-06-24 14:57:00,5,3987.07,168,2,3,4,9,Loyal
15666,2010-08-24 16:14:00,2,632.9399999999999,472,1,2,2,5,At risk
15667,2011-10-31 10:56:00,1,301.32,40,3,1,1,5,At risk
15668,2011-05-06 10:39:00,1,76.32000000000001,218,2,1,1,4,At risk
15669,2011-10-30 16:03:00,4,684.34,40,3,3,2,8,Needs attention
15670,2011-02-16 10:50:00,2,325.2,297,2,2,1,5,At risk
15671,2011-11-21 12:43:00,7,2657.13,19,4,4,4,12,Champions
15672,2009-12-14 16:52:00,1,45.300000000000004,725,1,1,1,3,At risk
15673,2011-09-12 16:12:00,9,6204.32,88,3,4,4,11,Champions
15674,2011-09-27 15:17:00,13,6948.2300000000005,73,3,4,4,11,Champions
15675,2011-09-19 13:48:00,4,542.04,81,3,3,2,8,Needs attention
15676,2011-11-21 12:40:00,3,3435.76,19,4,2,4,10,Loyal
15677,2011-10-21 15:36:00,3,1305.63,49,3,2,3,8,Needs attention
15678,2011-10-18 09:25:00,3,1825.94,53,3,2,3,8,Needs attention
15679,2011-11-15 16:19:00,4,781.28,24,4,3,2,9,Loyal
15680,2011-11-30 13:46:00,10,4507.58,9,4,4,4,12,Champions
15681,2011-11-14 16:30:00,14,2989.7,25,4,4,4,12,Champions
15682,2010-04-19 15:30:00,2,318.24,599,1,2,1,4,At risk
15683,2011-08-14 12:56:00,2,524.54,117,2,2,2,6,Needs attention
15684,2010-06-10 18:51:00,3,173.95,547,1,2,1,4,At risk
15685,2010-09-15 13:43:00,1,55.980000000000004,450,1,1,1,3,At risk
15686,2010-10-15 13:50:00,1,90.0,420,1,1,1,3,At risk
15687,2011-12-01 08:33:00,9,2993.1,9,4,4,4,12,Champions
15688,2010-10-17 12:06:00,1,190.57,419,1,1,1,3,At risk
15689,2011-08-12 09:37:00,3,521.03,120,2,2,2,6,Needs attention
15690,2011-12-05 15:59:00,2,239.76,4,4,2,1,7,Needs attention
15691,2011-04-01 15:13:00,4,571.3,252,2,3,2,7,Needs attention
15692,2011-11-11 14:12:00,1,191.04,28,3,1,1,5,At risk
15693,2010-02-18 14:37:00,1,37.5,659,1,1,1,3,At risk
15694,2011-12-09 09:44:00,24,10810.81,1,4,4,4,12,Champions
15695,2011-03-18 08:32:00,4,1131.04,267,2,3,3,8,Needs attention
15696,2011-11-06 14:02:00,13,3881.2200000000003,33,3,4,4,11,Champions
15697,2010-01-19 09:10:00,1,246.75,690,1,1,1,3,At risk
15698,2010-03-25 17:38:00,1,46.2,624,1,1,1,3,At risk
15699,2011-11-22 08:26:00,1,309.65,18,4,1,1,6,Needs attention
15700,2011-06-20 16:53:00,2,696.68,172,2,2,2,6,Needs attention
15701,2011-12-07 14:39:00,4,1529.0,2,4,3,3,10,Loyal
15702,2010-08-20 14:50:00,2,140.39000000000001,476,1,2,1,4,At risk
15703,2011-03-20 10:51:00,1,211.5,265,2,1,1,4,At risk
15704,2011-07-22 13:35:00,6,3734.6600000000003,140,2,3,4,9,Loyal
15705,2011-05-22 15:37:00,1,143.1,201,2,1,1,4,At risk
15706,2011-10-07 10:09:00,4,1060.56,64,3,3,3,9,Loyal
15707,2011-11-04 14:35:00,4,916.98,35,3,3,3,9,Loyal
15708,2011-10-30 10:54:00,9,4204.4400000000005,41,3,4,4,11,Champions
15709,2011-03-01 10:38:00,2,327.85,284,2,2,1,5,At risk
15710,2010-10-18 17:05:00,1,898.87,417,1,1,3,5,At risk
15711,2010-06-01 12:14:00,2,420.25,557,1,2,2,5,At risk
15712,2011-11-30 14:09:00,12,3472.4100000000003,9,4,4,4,12,Champions
15713,2011-07-19 13:34:00,4,1010.79,143,2,3,3,8,Needs attention
15714,2011-11-28 11:26:00,5,783.96,12,4,3,2,9,Loyal
15715,2010-06-02 09:56:00,5,658.02,556,1,3,2,6,Needs attention
15716,2011-07-17 11:59:00,11,3014.66,146,2,4,4,10,Loyal
15717,2011-04-19 13:21:00,5,607.0,234,2,3,2,7,Needs attention
15718,2010-06-17 16:20:00,1,293.79,540,1,1,1,3,At risk
15719,2011-11-07 12:29:00,31,10195.97,33,3,4,4,11,Champions
15720,2011-11-15 14:48:00,2,739.22,24,4,2,2,8,Needs attention
15721,2011-11-28 12:14:00,1,471.40000000000003,12,4,1,2,7,Needs attention
15722,2011-11-04 11:43:00,11,5234.0,36,3,4,4,11,Champions
15723,2010-12-10 11:12:00,4,930.7,365,2,3,3,8,Needs attention
15724,2011-05-22 14:40:00,3,310.85,201,2,2,1,5,At risk
15725,2011-11-24 14:51:00,1,415.25,15,4,1,2,7,Needs attention
15726,2010-11-14 16:12:00,1,321.91,390,1,1,1,3,At risk
15727,2011-11-23 12:36:00,15,9371.71,17,4,4,4,12,Champions
15728,2010-11-25 10:39:00,2,544.6,380,1,2,2,5,At risk
15729,2011-05-11 12:36:00,3,192.55,213,2,2,1,5,At risk
15730,2011-10-05 12:31:00,5,1726.58,66,3,3,3,9,Loyal
15731,2010-06-04 10:10:00,1,125.3,554,1,1,1,3,At risk
15732,2011-05-11 14:24:00,10,1682.07,212,2,4,3,9,Loyal
15733,2011-03-02 09:05:00,1,162.3,283,2,1,1,4,At risk
15734,2011-08-17 10:50:00,4,2263.3,115,2,3,3,8,Needs attention
15735,2010-10-14 13:38:00,1,327.68,421,1,1,1,3,At risk
15736,2010-09-30 14:20:00,2,1767.12,435,1,2,3,6,Needs attention
15737,2011-11-25 11:21:00,8,1188.1200000000001,15,4,4,3,11,Champions
15738,2011-11-21 08:26:00,41,13372.970000000001,19,4,4,4,12,Champions
15739,2011-10-04 13:42:00,1,449.12,66,3,1,2,6,Needs attention
15740,2011-10-21 14:29:00,1,154.88,49,3,1,1,5,At risk
15741,2010-09-07 16:21:00,2,208.62,458,1,2,1,4,At risk
15742,2010-03-30 15:25:00,1,156.87,619,1,1,1,3,At risk
15743,2011-11-23 17:19:00,4,775.96,16,4,3,2,9,Loyal
15744,2011-09-23 09:52:00,1,34.8,78,3,1,1,5,At risk
15745,2011-11-20 13:45:00,4,1094.59,19,4,3,3,10,Loyal
15746,2011-07-28 15:21:00,1,196.88,134,2,1,1,4,At risk
15747,2011-11-27 12:26:00,9,2499.81,13,4,4,4,12,Champions
15748,2011-10-30 12:51:00,3,609.8100000000001,40,3,2,2,7,Needs attention
15749,2011-04-18 13:20:00,3,44534.3,235,2,2,4,8,Needs attention
15750,2011-12-07 12:34:00,18,6793.511,3,4,4,4,12,Champions
15751,2010-09-05 12:44:00,11,1380.44,461,1,4,3,8,Needs attention
15752,2011-10-31 11:37:00,9,4184.56,40,3,4,4,11,Champions
15753,2011-02-08 12:41:00,1,79.2,305,2,1,1,4,At risk
15754,2011-10-19 14:40:00,9,3037.61,51,3,4,4,11,Champions
15755,2011-11-29 14:57:00,17,5993.12,10,4,4,4,12,Champions
15756,2011-10-09 13:30:00,4,528.01,61,3,3,2,8,Needs attention
15757,2011-10-05 12:14:00,6,2940.36,66,3,3,4,10,Loyal
15758,2011-11-15 10:48:00,1,205.25,25,4,1,1,6,Needs attention
15759,2011-05-05 15:13:00,7,830.9300000000001,218,2,4,2,8,Needs attention
15760,2010-03-19 11:45:00,2,13916.34,631,1,2,4,7,Needs attention
15761,2010-09-23 09:33:00,1,143.05,443,1,1,1,3,At risk
15762,2011-10-05 16:15:00,2,583.75,65,3,2,2,7,Needs attention
15763,2011-11-08 09:44:00,2,1086.92,32,3,2,3,8,Needs attention
15764,2011-09-12 17:58:00,8,4503.08,88,3,4,4,11,Champions
15765,2010-02-11 10:25:00,1,370.63,667,1,1,2,4,At risk
15766,2011-10-06 17:03:00,3,831.06,64,3,3,2,8,Needs attention
15768,2011-08-16 10:48:00,34,15308.89,116,2,4,4,10,Loyal
15769,2011-12-02 13:52:00,46,88704.32,7,4,4,4,12,Champions
15770,2010-04-06 11:47:00,1,321.45,613,1,1,1,3,At risk
15771,2010-04-14 13:56:00,3,1006.54,604,1,3,3,7,Needs attention
15772,2010-10-17 13:33:00,1,280.88,418,1,1,1,3,At risk
15773,2011-12-04 12:48:00,2,774.52,6,4,2,2,8,Needs attention
15774,2011-10-02 12:04:00,6,1288.34,69,3,3,3,9,Loyal
15775,2011-04-08 12:56:00,2,150.5,245,2,2,1,5,At risk
15776,2011-07-29 13:46:00,1,241.62,133,2,1,1,4,At risk
15777,2011-04-12 16:43:00,7,1762.61,241,2,4,3,9,Loyal
15778,2010-10-04 15:10:00,1,307.95,431,1,1,1,3,At risk
15779,2010-09-02 16:40:00,2,124.08000000000001,463,1,2,1,4,At risk
15780,2011-06-09 12:01:00,3,475.28000000000003,184,2,3,2,7,Needs attention
15781,2011-11-14 14:57:00,3,345.46,25,4,3,2,9,Loyal
15782,2011-11-30 10:49:00,4,4014.1,10,4,3,4,11,Champions
15783,2011-11-29 09:50:00,1,246.3,11,4,1,1,6,Needs attention
15784,2010-08-29 10:38:00,2,848.3299999999999,468,1,2,2,5,At risk
15785,2011-11-07 11:33:00,16,5969.93,33,3,4,4,11,Champions
15786,2011-10-24 14:13:00,5,8501.62,46,3,3,4,10,Loyal
15787,2011-11-13 14:55:00,3,933.26,26,3,3,3,9,Loyal
15788,2010-07-19 12:48:00,1,221.82999999999998,509,1,1,1,3,At risk
15789,2010-12-16 14:35:00,6,1962.01,358,2,3,3,8,Needs attention
15790,2011-11-29 14:53:00,1,218.75,10,4,1,1,6,Needs attention
15791,2011-10-27 10:14:00,5,3608.34,44,3,3,4,10,Loyal
15792,2010-11-05 08:21:00,2,933.84,400,1,2,3,6,Needs attention
15793,2011-11-25 09:31:00,8,2399.57,15,4,4,4,12,Champions
15794,2009-12-03 13:04:00,2,777.0,736,1,2,2,5,At risk
15795,2011-07-13 10:43:00,8,1979.8700000000001,150,2,4,3,9,Loyal
15796,2011-12-08 19:55:00,17,5171.63,1,4,4,4,12,Champions
15797,2011-08-18 17:04:00,6,2821.08,113,2,3,4,9,Loyal
15798,2010-08-04 09:13:00,3,1535.37,493,1,3,3,7,Needs attention
15799,2011-09-25 12:46:00,4,1421.34,76,3,3,3,9,Loyal
15800,2011-08-24 14:23:00,7,1227.07,107,2,4,3,9,Loyal
15801,2011-10-24 13:52:00,3,1063.95,46,3,3,3,9,Loyal
15802,2011-07-20 11:38:00,1,451.42,143,2,1,2,5,At risk
15803,2011-10-19 14:56:00,4,1929.66,51,3,3,3,9,Loyal
15804,2011-12-09 12:31:00,13,4206.39,1,4,4,4,12,Champions
15805,2011-11-16 16:32:00,30,10148.93,23,4,4,4,12,Champions
15806,2011-10-24 14:35:00,3,784.58,46,3,3,2,8,Needs attention
15807,2011-10-20 14:10:00,5,1817.52,50,3,3,3,9,Loyal
15808,2011-02-06 14:33:00,21,18133.3,306,2,4,4,10,Loyal
15809,2011-11-03 16:40:00,7,1274.44,36,3,4,3,10,Loyal
15810,2011-09-22 09:38:00,8,2999.04,79,3,4,4,11,Champions
15811,2011-11-17 15:31:00,7,3776.0,22,4,4,4,12,Champions
15812,2011-08-24 14:19:00,12,5201.47,107,2,4,4,10,Loyal
15813,2011-05-16 08:13:00,2,1303.9099999999999,208,2,2,3,7,Needs attention
15814,2011-11-23 08:17:00,6,2634.44,17,4,3,4,11,Champions
15815,2011-10-07 12:42:00,5,2100.6,64,3,3,3,9,Loyal
15816,2010-06-15 13:36:00,2,144.14999999999998,542,1,2,1,4,At risk
15817,2010-10-15 11:07:00,3,2766.4,421,1,3,4,8,Needs attention
15818,2010-04-30 12:58:00,1,340.5,588,1,1,1,3,At risk
15819,2011-10-21 14:50:00,10,3934.79,49,3,4,4,11,Champions
15820,2011-01-24 12:00:00,1,206.98,320,2,1,1,4,At risk
15821,2011-10-26 15:48:00,2,570.96,44,3,2,2,7,Needs attention
15822,2011-12-06 14:50:00,6,1840.06,3,4,3,3,10,Loyal
15823,2010-12-02 15:08:00,3,3897.17,372,2,3,4,9,Loyal
15824,2010-09-12 13:20:00,2,890.94,453,1,2,3,6,Needs attention
15825,2011-06-20 13:27:00,1,532.94,172,2,1,2,5,At risk
15826,2011-10-14 16:05:00,4,2598.28,56,3,3,4,10,Loyal
15827,2011-09-27 15:35:00,28,3794.07,73,3,4,4,11,Champions
15828,2010-11-29 16:41:00,1,1108.82,375,2,1,3,6,Needs attention
15829,2011-09-01 16:45:00,2,636.14,99,2,2,2,6,Needs attention
15830,2011-11-02 10:40:00,1,576.0,38,3,1,2,6,Needs attention
15831,2011-10-12 13:14:00,3,794.64,58,3,3,2,8,Needs attention
15832,2011-03-30 15:29:00,1,836.79,254,2,1,2,5,At risk
15833,2009-12-02 11:59:00,1,80.4,738,1,1,1,3,At risk
15834,2011-09-30 14:41:00,7,3764.39,70,3,4,4,11,Champions
15835,2011-10-26 15:47:00,4,954.09,44,3,3,3,9,Loyal
15836,2011-10-20 17:13:00,1,137.37,50,3,1,1,5,At risk
15837,2011-10-06 09:01:00,2,777.01,65,3,2,2,7,Needs attention
15838,2011-11-28 14:00:00,34,74163.0,11,4,4,4,12,Champions
15839,2011-11-06 13:54:00,3,1048.49,33,3,3,3,9,Loyal
15840,2011-10-12 09:08:00,2,355.56,59,3,2,2,7,Needs attention
15841,2011-09-28 12:15:00,9,2742.41,73,3,4,4,11,Champions
15842,2010-11-11 14:08:00,2,548.8,393,1,2,2,5,At risk
15843,2011-02-09 10:19:00,1,118.95000000000002,304,2,1,1,4,At risk
15844,2011-10-24 15:19:00,1,130.73999999999998,46,3,1,1,5,At risk
15845,2011-11-22 09:42:00,11,4426.28,18,4,4,4,12,Champions
15846,2010-11-19 14:40:00,1,107.01,385,1,1,1,3,At risk
15847,2011-11-01 14:41:00,5,822.57,38,3,3,2,8,Needs attention
15848,2010-03-28 10:54:00,1,137.99,622,1,1,1,3,At risk
15850,2011-11-20 14:14:00,6,1006.75,19,4,3,3,10,Loyal
15851,2010-07-01 12:34:00,1,109.73,527,1,1,1,3,At risk
15852,2011-06-06 11:22:00,3,257.26,187,2,3,1,6,Needs attention
15853,2011-10-19 10:38:00,1,110.8,52,3,1,1,5,At risk
15854,2011-12-05 13:39:00,21,5578.28,4,4,4,4,12,Champions
15855,2011-07-26 10:20:00,6,1052.72,137,2,3,3,8,Needs attention
15856,2011-12-05 17:09:00,52,33847.27,4,4,4,4,12,Champions
15857,2011-11-21 12:18:00,2,570.48,19,4,2,2,8,Needs attention
15858,2011-11-24 12:48:00,13,3936.34,16,4,4,4,12,Champions
15859,2010-10-03 12:52:00,1,438.46,432,1,1,2,4,At risk
15860,2011-10-30 11:25:00,17,2463.96,41,3,4,4,11,Champions
15861,2011-11-27 15:59:00,12,4369.2,12,4,4,4,12,Champions
15862,2011-12-01 13:28:00,13,2866.52,8,4,4,4,12,Champions
15863,2011-11-14 12:49:00,5,355.1,26,3,3,2,8,Needs attention
15864,2011-11-17 13:32:00,7,2180.76,22,4,4,3,11,Champions
15865,2011-10-30 12:43:00,5,2241.42,41,3,3,3,9,Loyal
15866,2011-08-30 14:09:00,1,211.89,101,2,1,1,4,At risk
15867,2011-12-04 13:32:00,31,9034.95,5,4,4,4,12,Champions
15868,2010-05-05 14:11:00,1,94.53,583,1,1,1,3,At risk
15869,2011-03-07 17:23:00,3,321.11,277,2,3,1,6,Needs attention
15870,2011-11-07 10:58:00,4,857.46,33,3,3,2,8,Needs attention
15871,2010-09-28 14:16:00,1,33.099999999999994,437,1,1,1,3,At risk
15872,2011-11-25 11:55:00,4,729.25,15,4,3,2,9,Loyal
15873,2010-07-28 12:41:00,4,313.91999999999996,500,1,3,1,5,At risk
15874,2011-10-07 12:31:00,21,11284.76,64,3,4,4,11,Champions
15875,2010-03-03 16:51:00,1,108.52,646,1,1,1,3,At risk
15876,2010-10-26 18:58:00,2,1449.1399999999999,409,1,2,3,6,Needs attention
15877,2011-12-08 11:53:00,2,490.33,2,4,2,2,8,Needs attention
15878,2010-05-27 12:17:00,2,330.77,562,1,2,1,4,At risk
15879,2010-10-31 16:21:00,4,1137.8,404,1,3,3,7,Needs attention
15880,2010-12-05 13:00:00,1,658.0600000000001,369,2,1,2,5,At risk
15881,2011-01-31 16:59:00,5,501.39000000000004,312,2,3,2,7,Needs attention
15882,2011-05-25 11:35:00,8,1495.98,199,2,4,3,9,Loyal
15883,2011-12-07 17:05:00,2,396.48,2,4,2,2,8,Needs attention
15884,2010-10-03 15:55:00,2,244.60000000000002,432,1,2,1,4,At risk
15885,2011-09-08 10:43:00,15,1951.82,93,3,4,3,10,Loyal
15886,2011-10-10 14:25:00,4,1052.8700000000001,60,3,3,3,9,Loyal
15887,2010-10-29 08:36:00,3,1027.15,407,1,3,3,7,Needs attention
15888,2011-09-20 12:30:00,3,429.16,81,3,3,2,8,Needs attention
15889,2011-07-06 11:10:00,8,1699.67,157,2,4,3,9,Loyal
15890,2010-11-10 12:46:00,5,535.65,395,1,3,2,6,Needs attention
15891,2011-04-27 12:35:00,1,511.68,227,2,1,2,5,At risk
15892,2010-02-08 16:23:00,1,128.2,669,1,1,1,3,At risk
15893,2010-08-15 11:12:00,1,305.28000000000003,482,1,1,1,3,At risk
15894,2011-03-31 13:50:00,2,409.69,253,2,2,2,6,Needs attention
15895,2011-07-13 10:27:00,1,179.17,150,2,1,1,4,At risk
15897,2011-05-29 13:50:00,2,208.59,194,2,2,1,5,At risk
15898,2011-12-08 15:23:00,25,5513.09,1,4,4,4,12,Champions
15899,2010-12-06 10:36:00,1,112.5,369,2,1,1,4,At risk
15900,2011-11-16 12:19:00,4,886.5699999999999,24,4,3,2,9,Loyal
15901,2011-11-23 12:43:00,7,687.72,17,4,4,2,10,Loyal
15902,2010-11-24 16:57:00,1,145.01,380,1,1,1,3,At risk
15903,2011-11-30 08:08:00,12,8939.84,10,4,4,4,12,Champions
15904,2011-12-01 14:50:00,1,164.68,8,4,1,1,6,Needs attention
15905,2010-06-14 16:00:00,1,114.69,543,1,1,1,3,At risk
15906,2011-11-20 12:24:00,10,2530.19,20,4,4,4,12,Champions
15907,2011-12-06 12:21:00,3,882.72,4,4,3,2,9,Loyal
15908,2010-08-06 11:56:00,2,758.62,491,1,2,2,5,At risk
15909,2011-06-19 10:38:00,1,191.94,174,2,1,1,4,At risk
15910,2011-12-09 10:51:00,15,2661.17,1,4,4,4,12,Champions
15911,2010-03-26 12:06:00,8,1700.24,624,1,4,3,8,Needs attention
15912,2011-06-14 14:29:00,9,1074.7,178,2,4,3,9,Loyal
15913,2010-06-23 16:31:00,1,6.300000000000001,534,1,1,1,3,At risk
15914,2010-11-26 16:10:00,2,205.99,378,2,2,1,5,At risk
15915,2010-11-03 11:13:00,1,364.45,402,1,1,2,4,At risk
15916,2011-11-23 13:46:00,13,3377.69,16,4,4,4,12,Champions
15917,2011-04-06 10:40:00,5,530.17,248,2,3,2,7,Needs attention
15918,2011-06-02 11:42:00,3,582.88,191,2,3,2,7,Needs attention
15919,2011-11-20 11:28:00,2,739.77,20,4,2,2,8,Needs attention
15920,2011-07-08 15:31:00,9,569.14,154,2,4,2,8,Needs attention
15921,2011-06-20 11:03:00,4,775.26,173,2,3,2,7,Needs attention
15922,2010-12-01 13:51:00,1,739.0,373,2,1,2,5,At risk
15923,2010-12-02 12:16:00,1,254.16,373,2,1,1,4,At risk
15924,2009-12-08 15:00:00,1,102.82,731,1,1,1,3,At risk
15925,2011-05-29 15:35:00,1,207.15,194,2,1,1,4,At risk
15926,2010-06-15 15:23:00,1,134.44,542,1,1,1,3,At risk
15927,2010-03-02 13:25:00,1,106.54,647,1,1,1,3,At risk
15928,2010-02-21 15:16:00,1,293.53,656,1,1,1,3,At risk
15929,2010-03-05 14:56:00,1,594.0,644,1,1,2,4,At risk
15930,2011-10-03 14:52:00,1,426.63,67,3,1,2,6,Needs attention
15931,2010-10-07 16:46:00,1,239.9,428,1,1,1,3,At risk
15932,2011-12-05 17:13:00,8,2495.87,4,4,4,4,12,Champions
15933,2011-11-18 13:14:00,3,1107.46,21,4,3,3,10,Loyal
15934,2010-10-18 10:13:00,2,2190.66,418,1,2,3,6,Needs attention
15935,2011-04-14 13:27:00,2,416.86,239,2,2,2,6,Needs attention
15936,2010-11-25 16:39:00,2,282.79,379,2,2,1,5,At risk
15937,2011-10-06 15:48:00,1,145.35,64,3,1,1,5,At risk
15938,2011-08-19 12:56:00,9,734.81,112,2,4,2,8,Needs attention
15939,2011-09-11 11:30:00,16,9060.39,90,3,4,4,11,Champions
15940,2011-02-01 16:18:00,1,35.8,311,2,1,1,4,At risk
15941,2010-03-12 14:45:00,1,405.0,637,1,1,2,4,At risk
15942,2011-07-29 09:01:00,1,337.44,134,2,1,1,4,At risk
15943,2010-02-28 12:49:00,2,271.28999999999996,650,1,2,1,4,At risk
15944,2011-03-08 10:33:00,4,2164.24,277,2,3,3,8,Needs attention
15945,2010-12-09 13:14:00,4,827.27,365,2,3,2,7,Needs attention
15946,2010-07-25 12:18:00,3,2304.18,503,1,3,4,8,Needs attention
15947,2011-09-18 10:46:00,1,1708.24,83,3,1,3,7,Needs attention
15948,2011-12-01 15:32:00,3,1509.0900000000001,8,4,3,3,10,Loyal
15949,2011-11-23 09:09:00,2,364.72,17,4,2,2,8,Needs attention
15950,2011-11-08 11:09:00,10,7120.91,32,3,4,4,11,Champions
15951,2011-12-01 08:34:00,3,1013.17,9,4,3,3,10,Loyal
15952,2011-11-06 11:18:00,4,781.91,34,3,3,2,8,Needs attention
15953,2011-11-24 15:32:00,18,3648.08,15,4,4,4,12,Champions
15954,2010-04-29 13:35:00,1,190.75,589,1,1,1,3,At risk
15955,2011-11-15 14:15:00,22,8658.36,24,4,4,4,12,Champions
15956,2010-06-06 13:06:00,2,617.6,551,1,2,2,5,At risk
15957,2011-11-08 12:14:00,3,921.25,32,3,3,3,9,Loyal
15958,2011-09-26 13:41:00,4,462.12,74,3,3,2,8,Needs attention
15959,2010-01-26 16:38:00,3,542.89,682,1,3,2,6,Needs attention
15960,2010-11-30 15:57:00,4,410.95,374,2,3,2,7,Needs attention
15961,2010-11-25 15:59:00,1,451.28999999999996,379,2,1,2,5,At risk
15962,2010-09-16 13:48:00,1,289.48,449,1,1,1,3,At risk
15963,2011-11-20 11:33:00,2,470.76,20,4,2,2,8,Needs attention
15964,2010-02-14 15:30:00,1,269.21000000000004,663,1,1,1,3,At risk
15965,2011-11-22 16:44:00,13,2928.13,17,4,4,4,12,Champions
15966,2010-09-15 10:44:00,1,426.53000000000003,451,1,1,2,4,At risk
15967,2011-11-16 15:41:00,12,2966.0,23,4,4,4,12,Champions
15968,2010-11-16 13:04:00,1,404.55,388,1,1,2,4,At risk
15969,2011-12-07 11:06:00,5,1127.05,3,4,3,3,10,Loyal
15970,2011-02-09 12:08:00,2,1017.32,304,2,2,3,7,Needs attention
15971,2011-11-22 12:50:00,18,5902.83,18,4,4,4,12,Champions
15972,2010-09-09 13:20:00,5,1769.33,456,1,3,3,7,Needs attention
15973,2010-12-08 11:42:00,3,988.44,367,2,3,3,8,Needs attention
15974,2011-10-31 13:13:00,7,3442.15,39,3,4,4,11,Champions
15975,2011-09-16 13:33:00,1,371.01,84,3,1,2,6,Needs attention
15976,2011-06-27 13:00:00,6,1694.41,165,2,3,3,8,Needs attention
15977,2011-11-22 13:29:00,2,1054.73,17,4,2,3,9,Loyal
15978,2011-09-23 15:21:00,3,3279.42,77,3,3,4,10,Loyal
15979,2010-04-16 11:35:00,1,329.22,603,1,1,1,3,At risk
15980,2011-09-12 09:41:00,7,6543.68,89,3,4,4,11,Champions
15981,2011-11-15 08:00:00,21,9362.77,25,4,4,4,12,Champions
15982,2010-04-13 15:47:00,1,324.51,605,1,1,1,3,At risk
15983,2011-11-17 17:34:00,8,3924.02,22,4,4,4,12,Champions
15984,2011-12-07 12:16:00,30,8515.72,3,4,4,4,12,Champions
15985,2011-08-08 16:31:00,7,2715.28,123,2,4,4,10,Loyal
15986,2011-11-09 15:17:00,2,354.42,30,3,2,2,7,Needs attention
15987,2011-11-27 15:38:00,8,1649.47,12,4,4,3,11,Champions
15988,2011-11-20 13:23:00,3,738.89,19,4,3,2,9,Loyal
15989,2010-11-29 12:03:00,2,368.31,376,2,2,2,6,Needs attention
15990,2011-10-26 15:58:00,7,1997.75,44,3,4,3,10,Loyal
15991,2010-06-23 15:50:00,1,150.55,534,1,1,1,3,At risk
15992,2011-12-06 11:00:00,3,896.6,4,4,3,3,10,Loyal
15993,2011-12-01 10:45:00,7,2777.67,9,4,4,4,12,Champions
15994,2011-10-16 12:28:00,3,1175.68,55,3,3,3,9,Loyal
15995,2010-10-21 13:57:00,1,694.54,414,1,1,2,4,At risk
15996,2011-09-12 15:14:00,7,1649.65,88,3,4,3,10,Loyal
15998,2011-11-03 12:45:00,16,8274.14,37,3,4,4,11,Champions
15999,2009-12-04 12:31:00,1,20.4,736,1,1,1,3,At risk
16000,2011-12-07 12:17:00,3,12393.7,3,4,3,4,11,Champions
16001,2010-11-23 17:10:00,1,583.39,381,1,1,2,4,At risk
16002,2010-03-24 13:08:00,1,169.21,625,1,1,1,3,At risk
16003,2011-11-10 09:57:00,10,5613.83,30,3,4,4,11,Champions
16004,2010-08-22 11:48:00,5,2146.39,475,1,3,3,7,Needs attention
16005,2011-11-27 13:47:00,10,2365.4900000000002,12,4,4,4,12,Champions
16006,2011-05-12 13:12:00,2,332.82,211,2,2,1,5,At risk
16007,2011-10-23 11:05:00,7,3053.06,48,3,4,4,11,Champions
16008,2011-11-16 10:32:00,15,5339.13,24,4,4,4,12,Champions
16009,2011-11-17 16:51:00,4,972.11,22,4,3,3,10,Loyal
16010,2011-04-08 10:14:00,11,1694.86,246,2,4,3,9,Loyal
16011,2011-12-01 16:31:00,29,5838.96,8,4,4,4,12,Champions
16012,2011-11-04 13:25:00,5,2978.59,35,3,3,4,10,Loyal
16013,2011-12-06 10:36:00,84,57140.44,4,4,4,4,12,Champions
16014,2011-11-02 12:04:00,5,1100.28,38,3,3,3,9,Loyal
16015,2011-12-06 10:58:00,3,704.55,4,4,3,2,9,Loyal
16016,2011-12-06 14:35:00,11,2446.42,3,4,4,4,12,Champions
16017,2011-10-23 12:56:00,5,1545.58,47,3,3,3,9,Loyal
16018,2011-10-31 14:13:00,4,698.13,39,3,3,2,8,Needs attention
16019,2011-10-24 11:51:00,27,17329.16,47,3,4,4,11,Champions
16020,2011-11-23 11:18:00,3,851.01,17,4,3,2,9,Loyal
16021,2010-11-09 14:48:00,2,487.03,395,1,2,2,5,At risk
16022,2011-03-24 13:16:00,1,602.63,260,2,1,2,5,At risk
16023,2011-10-24 16:34:00,3,719.81,46,3,3,2,8,Needs attention
16024,2011-11-27 13:26:00,3,483.99,12,4,3,2,9,Loyal
16025,2011-11-10 11:45:00,1,439.65999999999997,30,3,1,2,6,Needs attention
16026,2011-10-27 13:53:00,1,236.09,43,3,1,1,5,At risk
16027,2011-09-09 10:47:00,15,2048.36,92,3,4,3,10,Loyal
16028,2010-04-23 11:45:00,1,82.2,596,1,1,1,3,At risk
16029,2011-11-01 10:27:00,107,122035.14,39,3,4,4,11,Champions
16030,2011-02-03 11:28:00,1,331.24,310,2,1,1,4,At risk
16031,2011-09-08 13:07:00,2,547.9,92,3,2,2,7,Needs attention
16032,2010-09-09 18:00:00,6,1965.72,456,1,3,3,7,Needs attention
16033,2011-12-04 12:44:00,27,10764.45,6,4,4,4,12,Champions
16034,2011-05-27 16:17:00,6,911.3199999999999,196,2,3,3,8,Needs attention
16035,2010-05-28 15:09:00,1,217.73,560,1,1,1,3,At risk
16036,2011-09-13 14:53:00,4,2556.84,87,3,3,4,10,Loyal
16037,2011-03-15 09:13:00,5,1509.34,270,2,3,3,8,Needs attention
16038,2011-12-02 12:40:00,3,471.78000000000003,8,4,3,2,9,Loyal
16039,2010-10-12 10:44:00,2,456.4,424,1,2,2,5,At risk
16040,2011-10-05 13:47:00,7,2416.9,65,3,4,4,11,Champions
16041,2011-11-09 12:25:00,3,3166.4,31,3,3,4,10,Loyal
16042,2011-11-17 17:50:00,8,2245.32,22,4,4,3,11,Champions
16043,2011-11-02 12:50:00,8,1856.5900000000001,38,3,4,3,10,Loyal
16044,2010-09-30 18:12:00,1,340.84000000000003,435,1,1,1,3,At risk
16045,2011-08-12 12:41:00,8,3434.9300000000003,120,2,4,4,10,Loyal
16046,2010-05-26 13:18:00,1,235.78,562,1,1,1,3,At risk
16047,2010-01-26 16:34:00,1,107.14,682,1,1,1,3,At risk
16048,2010-12-01 15:28:00,4,1075.23,373,2,3,3,8,Needs attention
16049,2011-10-30 13:19:00,6,1852.15,40,3,3,3,9,Loyal
16050,2011-06-19 11:44:00,3,300.7,174,2,3,1,6,Needs attention
16051,2010-01-27 09:38:00,1,188.44,682,1,1,1,3,At risk
16052,2011-10-16 15:13:00,1,362.06,54,3,1,2,6,Needs attention
16053,2011-11-07 11:21:00,6,3634.84,33,3,3,4,10,Loyal
16054,2011-07-17 13:08:00,4,2111.88,145,2,3,3,8,Needs attention
16055,2011-05-03 09:26:00,1,134.8,221,2,1,1,4,At risk
16056,2011-10-25 15:19:00,1,650.75,45,3,1,2,6,Needs attention
16057,2011-11-23 15:23:00,10,3854.85,16,4,4,4,12,Champions
16058,2010-10-29 16:48:00,1,62.7,406,1,1,1,3,At risk
16059,2011-10-05 09:56:00,12,3171.82,66,3,4,4,11,Champions
16060,2010-11-04 12:10:00,3,541.95,401,1,3,2,6,Needs attention
16061,2010-10-04 15:29:00,1,89.65,431,1,1,1,3,At risk
16062,2011-11-30 12:15:00,8,2863.45,10,4,4,4,12,Champions
16063,2011-03-24 14:56:00,1,335.32,260,2,1,1,4,At risk
16064,2009-12-14 16:11:00,1,109.31,725,1,1,1,3,At risk
16065,2010-12-09 13:03:00,8,2359.27,365,2,4,4,10,Loyal
16066,2011-11-23 11:54:00,5,1521.04,17,4,3,3,10,Loyal
16067,2010-05-26 12:33:00,3,3269.11,563,1,3,4,8,Needs attention
16068,2010-04-25 11:52:00,1,115.73,594,1,1,1,3,At risk
16069,2010-10-18 10:32:00,1,457.7,418,1,1,2,4,At risk
16070,2011-11-17 15:50:00,2,852.15,22,4,2,2,8,Needs attention
16071,2011-10-26 11:14:00,4,1076.8,45,3,3,3,9,Loyal
16072,2011-02-24 14:32:00,4,4180.09,288,2,3,4,9,Loyal
16073,2011-02-15 15:41:00,1,122.39999999999999,297,2,1,1,4,At risk
16074,2010-11-14 13:19:00,1,252.5,390,1,1,1,3,At risk
16075,2010-07-25 11:31:00,2,736.9300000000001,503,1,2,2,5,At risk
16076,2011-12-06 14:59:00,10,2234.73,3,4,4,3,11,Champions
16077,2010-03-24 10:42:00,1,2300.4,626,1,1,4,6,Needs attention
16078,2011-03-01 09:47:00,2,362.99,284,2,2,2,6,Needs attention
16079,2011-11-23 12:48:00,3,1352.0,17,4,3,3,10,Loyal
16080,2011-09-19 10:42:00,4,602.5600000000001,82,3,3,2,8,Needs attention
16081,2011-10-14 13:06:00,8,4436.56,56,3,4,4,11,Champions
16082,2010-02-07 15:16:00,1,106.75,670,1,1,1,3,At risk
16083,2011-08-31 10:47:00,4,2351.42,101,2,3,4,9,Loyal
16084,2011-02-13 16:05:00,1,436.18,299,2,1,2,5,At risk
16085,2011-11-16 13:24:00,12,2341.03,23,4,4,4,12,Champions
16086,2011-10-11 13:09:00,10,2864.9900000000002,59,3,4,4,11,Champions
16087,2010-11-15 16:44:00,5,1739.92,389,1,3,3,7,Needs attention
16088,2010-05-13 10:16:00,2,1437.43,576,1,2,3,6,Needs attention
16089,2010-11-18 13:51:00,2,263.49,386,1,2,1,4,At risk
16090,2010-03-25 13:05:00,1,180.56,624,1,1,1,3,At risk
16091,2011-07-08 08:45:00,2,315.06,155,2,2,1,5,At risk
16092,2011-08-17 10:46:00,6,1587.94,115,2,3,3,8,Needs attention
16093,2011-08-25 11:09:00,1,17.0,107,2,1,1,4,At risk
16094,2011-11-28 12:45:00,11,3695.56,12,4,4,4,12,Champions
16095,2010-09-09 16:54:00,1,447.05,456,1,1,2,4,At risk
16096,2011-03-20 13:38:00,4,1584.97,264,2,3,3,8,Needs attention
16097,2011-04-13 13:47:00,1,185.04999999999998,240,2,1,1,4,At risk
16098,2011-09-13 09:59:00,14,4441.3,88,3,4,4,11,Champions
16099,2011-10-20 13:13:00,7,1573.2,50,3,4,3,10,Loyal
16100,2010-09-03 11:39:00,1,582.64,463,1,1,2,4,At risk
16101,2011-09-30 10:18:00,4,3229.16,71,3,3,4,10,Loyal
16102,2011-10-28 13:19:00,3,1842.14,42,3,3,3,9,Loyal
16103,2011-12-02 14:16:00,22,6191.71,7,4,4,4,12,Champions
16104,2011-10-09 10:23:00,9,2774.46,62,3,4,4,11,Champions
16105,2011-04-05 10:13:00,5,2386.19,249,2,3,4,9,Loyal
16106,2011-10-05 10:37:00,1,108.38,66,3,1,1,5,At risk
16107,2011-11-22 09:40:00,7,3204.1600000000003,18,4,4,4,12,Champions
16108,2011-09-16 11:48:00,4,2235.92,85,3,3,3,9,Loyal
16109,2011-05-05 09:17:00,3,939.48,219,2,3,3,8,Needs attention
16110,2011-10-25 14:35:00,4,1781.59,45,3,3,3,9,Loyal
16111,2010-10-07 19:51:00,1,549.33,428,1,1,2,4,At risk
16112,2011-07-19 14:28:00,4,195.73999999999998,143,2,3,1,6,Needs attention
16113,2011-06-09 16:16:00,1,161.38,183,2,1,1,4,At risk
16114,2011-06-22 10:13:00,1,135.75000000000003,171,2,1,1,4,At risk
16115,2011-11-30 11:32:00,12,2553.8,10,4,4,4,12,Champions
16116,2011-05-12 12:01:00,1,612.78,212,2,1,2,5,At risk
16117,2011-06-03 11:42:00,3,654.4,190,2,3,2,7,Needs attention
16118,2010-02-25 09:40:00,1,4376.25,653,1,1,4,6,Needs attention
16119,2011-12-01 15:11:00,8,1720.81,8,4,4,3,11,Champions
16120,2011-10-11 14:22:00,6,2967.51,59,3,3,4,10,Loyal
16121,2011-10-13 12:59:00,5,1450.04,57,3,3,3,9,Loyal
16122,2011-09-27 15:34:00,6,1001.34,73,3,3,3,9,Loyal
16123,2011-10-19 09:18:00,1,307.78,52,3,1,1,5,At risk
16124,2011-01-26 14:45:00,4,1772.49,317,2,3,3,8,Needs attention
16125,2010-12-07 15:48:00,14,4581.7,367,2,4,4,10,Loyal
16126,2011-11-10 16:03:00,15,14644.6,29,3,4,4,11,Champions
16127,2011-10-31 13:58:00,2,801.31,39,3,2,2,7,Needs attention
16128,2011-11-22 11:14:00,11,3801.05,18,4,4,4,12,Champions
16129,2010-10-28 14:29:00,3,1396.05,407,1,3,3,7,Needs attention
16130,2010-10-13 15:14:00,4,987.48,422,1,3,3,7,Needs attention
16131,2011-10-19 11:53:00,12,9957.42,52,3,4,4,11,Champions
16132,2010-06-13 13:49:00,2,664.1999999999999,544,1,2,2,5,At risk
16133,2011-12-06 11:24:00,56,22992.260000000002,4,4,4,4,12,Champions
16134,2011-11-18 10:05:00,5,2145.34,22,4,3,3,10,Loyal
16135,2011-03-22 12:30:00,2,819.45,263,2,2,2,6,Needs attention
16136,2011-10-11 09:10:00,4,946.8,60,3,3,3,9,Loyal
16137,2010-01-28 15:04:00,1,422.7,680,1,1,2,4,At risk
16138,2010-11-26 12:13:00,3,910.35,379,2,3,3,8,Needs attention
16139,2011-11-21 08:37:00,5,1111.15,19,4,3,3,10,Loyal
16140,2011-10-05 12:15:00,3,1557.6000000000001,66,3,3,3,9,Loyal
16141,2011-09-12 13:11:00,2,955.94,88,3,2,3,8,Needs attention
16142,2011-04-04 10:16:00,1,535.34,250,2,1,2,5,At risk
16143,2011-12-06 14:13:00,12,4910.83,3,4,4,4,12,Champions
16144,2011-04-07 10:09:00,1,175.2,247,2,1,1,4,At risk
16145,2011-12-01 10:33:00,19,6805.4400000000005,9,4,4,4,12,Champions
16146,2011-07-05 14:20:00,4,946.38,157,2,3,3,8,Needs attention
16147,2011-07-29 09:57:00,5,2398.91,134,2,3,4,9,Loyal
16148,2011-02-16 14:01:00,2,386.62,296,2,2,2,6,Needs attention
16149,2011-12-05 11:29:00,3,422.22,5,4,3,2,9,Loyal
16150,2011-10-28 12:39:00,10,4395.59,43,3,4,4,11,Champions
16152,2011-03-16 09:47:00,1,1829.04,269,2,1,3,6,Needs attention
16153,2011-10-21 10:50:00,11,5133.49,50,3,4,4,11,Champions
16155,2010-11-23 12:03:00,5,796.9,382,1,3,2,6,Needs attention
16156,2011-12-01 12:42:00,20,6188.18,9,4,4,4,12,Champions
16157,2011-11-24 11:41:00,3,656.69,16,4,3,2,9,Loyal
16158,2010-07-05 13:55:00,9,628.32,522,1,4,2,7,Needs attention
16159,2011-03-03 12:27:00,4,1232.79,282,2,3,3,8,Needs attention
16160,2011-10-05 14:19:00,2,1025.44,65,3,2,3,8,Needs attention
16161,2011-12-08 12:10:00,43,12744.26,2,4,4,4,12,Champions
16162,2011-04-01 15:03:00,1,37.4,252,2,1,1,4,At risk
16163,2011-04-21 15:15:00,6,2849.58,232,2,3,4,9,Loyal
16164,2011-11-22 15:04:00,3,822.48,17,4,3,2,9,Loyal
16165,2010-07-22 14:17:00,1,79.9,505,1,1,1,3,At risk
16166,2010-10-07 15:44:00,2,435.83,428,1,2,2,5,At risk
16167,2010-10-21 15:33:00,5,1386.1200000000001,414,1,3,3,7,Needs attention
16168,2011-11-29 12:45:00,66,10636.47,11,4,4,4,12,Champions
16169,2011-12-01 15:28:00,4,1822.97,8,4,3,3,10,Loyal
16170,2011-10-20 08:21:00,20,6869.0,51,3,4,4,11,Champions
16171,2011-10-11 14:51:00,1,73.2,59,3,1,1,5,At risk
16172,2011-09-05 13:22:00,8,1884.55,95,3,4,3,10,Loyal
16173,2011-11-24 10:53:00,6,1418.32,16,4,3,3,10,Loyal
16174,2011-08-05 13:26:00,7,2246.75,126,2,4,3,9,Loyal
16175,2011-09-06 14:32:00,7,1836.44,94,3,4,3,10,Loyal
16176,2010-10-14 13:54:00,4,2052.69,421,1,3,3,7,Needs attention
16177,2011-10-20 12:57:00,8,2247.31,50,3,4,3,10,Loyal
16178,2011-07-24 16:05:00,2,612.6,138,2,2,2,6,Needs attention
16179,2011-10-10 09:41:00,1,215.83,61,3,1,1,5,At risk
16180,2011-08-31 16:28:00,13,16249.87,100,2,4,4,10,Loyal
16181,2011-09-27 13:38:00,1,305.54,73,3,1,1,5,At risk
16182,2011-09-28 13:23:00,9,9971.65,72,3,4,4,11,Champions
16183,2011-10-03 14:59:00,4,1077.81,67,3,3,3,9,Loyal
16184,2011-10-06 17:43:00,6,1158.79,64,3,3,3,9,Loyal
16185,2011-11-23 09:41:00,3,644.72,17,4,3,2,9,Loyal
16186,2011-11-17 12:43:00,26,9026.11,23,4,4,4,12,Champions
16187,2011-11-08 09:50:00,15,6911.4400000000005,32,3,4,4,11,Champions
16188,2011-10-26 12:19:00,5,1087.66,45,3,3,3,9,Loyal
16189,2011-11-24 11:47:00,2,215.48,16,4,2,1,7,Needs attention
16190,2011-10-30 15:59:00,8,2723.55,40,3,4,4,11,Champions
16191,2011-12-07 11:26:00,24,15677.82,3,4,4,4,12,Champions
16192,2009-12-04 12:28:00,1,351.3,736,1,1,2,4,At risk
16193,2011-04-17 11:45:00,2,630.43,237,2,2,2,6,Needs attention
16194,2010-11-29 13:28:00,1,308.59999999999997,375,2,1,1,4,At risk
16195,2009-12-16 14:09:00,1,323.25,723,1,1,1,3,At risk
16196,2010-08-08 11:40:00,1,93.3,489,1,1,1,3,At risk
16197,2010-08-27 12:56:00,9,2016.71,469,1,4,3,8,Needs attention
16198,2011-09-25 14:58:00,2,1030.0410000000002,75,3,2,3,8,Needs attention
16199,2010-11-12 12:55:00,7,942.75,392,1,4,3,8,Needs attention
16200,2011-12-05 14:40:00,12,5608.1,4,4,4,4,12,Champions
16201,2011-12-06 16:02:00,5,2112.12,3,4,3,3,10,Loyal
16202,2010-12-14 10:43:00,9,2501.9900000000002,361,2,4,4,10,Loyal
16203,2011-10-12 12:31:00,6,1114.54,59,3,3,3,9,Loyal
16204,2011-11-16 13:40:00,3,918.71,23,4,3,3,10,Loyal
16205,2011-11-09 09:32:00,7,1820.1100000000001,31,3,4,3,10,Loyal
16206,2011-10-16 10:41:00,13,2589.87,55,3,4,4,11,Champions
16207,2011-11-14 13:51:00,1,394.38,25,4,1,2,7,Needs attention
16208,2011-10-26 11:36:00,10,3440.45,45,3,4,4,11,Champions
16209,2011-09-12 11:58:00,9,4146.78,89,3,4,4,11,Champions
16210,2011-12-08 12:36:00,35,38489.51,2,4,4,4,12,Champions
16211,2011-09-12 12:11:00,3,1090.59,89,3,3,3,9,Loyal
16212,2011-11-20 13:00:00,4,1293.71,19,4,3,3,10,Loyal
16213,2011-09-22 10:03:00,1,159.0,79,3,1,1,5,At risk
16214,2011-06-22 11:30:00,4,2038.25,171,2,3,3,8,Needs attention
16215,2011-09-20 10:18:00,1,242.35,81,3,1,1,5,At risk
16216,2011-03-17 15:34:00,1,914.9300000000001,267,2,1,3,6,Needs attention
16217,2011-04-18 13:31:00,2,304.25,235,2,2,1,5,At risk
16218,2011-11-10 09:59:00,13,4439.97,30,3,4,4,11,Champions
16219,2010-07-27 11:44:00,1,40.8,501,1,1,1,3,At risk
16221,2011-11-03 11:43:00,9,2186.66,37,3,4,3,10,Loyal
16222,2011-01-25 13:38:00,2,1272.05,318,2,2,3,7,Needs attention
16223,2010-11-30 11:50:00,2,1087.05,375,2,2,3,7,Needs attention
16224,2011-10-13 17:51:00,5,1616.54,57,3,3,3,9,Loyal
16225,2011-10-26 08:30:00,15,2859.31,45,3,4,4,11,Champions
16226,2011-05-20 14:41:00,5,672.1700000000001,203,2,3,2,7,Needs attention
16227,2011-04-28 13:33:00,3,1027.22,225,2,3,3,8,Needs attention
16228,2010-11-19 14:20:00,3,885.71,385,1,3,2,6,Needs attention
16229,2011-09-13 17:16:00,6,2867.86,87,3,3,4,10,Loyal
16230,2011-06-03 10:06:00,2,542.03,190,2,2,2,6,Needs attention
16231,2010-11-25 15:00:00,4,1074.47,379,2,3,3,8,Needs attention
16232,2011-10-27 12:16:00,7,2712.97,44,3,4,4,11,Champions
16233,2011-09-29 17:27:00,9,1965.71,71,3,4,3,10,Loyal
16234,2010-08-20 14:33:00,3,333.18,476,1,3,1,5,At risk
16235,2011-10-30 10:56:00,9,2053.71,41,3,4,3,10,Loyal
16236,2011-09-22 14:10:00,1,432.2,78,3,1,2,6,Needs attention
16237,2010-09-28 17:02:00,1,136.65,437,1,1,1,3,At risk
16238,2010-10-13 12:36:00,1,63.66,423,1,1,1,3,At risk
16239,2011-10-14 08:29:00,6,1492.2,57,3,3,3,9,Loyal
16240,2011-11-15 14:30:00,2,3718.8,24,4,2,4,10,Loyal
16241,2011-11-30 11:08:00,16,4270.51,10,4,4,4,12,Champions
16242,2011-12-01 15:12:00,14,7404.65,8,4,4,4,12,Champions
16243,2011-11-06 12:32:00,2,409.1,34,3,2,2,7,Needs attention
16244,2011-05-12 10:18:00,2,2579.38,212,2,2,4,8,Needs attention
16245,2011-11-16 10:14:00,3,1413.66,24,4,3,3,10,Loyal
16246,2010-09-06 12:04:00,2,821.35,460,1,2,2,5,At risk
16247,2011-06-22 14:23:00,1,114.56,170,2,1,1,4,At risk
16248,2011-10-09 11:32:00,1,152.94,62,3,1,1,5,At risk
16249,2011-10-18 10:07:00,5,1800.07,53,3,3,3,9,Loyal
16250,2011-03-23 15:07:00,3,791.38,261,2,3,2,7,Needs attention
16251,2010-07-15 14:55:00,1,128.31,512,1,1,1,3,At risk
16252,2010-11-22 11:57:00,1,295.09000000000003,383,1,1,1,3,At risk
16253,2011-10-04 09:09:00,7,7272.2,67,3,4,4,11,Champions
16254,2010-11-26 13:22:00,3,967.44,378,2,3,3,8,Needs attention
16255,2011-11-23 12:40:00,15,4904.25,17,4,4,4,12,Champions
16256,2011-03-18 12:18:00,3,1629.37,267,2,3,3,8,Needs attention
16257,2011-06-16 10:11:00,1,46.95,177,2,1,1,4,At risk
16258,2011-10-25 13:30:00,15,11942.52,45,3,4,4,11,Champions
16259,2010-10-25 14:27:00,3,340.94,410,1,3,1,5,At risk
16260,2011-10-20 09:40:00,1,1035.45,51,3,1,3,7,Needs attention
16261,2011-11-22 17:23:00,6,1041.16,17,4,3,3,10,Loyal
16262,2010-11-26 13:22:00,1,755.15,378,2,1,2,5,At risk
16263,2010-10-12 14:52:00,1,348.16,423,1,1,2,4,At risk
16264,2010-09-27 15:00:00,2,823.53,438,1,2,2,5,At risk
16265,2011-11-30 16:41:00,12,6935.17,9,4,4,4,12,Champions
16266,2011-09-27 12:08:00,14,1757.95,74,3,4,3,10,Loyal
16267,2010-04-27 14:10:00,1,186.66,591,1,1,1,3,At risk
16268,2011-09-29 18:30:00,2,667.65,71,3,2,2,7,Needs attention
16269,2010-09-28 11:50:00,1,717.57,438,1,1,2,4,At risk
16270,2010-12-21 14:26:00,1,1141.24,353,2,1,3,6,Needs attention
16271,2011-12-07 12:45:00,10,3397.82,3,4,4,4,12,Champions
16272,2011-08-15 10:54:00,1,411.7,117,2,1,2,5,At risk
16273,2010-03-01 13:24:00,2,318.34000000000003,648,1,2,1,4,At risk
16274,2010-12-01 15:35:00,1,703.5,373,2,1,2,5,At risk
16275,2011-05-27 12:41:00,3,2151.11,197,2,3,3,8,Needs attention
16276,2011-06-16 09:34:00,3,2629.3900000000003,177,2,3,4,9,Loyal
16277,2009-12-06 11:27:00,1,188.69,734,1,1,1,3,At risk
16278,2011-08-31 17:12:00,3,1117.84,100,2,3,3,8,Needs attention
16279,2011-11-18 15:00:00,9,5698.28,21,4,4,4,12,Champions
16280,2009-12-14 15:49:00,1,238.05,725,1,1,1,3,At risk
16281,2011-09-28 14:57:00,3,3424.02,72,3,3,4,10,Loyal
16282,2011-01-04 11:42:00,3,1307.58,340,2,3,3,8,Needs attention
16283,2011-12-04 12:08:00,8,4350.32,6,4,4,4,12,Champions
16284,2011-11-08 16:12:00,3,1018.48,31,3,3,3,9,Loyal
16285,2010-03-03 16:03:00,1,176.9,646,1,1,1,3,At risk
16286,2010-08-19 14:48:00,2,328.95,477,1,2,1,4,At risk
16287,2011-06-23 09:08:00,5,1006.98,170,2,3,3,8,Needs attention
16288,2010-08-26 14:45:00,1,129.85,470,1,1,1,3,At risk
16289,2010-09-03 14:02:00,1,136.31,462,1,1,1,3,At risk
16290,2010-09-01 11:52:00,4,1957.7,465,1,3,3,7,Needs attention
16291,2010-01-26 16:26:00,1,117.72,682,1,1,1,3,At risk
16292,2011-08-10 12:24:00,5,1253.76,122,2,3,3,8,Needs attention
16293,2011-11-18 09:58:00,15,4657.95,22,4,4,4,12,Champions
16294,2010-08-20 12:01:00,1,126.05000000000001,477,1,1,1,3,At risk
16295,2011-11-30 08:17:00,4,1328.55,10,4,3,3,10,Loyal
16296,2010-03-23 13:11:00,4,1313.67,626,1,3,3,7,Needs attention
16297,2011-03-16 08:29:00,1,301.9,269,2,1,1,4,At risk
16298,2011-11-17 11:59:00,7,1085.7,23,4,4,3,11,Champions
16299,2010-08-19 17:46:00,1,193.65,477,1,1,1,3,At risk
16300,2010-10-05 13:14:00,3,1367.32,430,1,3,3,7,Needs attention
16301,2009-12-03 10:20:00,1,107.33,737,1,1,1,3,At risk
16302,2011-08-05 09:44:00,1,233.22,127,2,1,1,4,At risk
16303,2011-11-14 10:49:00,7,7928.27,26,3,4,4,11,Champions
16304,2010-01-14 08:30:00,1,381.66,695,1,1,2,4,At risk
16305,2011-07-24 12:18:00,1,361.21999999999997,139,2,1,2,5,At risk
16306,2011-05-10 12:12:00,7,1192.82,214,2,4,3,9,Loyal
16307,2010-10-06 14:31:00,3,1194.92,429,1,3,3,7,Needs attention
16308,2011-11-02 11:24:00,7,5120.0,38,3,4,4,11,Champions
16309,2011-08-25 15:35:00,2,706.57,106,2,2,2,6,Needs attention
16310,2010-10-21 14:47:00,2,460.08,414,1,2,2,5,At risk
16311,2011-11-22 08:54:00,2,616.26,18,4,2,2,8,Needs attention
16312,2010-10-03 14:15:00,1,171.15,432,1,1,1,3,At risk
16313,2011-12-06 13:02:00,2,274.15000000000003,3,4,2,1,7,Needs attention
16314,2010-11-15 12:06:00,3,1491.4,390,1,3,3,7,Needs attention
16315,2011-01-13 11:57:00,2,402.71,331,2,2,2,6,Needs attention
16316,2011-10-06 13:48:00,13,5744.91,64,3,4,4,11,Champions
16317,2011-08-12 12:46:00,5,2192.51,120,2,3,3,8,Needs attention
16318,2011-11-04 13:05:00,1,328.15,35,3,1,1,5,At risk
16319,2011-05-06 11:27:00,1,404.40000000000003,218,2,1,2,5,At risk
16320,2011-06-20 15:25:00,6,5628.99,172,2,3,4,9,Loyal
16321,2011-09-28 14:55:00,7,604.5500000000001,72,3,4,2,9,Loyal
16322,2011-12-08 15:41:00,2,326.75,1,4,2,1,7,Needs attention
16323,2011-05-27 14:48:00,2,353.66,196,2,2,2,6,Needs attention
16324,2011-08-03 12:58:00,3,408.59000000000003,128,2,3,2,7,Needs attention
16325,2011-10-24 08:48:00,12,3597.5,47,3,4,4,11,Champions
16326,2011-12-04 10:11:00,24,4721.25,6,4,4,4,12,Champions
16327,2011-11-25 13:23:00,16,10695.24,14,4,4,4,12,Champions
16328,2010-05-25 14:02:00,1,310.83,563,1,1,1,3,At risk
16329,2010-10-08 12:44:00,4,1664.92,428,1,3,3,7,Needs attention
16330,2011-11-22 12:24:00,7,625.38,18,4,4,2,10,Loyal
16331,2010-10-03 13:47:00,6,2037.7,432,1,3,3,7,Needs attention
16332,2011-11-11 14:22:00,11,2000.01,28,3,4,3,10,Loyal
16333,2011-12-02 12:19:00,22,26626.8,8,4,4,4,12,Champions
16334,2010-08-04 16:38:00,1,263.73,492,1,1,1,3,At risk
16335,2010-06-06 11:35:00,7,2753.52,552,1,4,4,9,Loyal
16336,2010-10-15 12:32:00,4,3517.69,421,1,3,4,8,Needs attention
16337,2011-11-03 10:03:00,1,151.05,37,3,1,1,5,At risk
16338,2011-07-05 13:56:00,1,214.79999999999998,157,2,1,1,4,At risk
16339,2011-02-28 13:41:00,1,94.05,284,2,1,1,4,At risk
16340,2011-08-24 14:53:00,3,1496.24,107,2,3,3,8,Needs attention
16341,2011-11-15 09:12:00,7,3850.79,25,4,4,4,12,Champions
16342,2011-09-25 14:36:00,4,322.41,75,3,3,1,7,Needs attention
16343,2011-11-23 17:45:00,3,614.12,16,4,3,2,9,Loyal
16344,2011-07-04 15:50:00,4,842.42,158,2,3,2,7,Needs attention
16345,2011-10-26 16:03:00,2,1178.79,44,3,2,3,8,Needs attention
16346,2010-11-19 15:55:00,1,224.51,385,1,1,1,3,At risk
16347,2011-11-28 13:14:00,11,3442.96,11,4,4,4,12,Champions
16348,2011-11-07 15:44:00,8,1744.42,32,3,4,3,10,Loyal
16349,2011-02-22 12:40:00,1,53.5,291,2,1,1,4,At risk
16350,2011-11-18 15:53:00,9,2253.89,21,4,4,3,11,Champions
16351,2011-01-11 10:26:00,13,3330.0299999999997,333,2,4,4,10,Loyal
16352,2011-11-22 10:32:00,2,494.44,18,4,2,2,8,Needs attention
16353,2011-12-06 12:23:00,38,9999.460000000001,4,4,4,4,12,Champions
16354,2011-10-07 14:28:00,5,1119.46,63,3,3,3,9,Loyal
16355,2010-11-29 14:21:00,1,416.35,375,2,1,2,5,At risk
16356,2011-05-26 11:51:00,6,415.87,198,2,3,2,7,Needs attention
16357,2011-11-06 16:04:00,4,868.37,33,3,3,2,8,Needs attention
16358,2011-12-08 15:09:00,5,2919.65,1,4,3,4,11,Champions
16359,2011-12-02 17:04:00,16,2697.75,7,4,4,4,12,Champions
16360,2011-12-05 12:16:00,6,3450.41,5,4,3,4,11,Champions
16361,2011-11-30 12:32:00,4,891.21,10,4,3,3,10,Loyal
16362,2011-11-07 13:01:00,6,922.16,32,3,3,3,9,Loyal
16363,2011-10-17 14:14:00,1,109.36000000000001,53,3,1,1,5,At risk
16364,2011-11-28 11:27:00,2,705.79,12,4,2,2,8,Needs attention
16365,2011-11-22 11:24:00,15,3307.2,18,4,4,4,12,Champions
16366,2011-11-21 08:19:00,4,1548.1299999999999,19,4,3,3,10,Loyal
16367,2011-11-02 13:13:00,3,1350.48,37,3,3,3,9,Loyal
16368,2011-12-07 13:12:00,3,621.44,2,4,3,2,9,Loyal
16369,2011-11-21 16:25:00,7,2656.56,18,4,4,4,12,Champions
16370,2011-09-18 15:55:00,4,1301.91,82,3,3,3,9,Loyal
16371,2010-09-17 12:09:00,1,157.2,449,1,1,1,3,At risk
16372,2011-11-06 13:08:00,5,1290.31,33,3,3,3,9,Loyal
16373,2010-11-22 15:50:00,2,309.49,382,1,2,1,4,At risk
16374,2011-10-04 15:21:00,5,1723.4,66,3,3,3,9,Loyal
16375,2010-08-26 14:25:00,2,104.0,470,1,2,1,4,At risk
16376,2011-12-01 11:38:00,2,974.96,9,4,2,3,9,Loyal
16377,2011-03-17 15:41:00,2,1308.48,267,2,2,3,7,Needs attention
16378,2011-04-06 15:07:00,3,362.95,247,2,3,2,7,Needs attention
16379,2011-12-05 15:38:00,4,2157.4,4,4,3,3,10,Loyal
16380,2011-10-09 15:40:00,1,1743.1499999999999,61,3,1,3,7,Needs attention
16381,2010-11-09 09:56:00,2,247.85,396,1,2,1,4,At risk
16382,2010-10-27 16:23:00,2,353.1,408,1,2,2,5,At risk
16383,2011-09-26 12:45:00,7,2896.69,75,3,4,4,11,Champions
16384,2011-09-11 11:19:00,4,1358.95,90,3,3,3,9,Loyal
16385,2011-10-10 13:12:00,5,1028.55,60,3,3,3,9,Loyal
16386,2011-11-11 12:28:00,3,1068.16,29,3,3,3,9,Loyal
16387,2011-01-21 11:34:00,5,882.46,323,2,3,2,7,Needs attention
16388,2010-02-24 10:20:00,1,186.05,654,1,1,1,3,At risk
16389,2011-10-17 14:41:00,4,1382.07,53,3,3,3,9,Loyal
16390,2010-06-21 10:11:00,3,467.5,537,1,3,2,6,Needs attention
16391,2010-11-04 12:27:00,4,1052.26,401,1,3,3,7,Needs attention
16392,2011-03-15 12:11:00,3,756.7,270,2,3,2,7,Needs attention
16393,2011-12-07 12:51:00,23,5482.57,2,4,4,4,12,Champions
16394,2011-10-14 09:48:00,5,1555.34,57,3,3,3,9,Loyal
16395,2011-10-10 12:50:00,14,3518.41,61,3,4,4,11,Champions
16396,2010-08-20 14:17:00,1,137.8,476,1,1,1,3,At risk
16397,2010-03-21 15:36:00,1,123.13,628,1,1,1,3,At risk
16398,2011-07-08 15:16:00,2,1705.8,154,2,2,3,7,Needs attention
16399,2011-11-20 16:12:00,3,630.22,19,4,3,2,9,Loyal
16400,2011-09-06 12:27:00,9,3059.85,95,3,4,4,11,Champions
16401,2011-12-08 18:15:00,23,6849.15,1,4,4,4,12,Champions
16402,2011-03-20 12:25:00,2,499.1,265,2,2,2,6,Needs attention
16403,2011-01-31 13:39:00,1,177.5,312,2,1,1,4,At risk
16404,2011-09-30 14:55:00,1,443.05,70,3,1,2,6,Needs attention
16405,2011-02-10 15:24:00,2,167.25,302,2,2,1,5,At risk
16406,2011-11-21 11:57:00,3,528.36,19,4,3,2,9,Loyal
16407,2011-11-27 11:05:00,14,2761.65,13,4,4,4,12,Champions
16408,2010-04-27 14:08:00,1,231.93,591,1,1,1,3,At risk
16409,2011-11-03 16:45:00,12,5652.74,36,3,4,4,11,Champions
16410,2009-12-05 14:51:00,1,130.32,734,1,1,1,3,At risk
16411,2011-11-20 13:23:00,4,884.9399999999999,19,4,3,2,9,Loyal
16412,2011-10-17 12:35:00,5,593.19,54,3,3,2,8,Needs attention
16413,2011-10-14 12:08:00,2,522.03,57,3,2,2,7,Needs attention
16414,2011-11-18 09:42:00,5,551.21,22,4,3,2,9,Loyal
16415,2011-10-26 13:35:00,3,696.76,44,3,3,2,8,Needs attention
16416,2011-11-13 12:50:00,9,2957.88,27,3,4,4,11,Champions
16417,2010-08-04 09:08:00,1,35.7,493,1,1,1,3,At risk
16418,2011-10-26 12:39:00,5,1028.74,45,3,3,3,9,Loyal
16419,2011-08-19 12:33:00,8,1463.7,113,2,4,3,9,Loyal
16420,2010-11-08 15:15:00,1,75.0,396,1,1,1,3,At risk
16421,2010-11-28 13:31:00,3,526.27,376,2,3,2,7,Needs attention
16422,2011-11-22 14:00:00,109,63589.07,17,4,4,4,12,Champions
16423,2011-11-15 09:21:00,1,346.12,25,4,1,2,7,Needs attention
16424,2011-06-01 13:40:00,2,443.06,191,2,2,2,6,Needs attention
16425,2011-02-10 14:30:00,1,302.7,302,2,1,1,4,At risk
16426,2011-12-07 14:01:00,10,1863.76,2,4,4,3,11,Champions
16427,2011-03-21 17:10:00,2,241.06,263,2,2,1,5,At risk
16428,2010-10-22 12:22:00,3,638.49,414,1,3,2,6,Needs attention
16429,2011-08-25 13:54:00,1,284.55,106,2,1,1,4,At risk
16430,2011-10-13 14:47:00,7,1117.94,57,3,4,3,10,Loyal
16431,2011-05-10 14:09:00,3,623.28,213,2,3,2,7,Needs attention
16432,2011-10-06 13:59:00,1,287.4,64,3,1,1,5,At risk
16433,2011-11-11 14:09:00,2,384.52,28,3,2,2,7,Needs attention
16434,2011-11-10 14:28:00,12,2673.69,29,3,4,4,11,Champions
16435,2010-07-15 18:22:00,3,1003.0699999999999,512,1,3,3,7,Needs attention
16436,2010-02-09 13:19:00,3,319.14,668,1,3,1,5,At risk
16437,2010-11-23 16:59:00,2,301.25,381,1,2,1,4,At risk
16438,2011-12-04 10:51:00,5,798.35,6,4,3,2,9,Loyal
16439,2009-12-17 14:22:00,1,310.70000000000005,722,1,1,1,3,At risk
16440,2011-12-02 12:02:00,6,3856.9700000000003,8,4,3,4,11,Champions
16441,2011-10-03 17:48:00,5,1019.13,67,3,3,3,9,Loyal
16442,2011-12-08 11:43:00,5,891.98,2,4,3,3,10,Loyal
16443,2010-07-07 11:57:00,1,162.24,521,1,1,1,3,At risk
16444,2011-10-24 13:50:00,17,3625.88,46,3,4,4,11,Champions
16445,2011-11-06 12:32:00,4,583.16,34,3,3,2,8,Needs attention
16446,2011-12-09 09:15:00,2,168472.5,1,4,2,4,10,Loyal
16447,2011-07-27 12:45:00,3,727.1,136,2,3,2,7,Needs attention
16448,2011-05-25 16:28:00,2,361.12,198,2,2,2,6,Needs attention
16449,2011-05-26 10:25:00,2,707.69,198,2,2,2,6,Needs attention
16450,2011-07-13 11:47:00,3,1505.73,150,2,3,3,8,Needs attention
16451,2011-09-13 09:17:00,3,1013.15,88,3,3,3,9,Loyal
16452,2010-03-19 12:39:00,2,332.17,631,1,2,1,4,At risk
16453,2010-06-27 12:46:00,2,251.71,531,1,2,1,4,At risk
16454,2011-10-26 11:40:00,4,30.950000000000003,45,3,3,1,7,Needs attention
16455,2011-10-07 12:17:00,11,4376.87,64,3,4,4,11,Champions
16456,2011-09-01 13:50:00,13,6788.34,99,2,4,4,10,Loyal
16457,2011-05-05 13:19:00,1,208.36,218,2,1,1,4,At risk
16458,2011-12-07 09:34:00,30,5690.89,3,4,4,4,12,Champions
16459,2009-12-10 12:42:00,1,71.78999999999999,730,1,1,1,3,At risk
16460,2011-11-11 13:46:00,3,811.23,28,3,3,2,8,Needs attention
16461,2011-06-15 12:07:00,3,1545.83,178,2,3,3,8,Needs attention
16462,2011-09-27 10:24:00,3,136.0,74,3,3,1,7,Needs attention
16463,2011-11-18 14:01:00,4,1422.4,21,4,3,3,10,Loyal
16464,2011-11-20 12:11:00,3,1298.66,20,4,3,3,10,Loyal
16465,2010-10-15 09:27:00,2,746.24,421,1,2,2,5,At risk
16466,2011-11-06 11:35:00,15,3767.09,34,3,4,4,11,Champions
16467,2010-07-19 11:49:00,7,2869.16,509,1,4,4,9,Loyal
16468,2011-09-26 14:13:00,3,787.52,74,3,3,2,8,Needs attention
16469,2011-11-16 12:25:00,5,803.9,24,4,3,2,9,Loyal
16470,2011-10-19 12:11:00,11,2416.85,52,3,4,4,11,Champions
16471,2011-03-10 09:41:00,4,1189.98,275,2,3,3,8,Needs attention
16472,2010-10-01 13:56:00,2,789.6,434,1,2,2,5,At risk
16473,2011-06-28 09:10:00,4,470.83,165,2,3,2,7,Needs attention
16474,2011-12-02 13:02:00,7,1810.65,7,4,4,3,11,Champions
16475,2011-09-12 14:37:00,4,544.3,88,3,3,2,8,Needs attention
16476,2010-10-04 10:29:00,1,350.35,432,1,1,2,4,At risk
16477,2011-10-07 09:44:00,11,4320.02,64,3,4,4,11,Champions
16478,2011-11-14 15:51:00,3,331.0,25,4,3,1,8,Needs attention
16479,2011-11-29 13:40:00,2,300.83,10,4,2,1,7,Needs attention
16480,2011-09-25 11:40:00,1,769.29,76,3,1,2,6,Needs attention
16481,2010-01-26 13:09:00,1,453.38,682,1,1,2,4,At risk
16482,2011-11-24 12:33:00,1,220.62,16,4,1,1,6,Needs attention
16483,2011-05-31 13:08:00,1,139.35,192,2,1,1,4,At risk
16484,2011-06-19 12:06:00,2,404.3,174,2,2,2,6,Needs attention
16485,2011-09-23 15:50:00,5,2287.19,77,3,3,3,9,Loyal
16486,2010-06-20 12:16:00,1,134.36,538,1,1,1,3,At risk
16487,2010-05-11 13:38:00,2,209.4,577,1,2,1,4,At risk
16488,2011-11-06 13:42:00,3,498.8,33,3,3,2,8,Needs attention
16489,2010-11-24 14:40:00,2,303.7,380,1,2,1,4,At risk
16490,2010-09-29 16:30:00,1,205.41000000000003,436,1,1,1,3,At risk
16491,2011-10-24 10:18:00,2,1533.16,47,3,2,3,8,Needs attention
16492,2010-06-17 08:20:00,1,385.56,541,1,1,2,4,At risk
16493,2011-09-21 11:10:00,7,2132.09,80,3,4,3,10,Loyal
16494,2011-02-16 12:49:00,1,826.53,297,2,1,2,5,At risk
16495,2011-12-06 13:20:00,3,648.26,3,4,3,2,9,Loyal
16496,2011-12-01 10:31:00,6,2330.77,9,4,3,4,11,Champions
16497,2011-10-21 10:55:00,23,6695.28,50,3,4,4,11,Champions
16498,2011-07-01 15:07:00,2,100.97,161,2,2,1,5,At risk
16499,2010-12-14 13:31:00,8,2578.34,360,2,4,4,10,Loyal
16500,2011-12-05 12:04:00,9,843.9100000000001,5,4,4,2,10,Loyal
16501,2010-11-21 14:10:00,1,1191.23,383,1,1,3,5,At risk
16502,2010-03-29 13:44:00,2,258.55,620,1,2,1,4,At risk
16503,2011-08-25 11:46:00,11,3614.34,107,2,4,4,10,Loyal
16504,2011-11-14 15:18:00,1,465.88,25,4,1,2,7,Needs attention
16505,2011-11-08 12:14:00,1,777.6,32,3,1,2,6,Needs attention
16506,2011-11-20 12:17:00,2,90.30000000000001,20,4,2,1,7,Needs attention
16507,2010-05-16 12:56:00,1,142.71,572,1,1,1,3,At risk
16508,2010-03-19 13:41:00,1,240.95,630,1,1,1,3,At risk
16509,2011-02-16 09:25:00,1,363.7,297,2,1,2,5,At risk
16510,2010-12-02 13:39:00,6,2025.6,372,2,3,3,8,Needs attention
16511,2011-11-18 10:41:00,6,1760.49,22,4,3,3,10,Loyal
16513,2011-12-05 10:18:00,4,874.59,5,4,3,2,9,Loyal
16515,2011-10-18 13:10:00,10,3179.06,52,3,4,4,11,Champions
16516,2011-11-09 14:59:00,1,101.69999999999999,30,3,1,1,5,At risk
16517,2011-03-07 13:50:00,1,162.7,277,2,1,1,4,At risk
16518,2011-10-09 15:04:00,4,959.37,61,3,3,3,9,Loyal
16519,2011-11-14 15:41:00,4,542.76,25,4,3,2,9,Loyal
16520,2011-06-06 13:24:00,6,2474.14,186,2,3,4,9,Loyal
16521,2010-10-20 13:09:00,3,1140.11,415,1,3,3,7,Needs attention
16522,2010-09-30 10:54:00,2,433.36,436,1,2,2,5,At risk
16523,2011-12-08 09:06:00,28,11916.33,2,4,4,4,12,Champions
16524,2010-09-19 13:37:00,2,306.19,446,1,2,1,4,At risk
16525,2011-12-07 15:07:00,48,24562.74,2,4,4,4,12,Champions
16526,2011-06-21 12:02:00,2,717.21,172,2,2,2,6,Needs attention
16527,2011-09-19 16:21:00,2,1232.94,81,3,2,3,8,Needs attention
16528,2011-12-06 12:45:00,1,244.41,4,4,1,1,6,Needs attention
16529,2011-06-02 17:23:00,4,1986.8,190,2,3,3,8,Needs attention
16530,2010-02-09 15:30:00,1,48.349999999999994,668,1,1,1,3,At risk
16531,2011-11-17 16:29:00,11,2298.33,22,4,4,4,12,Champions
16532,2011-11-22 11:08:00,5,8756.64,18,4,3,4,11,Champions
16533,2011-11-20 13:08:00,3,1082.81,19,4,3,3,10,Loyal
16534,2010-03-07 15:47:00,1,635.9,642,1,1,2,4,At risk
16535,2011-12-04 15:18:00,3,972.04,5,4,3,3,10,Loyal
16536,2011-08-21 15:54:00,1,548.12,110,2,1,2,5,At risk
16537,2010-03-08 13:41:00,1,23.35,641,1,1,1,3,At risk
16538,2010-06-16 16:59:00,3,395.07,541,1,3,2,6,Needs attention
16539,2011-12-07 08:41:00,10,3732.01,3,4,4,4,12,Champions
16540,2010-10-21 17:22:00,1,205.75,414,1,1,1,3,At risk
16541,2009-12-04 13:22:00,1,424.03,735,1,1,2,4,At risk
16542,2011-10-17 10:47:00,2,257.32,54,3,2,1,6,Needs attention
16543,2010-04-27 11:38:00,1,292.21,592,1,1,1,3,At risk
16544,2010-07-08 11:11:00,4,376.70000000000005,520,1,3,2,6,Needs attention
16545,2011-06-28 10:37:00,2,689.82,165,2,2,2,6,Needs attention
16546,2011-02-22 11:20:00,5,5606.47,291,2,3,4,9,Loyal
16547,2010-06-11 13:02:00,1,104.25999999999999,546,1,1,1,3,At risk
16548,2010-04-19 16:15:00,1,30.15,599,1,1,1,3,At risk
16549,2011-11-29 15:06:00,34,12781.8,10,4,4,4,12,Champions
16550,2011-08-23 11:12:00,18,9368.24,109,2,4,4,10,Loyal
16551,2011-09-05 09:38:00,7,2237.12,96,2,4,3,9,Loyal
16552,2011-04-11 10:04:00,2,475.02000000000004,243,2,2,2,6,Needs attention
16553,2011-06-29 15:42:00,33,16584.01,163,2,4,4,10,Loyal
16554,2011-10-28 14:51:00,8,2841.72,42,3,4,4,11,Champions
16555,2011-11-04 14:31:00,6,1915.68,35,3,3,3,9,Loyal
16556,2011-10-04 11:36:00,17,8012.58,67,3,4,4,11,Champions
16557,2011-11-15 14:04:00,2,281.85,24,4,2,1,7,Needs attention
16558,2011-12-09 10:20:00,38,13873.51,1,4,4,4,12,Champions
16559,2010-11-07 13:52:00,1,175.0,397,1,1,1,3,At risk
16560,2011-11-13 10:35:00,8,3048.38,27,3,4,4,11,Champions
16561,2011-12-04 11:50:00,2,511.12,6,4,2,2,8,Needs attention
16562,2010-08-20 11:45:00,1,223.85999999999999,477,1,1,1,3,At risk
16563,2011-10-17 11:51:00,6,4412.56,54,3,3,4,10,Loyal
16564,2010-05-19 14:41:00,1,87.8,569,1,1,1,3,At risk
16565,2010-12-10 15:21:00,4,773.05,364,2,3,2,7,Needs attention
16566,2011-11-24 16:34:00,5,614.66,15,4,3,2,9,Loyal
16567,2011-05-29 13:57:00,2,865.6,194,2,2,2,6,Needs attention
16568,2010-10-08 10:54:00,2,1020.9000000000001,428,1,2,3,6,Needs attention
16569,2011-12-06 15:32:00,5,1455.23,3,4,3,3,10,Loyal
16570,2011-11-24 17:02:00,20,7434.31,15,4,4,4,12,Champions
16571,2011-11-13 11:46:00,10,4248.74,27,3,4,4,11,Champions
16572,2011-08-04 16:34:00,3,1009.6,127,2,3,3,8,Needs attention
16573,2011-09-16 09:13:00,2,663.61,85,3,2,2,7,Needs attention
16574,2011-09-29 13:39:00,3,1301.78,71,3,3,3,9,Loyal
16576,2010-10-15 13:37:00,2,540.87,420,1,2,2,5,At risk
16577,2010-02-11 09:45:00,1,380.0,667,1,1,2,4,At risk
16578,2010-03-23 15:11:00,1,156.6,626,1,1,1,3,At risk
16579,2010-10-10 11:58:00,1,295.05,426,1,1,1,3,At risk
16581,2011-06-10 10:05:00,1,105.84,183,2,1,1,4,At risk
16582,2011-08-18 17:02:00,1,313.62,113,2,1,1,4,At risk
16583,2010-12-01 12:03:00,2,531.4,374,2,2,2,6,Needs attention
16584,2011-09-20 13:45:00,5,3156.17,80,3,3,4,10,Loyal
16585,2010-04-25 10:34:00,2,341.59,594,1,2,1,4,At risk
16586,2011-04-05 09:32:00,3,1462.78,249,2,3,3,8,Needs attention
16587,2011-04-21 15:51:00,1,225.15,232,2,1,1,4,At risk
16588,2010-11-18 17:56:00,4,1361.28,386,1,3,3,7,Needs attention
16589,2011-09-29 14:50:00,4,612.36,71,3,3,2,8,Needs attention
16590,2010-11-04 09:06:00,2,605.9,401,1,2,2,5,At risk
16591,2011-10-02 10:43:00,1,213.5,69,3,1,1,5,At risk
16592,2011-12-05 13:49:00,28,7807.91,4,4,4,4,12,Champions
16593,2011-10-20 12:41:00,8,1071.1399999999999,51,3,4,3,10,Loyal
16594,2011-09-25 14:08:00,1,181.09,75,3,1,1,5,At risk
16595,2011-10-09 13:15:00,5,1757.75,61,3,3,3,9,Loyal
16596,2011-11-24 10:02:00,4,579.63,16,4,3,2,9,Loyal
16597,2011-12-05 15:44:00,1,90.04,4,4,1,1,6,Needs attention
16598,2011-02-27 11:42:00,1,145.04999999999998,286,2,1,1,4,At risk
16599,2010-11-19 12:45:00,1,172.8,386,1,1,1,3,At risk
16600,2011-12-05 16:00:00,13,2153.41,4,4,4,3,11,Champions
16601,2011-10-30 11:09:00,3,677.0,41,3,3,2,8,Needs attention
16602,2011-11-03 15:54:00,2,763.33,36,3,2,2,7,Needs attention
16603,2011-09-26 10:06:00,2,482.47,75,3,2,2,7,Needs attention
16604,2010-05-26 09:10:00,2,432.45,563,1,2,2,5,At risk
16605,2009-12-15 19:03:00,1,60.48,724,1,1,1,3,At risk
16606,2010-10-31 13:57:00,2,357.66,404,1,2,2,5,At risk
16607,2011-11-22 10:24:00,25,5706.87,18,4,4,4,12,Champions
16608,2010-09-12 11:44:00,2,1286.6200000000001,454,1,2,3,6,Needs attention
16609,2011-11-24 13:32:00,7,5493.46,15,4,4,4,12,Champions
16610,2011-05-04 13:13:00,1,75.66,219,2,1,1,4,At risk
16611,2011-06-06 15:46:00,6,1785.13,186,2,3,3,8,Needs attention
16612,2011-11-07 07:38:00,9,3245.43,33,3,4,4,11,Champions
16613,2011-09-30 15:52:00,1,618.59,70,3,1,2,6,Needs attention
16614,2011-06-10 11:36:00,3,1179.79,183,2,3,3,8,Needs attention
16615,2010-03-23 15:13:00,1,291.5,626,1,1,1,3,At risk
16616,2011-11-24 16:31:00,2,500.42,15,4,2,2,8,Needs attention
16617,2011-04-18 10:35:00,1,151.85,236,2,1,1,4,At risk
16618,2011-11-08 13:52:00,5,2647.59,31,3,3,4,10,Loyal
16619,2011-03-21 08:18:00,4,1938.33,264,2,3,3,8,Needs attention
16620,2011-12-06 12:19:00,6,1758.93,4,4,3,3,10,Loyal
16621,2011-10-19 11:38:00,4,813.48,52,3,3,2,8,Needs attention
16622,2010-06-14 10:44:00,1,225.4,544,1,1,1,3,At risk
16623,2011-04-08 10:09:00,4,1015.24,246,2,3,3,8,Needs attention
16624,2011-09-20 12:39:00,2,810.5699999999999,81,3,2,2,7,Needs attention
16625,2011-03-10 12:50:00,5,1654.03,275,2,3,3,8,Needs attention
16626,2011-12-09 11:56:00,17,4413.1,1,4,4,4,12,Champions
16627,2011-09-21 14:38:00,1,322.8,79,3,1,1,5,At risk
16628,2011-11-10 12:45:00,7,2318.1,30,3,4,4,11,Champions
16629,2011-09-27 10:34:00,2,408.63,74,3,2,2,7,Needs attention
16630,2010-10-28 14:30:00,1,106.80000000000001,407,1,1,1,3,At risk
16631,2010-08-15 11:20:00,7,1892.52,482,1,4,3,8,Needs attention
16632,2010-08-11 11:39:00,2,406.4,486,1,2,2,5,At risk
16633,2011-11-22 13:41:00,6,2883.1,17,4,3,4,11,Champions
16634,2011-05-01 12:09:00,6,1814.61,223,2,3,3,8,Needs attention
16635,2010-10-29 09:41:00,1,473.0,407,1,1,2,4,At risk
16636,2010-09-27 13:13:00,4,3802.04,438,1,3,4,8,Needs attention
16637,2011-11-07 13:17:00,4,1154.47,32,3,3,3,9,Loyal
16638,2011-11-17 11:09:00,15,2430.53,23,4,4,4,12,Champions
16639,2011-11-08 13:20:00,4,1747.98,31,3,3,3,9,Loyal
16640,2010-11-07 10:48:00,1,179.4,398,1,1,1,3,At risk
16641,2011-08-26 12:49:00,2,554.5,106,2,2,2,6,Needs attention
16642,2011-12-05 11:31:00,3,1077.45,5,4,3,3,10,Loyal
16643,2011-04-08 08:24:00,2,923.11,246,2,2,3,7,Needs attention
16644,2011-06-15 12:39:00,2,833.78,178,2,2,2,6,Needs attention
16645,2009-12-04 09:49:00,1,160.39,736,1,1,1,3,At risk
16646,2010-09-16 13:28:00,1,678.8,449,1,1,2,4,At risk
16647,2011-06-23 11:47:00,4,541.9,170,2,3,2,7,Needs attention
16648,2011-10-28 08:58:00,3,672.8,43,3,3,2,8,Needs attention
16649,2010-07-07 15:41:00,1,306.58000000000004,520,1,1,1,3,At risk
16650,2011-09-29 09:51:00,7,1916.11,72,3,4,3,10,Loyal
16651,2010-05-02 11:46:00,1,136.2,587,1,1,1,3,At risk
16652,2011-10-12 09:38:00,16,17550.39,59,3,4,4,11,Champions
16653,2011-11-23 14:51:00,2,1212.66,16,4,2,3,9,Loyal
16654,2011-07-21 15:23:00,8,1711.47,141,2,4,3,9,Loyal
16655,2011-11-22 11:25:00,13,6423.26,18,4,4,4,12,Champions
16656,2011-11-17 14:43:00,30,16833.170000000002,22,4,4,4,12,Champions
16657,2011-11-30 11:48:00,4,874.43,10,4,3,2,9,Loyal
16658,2010-12-06 13:47:00,6,814.07,368,2,3,2,7,Needs attention
16659,2011-06-03 15:03:00,1,39.12,189,2,1,1,4,At risk
16660,2011-11-23 14:53:00,7,1879.55,16,4,4,3,11,Champions
16661,2010-06-17 15:24:00,4,932.76,540,1,3,3,7,Needs attention
16662,2010-11-10 16:56:00,1,151.05,394,1,1,1,3,At risk
16663,2009-12-10 13:12:00,1,165.0,729,1,1,1,3,At risk
16664,2010-05-19 17:11:00,1,109.2,569,1,1,1,3,At risk
16665,2010-12-12 14:03:00,1,135.39999999999998,362,2,1,1,4,At risk
16666,2011-11-20 14:01:00,2,217.71,19,4,2,1,7,Needs attention
16667,2011-10-02 15:26:00,2,567.1800000000001,68,3,2,2,7,Needs attention
16668,2011-11-24 17:43:00,13,862.42,15,4,4,2,10,Loyal
16669,2011-11-16 12:26:00,3,1348.88,24,4,3,3,10,Loyal
16670,2011-11-23 09:34:00,20,8030.150000000001,17,4,4,4,12,Champions
16671,2011-11-11 13:40:00,3,1692.27,28,3,3,3,9,Loyal
16672,2011-12-07 16:29:00,20,8134.9400000000005,2,4,4,4,12,Champions
16673,2010-01-29 14:22:00,1,171.13,679,1,1,1,3,At risk
16674,2011-10-16 11:31:00,2,304.24,55,3,2,1,6,Needs attention
16675,2010-09-24 12:15:00,2,608.86,442,1,2,2,5,At risk
16676,2011-11-06 12:01:00,6,2361.9,34,3,3,4,10,Loyal
16677,2010-10-24 14:53:00,2,880.62,411,1,2,2,5,At risk
16678,2011-12-07 12:17:00,12,3109.99,3,4,4,4,12,Champions
16679,2010-12-08 13:51:00,3,793.06,366,2,3,2,7,Needs attention
16680,2011-10-27 17:35:00,3,821.45,43,3,3,2,8,Needs attention
16681,2011-09-28 11:11:00,7,1921.84,73,3,4,3,10,Loyal
16682,2011-12-05 12:13:00,5,1028.0,5,4,3,3,10,Loyal
16683,2010-06-24 10:36:00,1,320.25,534,1,1,1,3,At risk
16684,2011-12-05 14:06:00,55,147142.77,4,4,4,4,12,Champions
16685,2011-10-09 13:58:00,2,324.24,61,3,2,1,6,Needs attention
16686,2011-10-23 13:49:00,16,4881.07,47,3,4,4,11,Champions
16687,2010-11-14 11:46:00,1,157.63,391,1,1,1,3,At risk
16688,2011-12-08 15:24:00,4,1260.86,1,4,3,3,10,Loyal
16689,2011-09-25 11:39:00,2,422.59999999999997,76,3,2,2,7,Needs attention
16690,2011-09-28 15:02:00,4,353.03,72,3,3,2,8,Needs attention
16691,2010-10-17 15:03:00,2,178.83,418,1,2,1,4,At risk
16692,2011-03-28 14:46:00,4,1914.6999999999998,256,2,3,3,8,Needs attention
16693,2011-10-02 11:10:00,5,1179.48,69,3,3,3,9,Loyal
16694,2009-12-16 15:45:00,1,98.30000000000001,723,1,1,1,3,At risk
16695,2010-05-27 12:36:00,2,191.9,562,1,2,1,4,At risk
16696,2011-07-27 14:23:00,4,657.9000000000001,135,2,3,2,7,Needs attention
16697,2011-04-12 17:12:00,1,112.75,241,2,1,1,4,At risk
16698,2011-04-27 10:52:00,2,1998.0,227,2,2,3,7,Needs attention
16699,2010-11-24 14:38:00,7,994.6,380,1,4,3,8,Needs attention
16700,2011-12-01 11:00:00,25,9167.710000000001,9,4,4,4,12,Champions
16701,2011-12-01 11:10:00,26,9916.73,9,4,4,4,12,Champions
16702,2010-10-20 14:10:00,4,1110.83,415,1,3,3,7,Needs attention
16704,2010-03-31 14:02:00,2,664.16,618,1,2,2,5,At risk
16705,2011-12-09 12:08:00,42,43515.051,1,4,4,4,12,Champions
16706,2011-11-02 13:50:00,3,531.35,37,3,3,2,8,Needs attention
16707,2010-11-04 14:39:00,4,533.41,400,1,3,2,6,Needs attention
16708,2011-10-25 12:20:00,1,656.63,46,3,1,2,6,Needs attention
16709,2011-09-16 10:56:00,14,9056.01,85,3,4,4,11,Champions
16710,2011-11-20 14:50:00,22,6291.77,19,4,4,4,12,Champions
16711,2011-12-06 16:32:00,9,2868.48,3,4,4,4,12,Champions
16712,2011-11-30 13:48:00,13,4232.87,9,4,4,4,12,Champions
16713,2011-11-21 12:36:00,32,14529.99,19,4,4,4,12,Champions
16714,2011-05-05 11:09:00,4,1497.33,219,2,3,3,8,Needs attention
16715,2011-09-22 18:15:00,2,625.52,78,3,2,2,7,Needs attention
16716,2011-03-18 10:03:00,3,2149.6800000000003,267,2,3,3,8,Needs attention
16717,2011-11-16 12:16:00,14,6970.93,24,4,4,4,12,Champions
16718,2010-12-05 13:03:00,5,3612.13,369,2,3,4,9,Loyal
16719,2011-11-25 09:27:00,14,3944.35,15,4,4,4,12,Champions
16720,2011-11-13 16:22:00,3,758.74,26,3,3,2,8,Needs attention
16721,2011-03-22 16:08:00,1,292.47,262,2,1,1,4,At risk
16722,2011-11-22 13:28:00,22,8989.08,17,4,4,4,12,Champions
16723,2011-09-09 13:01:00,4,1231.36,91,3,3,3,9,Loyal
16724,2010-10-31 11:40:00,1,147.35,405,1,1,1,3,At risk
16725,2011-02-10 16:52:00,14,1810.41,302,2,4,3,9,Loyal
16726,2011-11-13 14:53:00,7,2063.88,26,3,4,3,10,Loyal
16727,2010-12-10 13:48:00,4,1377.77,364,2,3,3,8,Needs attention
16728,2011-10-24 14:36:00,4,1048.28,46,3,3,3,9,Loyal
16729,2011-11-01 14:29:00,21,7205.33,38,3,4,4,11,Champions
16730,2011-10-18 14:11:00,3,743.11,52,3,3,2,8,Needs attention
16731,2010-03-01 15:05:00,1,170.3,648,1,1,1,3,At risk
16732,2011-11-08 09:54:00,4,4387.64,32,3,3,4,10,Loyal
16733,2010-06-28 10:12:00,1,259.68,530,1,1,1,3,At risk
16734,2011-10-18 13:44:00,3,646.76,52,3,3,2,8,Needs attention
16735,2011-09-22 11:49:00,14,6217.41,79,3,4,4,11,Champions
16736,2010-07-22 10:09:00,5,2956.56,506,1,3,4,8,Needs attention
16737,2011-10-17 13:03:00,2,835.1999999999999,53,3,2,2,7,Needs attention
16738,2011-02-15 09:46:00,1,3.75,298,2,1,1,4,At risk
16739,2011-06-16 09:17:00,2,786.43,177,2,2,2,6,Needs attention
16740,2010-11-09 13:34:00,1,226.91,395,1,1,1,3,At risk
16741,2010-03-24 15:15:00,1,173.06,625,1,1,1,3,At risk
16742,2011-10-24 12:02:00,14,2799.87,47,3,4,4,11,Champions
16743,2011-11-10 13:13:00,14,4212.15,29,3,4,4,11,Champions
16744,2011-11-28 13:06:00,7,1291.91,11,4,4,3,11,Champions
16745,2011-09-14 11:58:00,17,7180.7,87,3,4,4,11,Champions
16746,2011-12-05 12:33:00,42,18046.75,5,4,4,4,12,Champions
16747,2011-11-02 11:37:00,2,836.06,38,3,2,2,7,Needs attention
16748,2011-11-22 10:17:00,14,3637.33,18,4,4,4,12,Champions
16749,2010-04-27 13:06:00,2,4157.88,591,1,2,4,7,Needs attention
16750,2011-10-26 12:48:00,5,623.93,45,3,3,2,8,Needs attention
16751,2011-11-09 10:48:00,1,1764.72,31,3,1,3,7,Needs attention
16752,2010-12-02 12:18:00,1,415.0,373,2,1,2,5,At risk
16753,2011-10-12 13:14:00,1,223.92000000000002,58,3,1,1,5,At risk
16754,2010-12-02 17:38:00,29,67502.47,372,2,4,4,10,Loyal
16755,2011-08-17 13:21:00,7,2864.68,114,2,4,4,10,Loyal
16756,2011-05-09 09:33:00,7,1312.3700000000001,215,2,4,3,9,Loyal
16757,2011-01-25 11:59:00,2,270.48,319,2,2,1,5,At risk
16758,2011-10-05 14:47:00,1,369.34000000000003,65,3,1,2,6,Needs attention
16759,2011-12-02 12:42:00,3,789.79,8,4,3,2,9,Loyal
16760,2010-10-05 15:55:00,1,228.0,430,1,1,1,3,At risk
16761,2011-09-04 11:15:00,1,316.62,97,2,1,1,4,At risk
16762,2011-11-20 11:43:00,3,1207.24,20,4,3,3,10,Loyal
16763,2011-05-25 11:52:00,2,964.6999999999999,199,2,2,3,7,Needs attention
16764,2011-12-06 11:41:00,13,2790.9500000000003,4,4,4,4,12,Champions
16765,2011-02-18 15:41:00,2,454.75,294,2,2,2,6,Needs attention
16766,2011-03-11 15:22:00,2,1145.6,273,2,2,3,7,Needs attention
16767,2011-11-09 09:42:00,15,8056.76,31,3,4,4,11,Champions
16768,2011-10-23 10:38:00,9,1698.57,48,3,4,3,10,Loyal
16769,2011-03-24 13:41:00,4,1117.05,260,2,3,3,8,Needs attention
16770,2011-10-13 12:21:00,9,1909.73,58,3,4,3,10,Loyal
16771,2011-11-06 13:28:00,10,3949.6,33,3,4,4,11,Champions
16772,2010-10-12 13:19:00,3,3698.0499999999997,423,1,3,4,8,Needs attention
16773,2011-10-13 14:37:00,3,421.24,57,3,3,2,8,Needs attention
16774,2011-10-03 12:41:00,8,1567.48,68,3,4,3,10,Loyal
16775,2011-11-29 15:22:00,16,3052.7400000000002,10,4,4,4,12,Champions
16776,2011-10-10 13:04:00,2,592.51,60,3,2,2,7,Needs attention
16777,2011-09-20 13:41:00,5,1292.18,80,3,3,3,9,Loyal
16778,2011-09-26 13:48:00,2,245.94,74,3,2,1,6,Needs attention
16779,2011-12-07 14:54:00,53,33165.94,2,4,4,4,12,Champions
16780,2011-08-31 16:09:00,3,596.4,100,2,3,2,7,Needs attention
16781,2010-12-02 14:26:00,2,934.25,372,2,2,3,7,Needs attention
16782,2011-11-29 13:20:00,38,10000.32,10,4,4,4,12,Champions
16783,2010-09-29 11:53:00,1,391.95,437,1,1,2,4,At risk
16784,2011-11-20 12:20:00,5,892.33,20,4,3,3,10,Loyal
16785,2010-10-26 10:36:00,1,533.78,410,1,1,2,4,At risk
16786,2010-11-11 08:25:00,1,51.839999999999996,394,1,1,1,3,At risk
16787,2010-11-07 11:01:00,4,1017.53,398,1,3,3,7,Needs attention
16788,2011-08-08 14:53:00,5,1928.93,123,2,3,3,8,Needs attention
16789,2011-12-01 15:12:00,1,80.8,8,4,1,1,6,Needs attention
16790,2011-12-06 11:53:00,6,1545.6200000000001,4,4,3,3,10,Loyal
16791,2011-11-10 19:12:00,15,3957.63,29,3,4,4,11,Champions
16792,2011-03-02 14:41:00,5,623.46,282,2,3,2,7,Needs attention
16793,2011-10-13 15:08:00,1,243.84,57,3,1,1,5,At risk
16794,2011-12-08 17:54:00,15,2052.7,1,4,4,3,11,Champions
16795,2010-12-09 14:08:00,3,2477.29,365,2,3,4,9,Loyal
16796,2011-09-11 14:01:00,1,305.62,89,3,1,1,5,At risk
16797,2010-11-11 19:14:00,5,1802.02,393,1,3,3,7,Needs attention
16798,2010-06-03 19:01:00,3,841.16,554,1,3,2,6,Needs attention
16799,2010-10-03 14:28:00,2,452.78000000000003,432,1,2,2,5,At risk
16800,2011-11-28 14:06:00,1,1162.65,11,4,1,3,8,Needs attention
16801,2011-06-29 15:33:00,4,1594.23,163,2,3,3,8,Needs attention
16802,2010-01-29 13:44:00,2,582.61,679,1,2,2,5,At risk
16803,2011-10-05 14:28:00,1,332.3,65,3,1,1,5,At risk
16804,2011-11-16 16:43:00,3,536.99,23,4,3,2,9,Loyal
16805,2011-06-19 11:23:00,5,1091.34,174,2,3,3,8,Needs attention
16806,2011-08-28 15:27:00,4,762.16,103,2,3,2,7,Needs attention
16807,2011-07-20 12:00:00,6,2123.88,143,2,3,3,8,Needs attention
16808,2011-09-01 19:34:00,2,288.42,99,2,2,1,5,At risk
16809,2011-11-16 15:45:00,9,1727.43,23,4,4,3,11,Champions
16810,2011-05-31 15:32:00,2,842.0400000000001,192,2,2,2,6,Needs attention
16811,2011-12-05 11:39:00,2,547.07,5,4,2,2,8,Needs attention
16812,2010-12-14 12:35:00,4,2392.0,361,2,3,4,9,Loyal
16813,2011-12-01 14:03:00,10,1652.18,8,4,4,3,11,Champions
16814,2011-11-25 13:27:00,36,12198.14,14,4,4,4,12,Champions
16815,2010-09-12 10:59:00,2,406.02,454,1,2,2,5,At risk
16816,2011-08-28 14:16:00,4,417.06,103,2,3,2,7,Needs attention
16817,2011-12-07 11:03:00,13,2804.9,3,4,4,4,12,Champions
16818,2011-11-29 10:41:00,11,3349.57,11,4,4,4,12,Champions
16819,2010-08-31 17:37:00,2,182.59,465,1,2,1,4,At risk
16820,2011-09-05 12:06:00,1,497.61,96,2,1,2,5,At risk
16821,2010-11-23 10:04:00,1,113.35,382,1,1,1,3,At risk
16822,2010-01-22 14:22:00,1,181.39,686,1,1,1,3,At risk
16823,2011-04-26 15:00:00,7,2243.09,227,2,4,3,9,Loyal
16824,2011-11-24 12:38:00,3,686.24,16,4,3,2,9,Loyal
16825,2011-11-01 11:51:00,5,1826.89,39,3,3,3,9,Loyal
16826,2011-10-19 14:05:00,1,341.7,51,3,1,1,5,At risk
16827,2010-11-11 14:04:00,5,392.13,393,1,3,2,6,Needs attention
16828,2011-09-07 15:10:00,2,128.5,93,3,2,1,6,Needs attention
16829,2011-07-06 10:48:00,2,513.32,157,2,2,2,6,Needs attention
16830,2011-11-01 11:35:00,4,1207.5,39,3,3,3,9,Loyal
16831,2010-05-24 09:08:00,1,91.8,565,1,1,1,3,At risk
16832,2011-06-08 15:36:00,5,417.61,184,2,3,2,7,Needs attention
16833,2011-12-08 14:39:00,6,2409.04,1,4,3,4,11,Champions
16834,2011-04-26 09:37:00,2,898.96,228,2,2,3,7,Needs attention
16835,2011-08-03 13:50:00,6,1538.41,128,2,3,3,8,Needs attention
16836,2011-10-31 10:05:00,4,782.37,40,3,3,2,8,Needs attention
16837,2011-11-08 14:27:00,11,3170.98,31,3,4,4,11,Champions
16838,2011-05-26 13:13:00,4,1159.61,197,2,3,3,8,Needs attention
16839,2011-12-01 09:03:00,44,22310.49,9,4,4,4,12,Champions
16840,2010-04-15 15:48:00,2,139.85,603,1,2,1,4,At risk
16841,2011-11-03 11:51:00,12,4006.06,37,3,4,4,11,Champions
16842,2011-08-31 10:42:00,3,1264.19,101,2,3,3,8,Needs attention
16843,2011-10-28 09:06:00,35,19571.43,43,3,4,4,11,Champions
16844,2010-05-26 10:29:00,2,614.34,563,1,2,2,5,At risk
16845,2010-03-31 13:09:00,1,253.88,618,1,1,1,3,At risk
16846,2011-10-20 13:55:00,3,842.41,50,3,3,2,8,Needs attention
16847,2011-10-27 13:29:00,2,614.89,43,3,2,2,7,Needs attention
16848,2011-10-18 08:42:00,4,1411.62,53,3,3,3,9,Loyal
16849,2011-06-06 09:16:00,1,124.57,187,2,1,1,4,At risk
16850,2011-01-10 11:09:00,1,332.41,334,2,1,1,4,At risk
16851,2011-12-05 13:32:00,3,342.45,4,4,3,1,8,Needs attention
16852,2011-11-29 13:22:00,2,144.91000000000003,10,4,2,1,7,Needs attention
16854,2010-10-18 16:31:00,2,1408.96,417,1,2,3,6,Needs attention
16855,2011-11-16 12:03:00,2,328.4,24,4,2,1,7,Needs attention
16856,2011-11-25 08:59:00,3,358.49,15,4,3,2,9,Loyal
16857,2010-09-23 10:49:00,1,352.8,443,1,1,2,4,At risk
16858,2010-12-06 09:52:00,10,4668.28,369,2,4,4,10,Loyal
16859,2011-07-18 12:19:00,7,1932.41,145,2,4,3,9,Loyal
16860,2010-09-13 10:05:00,3,1610.62,453,1,3,3,7,Needs attention
16861,2011-10-11 09:05:00,5,946.59,60,3,3,3,9,Loyal
16862,2010-06-10 13:05:00,4,662.33,547,1,3,2,6,Needs attention
16863,2011-11-08 15:26:00,3,998.52,31,3,3,3,9,Loyal
16864,2010-10-01 16:16:00,2,409.25,434,1,2,2,5,At risk
16865,2010-11-03 11:34:00,1,130.95,402,1,1,1,3,At risk
16866,2011-07-22 10:06:00,3,207.73999999999998,141,2,3,1,6,Needs attention
16867,2010-01-19 09:11:00,1,76.74000000000001,690,1,1,1,3,At risk
16868,2010-11-10 13:17:00,3,384.56,394,1,3,2,6,Needs attention
16869,2011-11-17 12:02:00,4,817.12,23,4,3,2,9,Loyal
16870,2010-08-27 13:53:00,1,450.15999999999997,469,1,1,2,4,At risk
16871,2011-11-17 19:27:00,6,2812.34,22,4,3,4,11,Champions
16872,2011-09-23 16:05:00,6,1213.13,77,3,3,3,9,Loyal
16873,2011-12-05 12:05:00,12,14617.39,5,4,4,4,12,Champions
16874,2010-11-25 13:08:00,1,209.89000000000001,379,2,1,1,4,At risk
16875,2011-10-03 13:39:00,11,4234.53,67,3,4,4,11,Champions
16876,2010-11-01 11:59:00,1,136.01,404,1,1,1,3,At risk
16877,2011-11-27 13:47:00,6,846.62,12,4,3,2,9,Loyal
16878,2011-09-16 17:39:00,1,13.3,84,3,1,1,5,At risk
16880,2011-11-09 11:33:00,8,1813.21,31,3,4,3,10,Loyal
16881,2011-10-04 10:33:00,1,432.0,67,3,1,2,6,Needs attention
16882,2011-10-04 10:42:00,3,705.12,67,3,3,2,8,Needs attention
16883,2011-06-05 12:51:00,19,2374.09,187,2,4,4,10,Loyal
16884,2011-11-02 11:52:00,4,1070.97,38,3,3,3,9,Loyal
16885,2011-11-24 13:40:00,4,684.6,15,4,3,2,9,Loyal
16886,2010-09-09 15:08:00,1,134.0,456,1,1,1,3,At risk
16887,2011-11-04 14:07:00,3,658.17,35,3,3,2,8,Needs attention
16888,2010-11-04 12:39:00,3,434.2,401,1,3,2,6,Needs attention
16889,2011-05-29 11:05:00,6,2526.65,195,2,3,4,9,Loyal
16890,2010-08-20 11:23:00,3,285.41,477,1,3,1,5,At risk
16891,2011-12-08 11:15:00,11,1945.2,2,4,4,3,11,Champions
16892,2011-12-08 13:18:00,7,754.75,1,4,4,2,10,Loyal
16893,2010-12-08 12:06:00,2,395.82,367,2,2,2,6,Needs attention
16894,2010-07-25 15:43:00,3,1306.96,502,1,3,3,7,Needs attention
16895,2011-10-06 12:15:00,5,1102.9,65,3,3,3,9,Loyal
16896,2010-06-02 15:40:00,1,103.95,555,1,1,1,3,At risk
16897,2011-02-13 15:02:00,2,289.78,299,2,2,1,5,At risk
16898,2011-11-13 15:44:00,5,997.29,26,3,3,3,9,Loyal
16899,2011-12-02 12:03:00,8,1695.77,8,4,4,3,11,Champions
16900,2011-11-23 10:32:00,3,887.11,17,4,3,2,9,Loyal
16901,2009-12-10 16:30:00,1,204.26,729,1,1,1,3,At risk
16902,2011-08-15 14:17:00,1,1706.88,116,2,1,3,6,Needs attention
16903,2011-11-10 15:32:00,3,1041.75,29,3,3,3,9,Loyal
16904,2011-12-05 13:10:00,21,5014.06,4,4,4,4,12,Champions
16905,2011-12-04 14:01:00,17,4961.17,5,4,4,4,12,Champions
16906,2011-09-19 11:49:00,7,1410.92,82,3,4,3,10,Loyal
16907,2011-11-10 18:04:00,9,1650.81,29,3,4,3,10,Loyal
16908,2009-12-17 13:35:00,1,252.59,722,1,1,1,3,At risk
16909,2011-09-28 16:45:00,1,379.14,72,3,1,2,6,Needs attention
16910,2011-12-05 12:51:00,8,1508.96,4,4,4,3,11,Champions
16911,2010-03-14 12:18:00,2,255.25,636,1,2,1,4,At risk
16912,2011-11-11 12:18:00,15,4460.51,29,3,4,4,11,Champions
16913,2011-02-22 12:56:00,3,423.90999999999997,290,2,3,2,7,Needs attention
16914,2011-11-03 15:27:00,1,183.76,36,3,1,1,5,At risk
16915,2011-11-30 16:39:00,11,1543.18,9,4,4,3,11,Champions
16916,2011-11-16 12:08:00,4,1098.45,24,4,3,3,10,Loyal
16917,2011-03-08 11:55:00,2,1851.88,277,2,2,3,7,Needs attention
16918,2011-10-21 12:50:00,16,3206.54,50,3,4,4,11,Champions
16919,2011-07-06 13:35:00,24,5108.01,156,2,4,4,10,Loyal
16920,2010-10-24 14:07:00,1,355.45,411,1,1,2,4,At risk
16921,2011-10-09 16:22:00,3,409.21,61,3,3,2,8,Needs attention
16922,2010-05-16 11:24:00,1,611.08,573,1,1,2,4,At risk
16923,2011-11-27 13:00:00,32,13157.130000000001,12,4,4,4,12,Champions
16924,2011-11-18 12:53:00,3,829.89,21,4,3,2,9,Loyal
16925,2010-06-17 15:03:00,1,125.65,540,1,1,1,3,At risk
16926,2010-12-03 13:42:00,5,1399.8600000000001,371,2,3,3,8,Needs attention
16927,2011-08-16 11:10:00,3,543.05,116,2,3,2,7,Needs attention
16928,2011-09-20 15:10:00,29,4013.7799999999997,80,3,4,4,11,Champions
16929,2011-12-06 08:37:00,7,1295.39,4,4,4,3,11,Champions
16930,2011-11-13 16:13:00,3,378.89,26,3,3,2,8,Needs attention
16931,2011-12-04 13:15:00,23,5184.27,5,4,4,4,12,Champions
16932,2011-10-17 14:12:00,3,412.55,53,3,3,2,8,Needs attention
16933,2011-12-08 12:54:00,9,3099.3,1,4,4,4,12,Champions
16934,2011-10-16 12:40:00,6,2083.14,55,3,3,3,9,Loyal
16935,2010-11-23 09:16:00,3,530.86,382,1,3,2,6,Needs attention
16936,2011-11-14 11:04:00,2,548.29,26,3,2,2,7,Needs attention
16937,2010-07-28 17:56:00,1,196.25,499,1,1,1,3,At risk
16938,2011-12-01 10:20:00,9,6995.360000000001,9,4,4,4,12,Champions
16939,2010-08-08 12:24:00,3,433.85,489,1,3,2,6,Needs attention
16940,2011-10-18 13:15:00,8,6427.66,52,3,4,4,11,Champions
16941,2010-04-07 11:13:00,1,33.0,612,1,1,1,3,At risk
16942,2011-11-27 12:40:00,9,1904.99,13,4,4,3,11,Champions
16943,2011-05-12 11:57:00,5,1299.49,212,2,3,3,8,Needs attention
16944,2010-04-09 11:03:00,1,101.36,610,1,1,1,3,At risk
16945,2011-11-18 11:39:00,33,8548.16,22,4,4,4,12,Champions
16946,2010-11-21 14:06:00,5,1222.04,383,1,3,3,7,Needs attention
16947,2011-04-18 09:38:00,5,955.21,236,2,3,3,8,Needs attention
16948,2011-07-24 12:46:00,7,868.77,139,2,4,2,8,Needs attention
16949,2011-12-06 11:07:00,6,1286.27,4,4,3,3,10,Loyal
16950,2011-10-14 09:06:00,10,3713.77,57,3,4,4,11,Champions
16951,2011-07-28 12:05:00,3,1277.75,135,2,3,3,8,Needs attention
16952,2011-08-22 13:03:00,5,795.83,109,2,3,2,7,Needs attention
16953,2011-11-09 15:54:00,1,20.8,30,3,1,1,5,At risk
16954,2011-12-09 09:46:00,20,6081.88,1,4,4,4,12,Champions
16955,2011-06-08 10:36:00,6,1309.41,185,2,3,3,8,Needs attention
16956,2011-11-22 08:56:00,1,308.74,18,4,1,1,6,Needs attention
16957,2011-04-14 13:56:00,2,416.64,239,2,2,2,6,Needs attention
16958,2010-09-30 14:25:00,1,778.49,435,1,1,2,4,At risk
16959,2011-09-13 15:03:00,1,117.35000000000001,87,3,1,1,5,At risk
16960,2011-11-01 11:35:00,8,1990.88,39,3,4,3,10,Loyal
16961,2011-08-15 13:46:00,3,794.56,116,2,3,2,7,Needs attention
16962,2010-10-26 11:36:00,1,251.04,410,1,1,1,3,At risk
16963,2011-06-05 13:48:00,1,110.55000000000001,187,2,1,1,4,At risk
16964,2009-12-06 12:53:00,2,207.85,733,1,2,1,4,At risk
16965,2011-04-27 12:08:00,1,201.19,227,2,1,1,4,At risk
16966,2011-12-01 13:40:00,7,2154.97,8,4,4,3,11,Champions
16967,2011-06-03 14:24:00,1,319.02,189,2,1,1,4,At risk
16968,2011-12-05 15:02:00,2,439.43,4,4,2,2,8,Needs attention
16969,2011-10-31 13:12:00,3,650.41,39,3,3,2,8,Needs attention
16970,2010-03-23 13:50:00,1,71.4,626,1,1,1,3,At risk
16971,2011-11-01 15:06:00,1,357.21,38,3,1,2,6,Needs attention
16972,2010-11-22 10:59:00,2,749.0,383,1,2,2,5,At risk
16973,2010-11-18 13:56:00,1,127.0,386,1,1,1,3,At risk
16974,2010-07-05 10:18:00,2,365.5,523,1,2,2,5,At risk
16975,2010-10-12 17:53:00,3,926.12,423,1,3,3,7,Needs attention
16976,2011-03-17 16:33:00,1,251.51999999999998,267,2,1,1,4,At risk
16977,2010-11-09 13:17:00,4,496.0,395,1,3,2,6,Needs attention
16978,2011-09-23 12:50:00,3,768.88,78,3,3,2,8,Needs attention
16979,2011-12-06 12:21:00,9,2859.74,4,4,4,4,12,Champions
16980,2011-03-29 16:36:00,3,1422.8300000000002,255,2,3,3,8,Needs attention
16982,2011-10-10 12:28:00,1,384.06,61,3,1,2,6,Needs attention
16983,2011-11-27 12:10:00,11,3654.02,13,4,4,4,12,Champions
16984,2011-09-12 13:43:00,9,10350.53,88,3,4,4,11,Champions
16985,2011-11-22 13:33:00,23,10923.16,17,4,4,4,12,Champions
16986,2011-11-10 11:55:00,11,4888.75,30,3,4,4,11,Champions
16987,2011-12-06 17:26:00,11,2521.4,3,4,4,4,12,Champions
16988,2011-12-04 16:02:00,2,382.67,5,4,2,2,8,Needs attention
16989,2011-12-02 16:39:00,6,1133.25,7,4,3,3,10,Loyal
16990,2011-05-05 08:30:00,2,344.0,219,2,2,1,5,At risk
16991,2010-10-14 14:08:00,1,1041.21,421,1,1,3,5,At risk
16992,2011-11-29 11:50:00,13,5476.5,11,4,4,4,12,Champions
16993,2010-09-02 12:16:00,2,1950.9499999999998,464,1,2,3,6,Needs attention
16996,2011-11-09 16:43:00,9,2123.61,30,3,4,3,10,Loyal
16997,2011-02-24 17:28:00,3,702.0,288,2,3,2,7,Needs attention
16998,2011-07-13 09:44:00,5,402.0,150,2,3,2,7,Needs attention
16999,2011-11-16 13:53:00,2,484.82,23,4,2,2,8,Needs attention
17000,2010-11-08 13:35:00,2,406.3,396,1,2,2,5,At risk
17001,2011-12-09 09:38:00,19,6640.8,1,4,4,4,12,Champions
17002,2011-09-15 12:40:00,7,2571.55,86,3,4,4,11,Champions
17003,2010-11-02 13:15:00,4,828.21,402,1,3,2,6,Needs attention
17004,2011-10-24 14:25:00,4,2324.36,46,3,3,4,10,Loyal
17005,2010-08-26 10:57:00,2,622.36,471,1,2,2,5,At risk
17006,2011-12-05 12:09:00,8,1635.27,5,4,4,3,11,Champions
17007,2011-10-20 10:47:00,7,1120.1,51,3,4,3,10,Loyal
17008,2010-10-06 15:19:00,1,81.36,429,1,1,1,3,At risk
17009,2010-06-06 16:01:00,1,242.06,551,1,1,1,3,At risk
17010,2011-11-21 14:49:00,1,195.36,18,4,1,1,6,Needs attention
17011,2011-11-09 13:30:00,3,671.7,30,3,3,2,8,Needs attention
17012,2009-12-14 17:34:00,1,360.61,725,1,1,2,4,At risk
17014,2011-12-01 14:09:00,3,583.4300000000001,8,4,3,2,9,Loyal
17015,2011-11-11 10:45:00,3,1838.6100000000001,29,3,3,3,9,Loyal
17016,2010-05-12 12:32:00,1,552.4,577,1,1,2,4,At risk
17017,2011-12-07 09:32:00,29,14110.61,3,4,4,4,12,Champions
17018,2011-10-30 11:42:00,6,2287.7,41,3,3,3,9,Loyal
17019,2011-11-28 13:06:00,11,3961.11,11,4,4,4,12,Champions
17020,2010-06-15 13:06:00,2,935.62,542,1,2,3,6,Needs attention
17021,2010-09-23 20:01:00,6,1182.22,442,1,3,3,7,Needs attention
17022,2011-11-08 17:09:00,2,260.0,31,3,2,1,6,Needs attention
17023,2010-10-18 15:37:00,3,800.18,417,1,3,2,6,Needs attention
17024,2011-10-25 13:47:00,3,95.85,45,3,3,1,7,Needs attention
17025,2011-10-10 09:06:00,5,1510.6399999999999,61,3,3,3,9,Loyal
17026,2011-06-07 14:28:00,3,208.98,185,2,3,1,6,Needs attention
17027,2011-09-22 12:24:00,9,1310.63,79,3,4,3,10,Loyal
17028,2010-05-07 15:33:00,3,1593.83,581,1,3,3,7,Needs attention
17029,2011-08-21 11:06:00,7,2137.3,111,2,4,3,9,Loyal
17030,2011-10-07 08:49:00,1,146.87,64,3,1,1,5,At risk
17031,2011-11-28 10:23:00,6,2773.85,12,4,3,4,11,Champions
17032,2010-06-10 12:16:00,8,2984.32,548,1,4,4,9,Loyal
17033,2011-09-14 14:34:00,4,1332.79,86,3,3,3,9,Loyal
17034,2011-11-23 15:14:00,5,1276.42,16,4,3,3,10,Loyal
17035,2011-04-08 11:23:00,4,613.59,246,2,3,2,7,Needs attention
17036,2010-11-21 14:26:00,1,176.9,383,1,1,1,3,At risk
17037,2011-09-13 12:49:00,1,1267.32,88,3,1,3,7,Needs attention
17038,2011-11-09 13:50:00,2,743.17,30,3,2,2,7,Needs attention
17039,2010-04-14 12:56:00,1,1954.99,604,1,1,3,5,At risk
17040,2011-07-25 10:19:00,2,463.25,138,2,2,2,6,Needs attention
17041,2011-11-13 11:21:00,6,1655.2,27,3,3,3,9,Loyal
17042,2011-12-07 12:26:00,5,1036.58,3,4,3,3,10,Loyal
17043,2011-11-07 15:33:00,8,2593.65,32,3,4,4,11,Champions
17044,2011-11-14 14:28:00,12,11962.3,25,4,4,4,12,Champions
17045,2011-08-18 17:09:00,5,827.6800000000001,113,2,3,2,7,Needs attention
17046,2011-07-05 14:24:00,5,1906.07,157,2,3,3,8,Needs attention
17047,2011-09-15 13:27:00,6,2289.23,85,3,3,3,9,Loyal
17048,2011-08-14 11:49:00,7,2071.68,118,2,4,3,9,Loyal
17049,2011-12-07 10:48:00,19,9942.53,3,4,4,4,12,Champions
17050,2011-09-04 13:48:00,11,4648.59,96,2,4,4,10,Loyal
17051,2011-05-29 14:13:00,4,706.49,194,2,3,2,7,Needs attention
17052,2011-11-11 14:50:00,1,399.09,28,3,1,2,6,Needs attention
17053,2011-08-01 10:23:00,1,498.48,131,2,1,2,5,At risk
17054,2011-11-11 12:56:00,5,1356.33,28,3,3,3,9,Loyal
17055,2010-09-20 12:21:00,1,232.85,446,1,1,1,3,At risk
17056,2009-12-01 12:55:00,1,128.60000000000002,738,1,1,1,3,At risk
17057,2010-04-22 19:21:00,1,294.74,596,1,1,1,3,At risk
17058,2011-09-19 10:13:00,3,1179.89,82,3,3,3,9,Loyal
17059,2011-11-10 12:27:00,9,5586.93,30,3,4,4,11,Champions
17060,2011-03-18 13:27:00,1,234.24,266,2,1,1,4,At risk
17061,2011-09-27 11:24:00,11,5232.2300000000005,74,3,4,4,11,Champions
17062,2011-01-30 11:01:00,6,1179.14,314,2,3,3,8,Needs attention
17063,2011-11-18 16:19:00,13,3638.53,21,4,4,4,12,Champions
17064,2011-10-12 10:18:00,3,855.45,59,3,3,2,8,Needs attention
17065,2010-03-12 11:41:00,2,194.7,638,1,2,1,4,At risk
17066,2009-12-13 13:24:00,1,228.34,726,1,1,1,3,At risk
17067,2009-12-15 08:39:00,3,454.54,725,1,3,2,6,Needs attention
17068,2011-11-27 13:14:00,47,9153.83,12,4,4,4,12,Champions
17069,2011-11-11 17:13:00,14,5794.28,28,3,4,4,11,Champions
17070,2011-08-17 17:01:00,2,437.42,114,2,2,2,6,Needs attention
17071,2011-11-11 16:31:00,13,3793.71,28,3,4,4,11,Champions
17072,2010-03-24 16:33:00,1,273.35,625,1,1,1,3,At risk
17073,2011-11-22 11:47:00,4,1446.09,18,4,3,3,10,Loyal
17074,2010-05-26 12:04:00,1,203.05,563,1,1,1,3,At risk
17075,2011-11-22 11:58:00,10,2236.63,18,4,4,3,11,Champions
17076,2011-11-03 17:53:00,6,1242.75,36,3,3,3,9,Loyal
17077,2010-05-10 16:36:00,1,306.0,578,1,1,1,3,At risk
17078,2011-11-03 19:17:00,2,378.2,36,3,2,2,7,Needs attention
17079,2011-09-22 15:34:00,1,118.80000000000001,78,3,1,1,5,At risk
17080,2011-11-17 12:59:00,7,957.53,22,4,4,3,11,Champions
17081,2011-11-14 12:56:00,6,949.39,25,4,3,3,10,Loyal
17082,2011-11-06 15:17:00,6,4732.03,33,3,3,4,10,Loyal
17083,2011-08-22 15:43:00,9,4049.79,109,2,4,4,10,Loyal
17084,2011-11-04 14:54:00,3,5001.21,35,3,3,4,10,Loyal
17085,2011-08-08 14:15:00,28,7847.67,123,2,4,4,10,Loyal
17086,2011-12-02 13:54:00,6,2050.08,7,4,3,3,10,Loyal
17087,2009-12-02 10:41:00,1,221.53,738,1,1,1,3,At risk
17088,2011-11-11 14:23:00,4,1991.01,28,3,3,3,9,Loyal
17089,2010-11-18 15:33:00,1,128.45,386,1,1,1,3,At risk
17090,2011-12-05 13:44:00,13,3080.1800000000003,4,4,4,4,12,Champions
17091,2011-12-07 10:43:00,19,7789.2,3,4,4,4,12,Champions
17092,2011-10-20 19:51:00,11,5511.41,50,3,4,4,11,Champions
17093,2010-04-26 10:22:00,1,235.88,593,1,1,1,3,At risk
17094,2011-01-21 13:09:00,2,402.20000000000005,322,2,2,2,6,Needs attention
17095,2011-11-17 12:21:00,7,2572.25,23,4,4,4,12,Champions
17096,2011-11-24 15:01:00,11,3697.93,15,4,4,4,12,Champions
17097,2011-12-07 17:05:00,9,1318.08,2,4,4,3,11,Champions
17098,2010-11-23 12:13:00,3,591.0699999999999,382,1,3,2,6,Needs attention
17099,2010-06-24 16:25:00,1,582.17,533,1,1,2,4,At risk
17100,2011-11-21 16:36:00,2,971.74,18,4,2,3,9,Loyal
17101,2011-11-29 13:57:00,7,2507.05,10,4,4,4,12,Champions
17102,2011-03-23 10:08:00,1,25.5,262,2,1,1,4,At risk
17103,2009-12-17 14:08:00,1,424.3,722,1,1,2,4,At risk
17104,2010-10-12 12:21:00,1,474.03,424,1,1,2,4,At risk
17105,2011-07-03 15:53:00,2,665.78,159,2,2,2,6,Needs attention
17106,2010-11-15 14:11:00,1,481.58,389,1,1,2,4,At risk
17107,2011-11-06 14:14:00,10,16052.72,33,3,4,4,11,Champions
17108,2010-02-14 12:22:00,1,174.95,664,1,1,1,3,At risk
17109,2011-11-10 16:59:00,8,1291.71,29,3,4,3,10,Loyal
17110,2011-06-27 12:58:00,3,499.9,165,2,3,2,7,Needs attention
17111,2011-10-23 15:59:00,2,459.58,47,3,2,2,7,Needs attention
17112,2010-07-25 11:14:00,1,197.57,503,1,1,1,3,At risk
17113,2010-05-14 13:59:00,6,2305.59,574,1,3,4,8,Needs attention
17114,2011-12-04 12:17:00,8,801.12,6,4,4,2,10,Loyal
17115,2011-12-01 14:30:00,7,2761.4900000000002,8,4,4,4,12,Champions
17116,2010-03-01 16:29:00,1,389.78,648,1,1,2,4,At risk
17117,2011-02-24 13:54:00,1,116.19999999999999,288,2,1,1,4,At risk
17118,2011-01-26 12:19:00,1,157.02,318,2,1,1,4,At risk
17119,2011-12-06 14:40:00,2,606.91,3,4,2,2,8,Needs attention
17120,2011-04-20 15:21:00,1,307.46,233,2,1,1,4,At risk
17121,2010-11-02 11:47:00,1,314.74,403,1,1,1,3,At risk
17122,2011-08-12 14:33:00,4,570.5,119,2,3,2,7,Needs attention
17123,2011-07-01 10:47:00,3,977.17,162,2,3,3,8,Needs attention
17124,2011-06-07 14:02:00,1,294.24,185,2,1,1,4,At risk
17125,2011-10-20 14:41:00,1,230.5,50,3,1,1,5,At risk
17126,2011-07-10 13:52:00,9,2016.43,152,2,4,3,9,Loyal
17127,2010-10-07 09:54:00,5,1155.0300000000002,429,1,3,3,7,Needs attention
17128,2011-01-09 12:02:00,1,157.09,335,2,1,1,4,At risk
17129,2010-07-07 13:46:00,1,31.85,520,1,1,1,3,At risk
17131,2011-12-04 12:52:00,5,2463.17,5,4,3,4,11,Champions
17132,2010-09-13 16:31:00,2,1220.9099999999999,452,1,2,3,6,Needs attention
17133,2011-11-24 12:27:00,12,14622.33,16,4,4,4,12,Champions
17134,2011-08-25 09:53:00,3,625.3,107,2,3,2,7,Needs attention
17135,2011-11-23 16:48:00,10,1937.76,16,4,4,3,11,Champions
17136,2010-02-15 13:13:00,1,231.68,662,1,1,1,3,At risk
17137,2010-10-19 14:51:00,6,1099.81,416,1,3,3,7,Needs attention
17138,2011-03-09 11:54:00,7,4417.27,276,2,4,4,10,Loyal
17139,2011-11-24 10:12:00,25,19566.76,16,4,4,4,12,Champions
17140,2011-04-06 13:33:00,1,454.12,247,2,1,2,5,At risk
17141,2010-10-17 14:54:00,4,727.58,418,1,3,2,6,Needs attention
17142,2011-04-14 18:22:00,4,1275.25,239,2,3,3,8,Needs attention
17143,2010-10-18 15:27:00,2,880.97,417,1,2,2,5,At risk
17144,2011-12-08 17:57:00,2,984.57,1,4,2,3,9,Loyal
17145,2010-07-15 09:02:00,4,3120.91,513,1,3,4,8,Needs attention
17146,2011-08-26 12:44:00,13,5852.64,106,2,4,4,10,Loyal
17147,2011-11-17 12:32:00,9,3199.95,23,4,4,4,12,Champions
17148,2011-10-19 09:59:00,1,124.88,52,3,1,1,5,At risk
17149,2010-09-14 14:56:00,1,143.10000000000002,451,1,1,1,3,At risk
17150,2010-11-28 11:27:00,6,1357.95,377,2,3,3,8,Needs attention
17151,2009-12-04 14:56:00,1,231.90000000000003,735,1,1,1,3,At risk
17152,2011-05-29 12:19:00,4,2016.5,195,2,3,3,8,Needs attention
17153,2011-11-15 13:42:00,1,213.78,24,4,1,1,6,Needs attention
17154,2011-09-25 13:42:00,1,329.34,75,3,1,1,5,At risk
17155,2011-11-22 12:38:00,7,892.46,18,4,4,3,11,Champions
17156,2010-08-05 11:30:00,1,591.87,492,1,1,2,4,At risk
17157,2011-12-02 09:10:00,19,5151.9,8,4,4,4,12,Champions
17158,2011-11-07 15:15:00,5,1980.0,32,3,3,3,9,Loyal
17159,2011-11-18 10:52:00,5,2099.59,22,4,3,3,10,Loyal
17160,2011-11-08 14:05:00,17,10209.16,31,3,4,4,11,Champions
17161,2010-09-21 16:44:00,1,856.01,444,1,1,2,4,At risk
17162,2011-11-11 11:34:00,10,1715.46,29,3,4,3,10,Loyal
17163,2011-11-18 08:57:00,4,699.78,22,4,3,2,9,Loyal
17164,2011-11-07 09:14:00,7,2467.35,33,3,4,4,11,Champions
17165,2011-02-28 16:39:00,6,1794.32,284,2,3,3,8,Needs attention
17166,2011-11-01 09:46:00,2,206.34,39,3,2,1,6,Needs attention
17167,2010-11-25 10:05:00,3,867.11,380,1,3,2,6,Needs attention
17168,2010-07-29 12:33:00,1,400.2,499,1,1,2,4,At risk
17169,2011-10-13 10:25:00,3,1156.73,58,3,3,3,9,Loyal
17170,2010-11-30 15:55:00,2,178.68,374,2,2,1,5,At risk
17171,2011-02-23 16:37:00,2,384.59,289,2,2,2,6,Needs attention
17172,2011-09-22 09:36:00,3,956.5699999999999,79,3,3,3,9,Loyal
17173,2011-12-04 14:40:00,8,3766.6,5,4,4,4,12,Champions
17174,2011-05-06 11:47:00,1,59.9,218,2,1,1,4,At risk
17175,2011-10-26 15:31:00,4,1443.69,44,3,3,3,9,Loyal
17176,2011-05-22 12:41:00,3,902.3199999999999,202,2,3,3,8,Needs attention
17177,2010-07-22 14:53:00,1,119.5,505,1,1,1,3,At risk
17178,2009-12-08 16:20:00,1,432.96,731,1,1,2,4,At risk
17179,2011-06-14 16:48:00,6,1507.26,178,2,3,3,8,Needs attention
17180,2011-10-14 15:46:00,11,2236.77,56,3,4,3,10,Loyal
17181,2011-10-13 14:48:00,3,465.37,57,3,3,2,8,Needs attention
17182,2010-10-13 10:09:00,2,321.3,423,1,2,1,4,At risk
17183,2011-12-02 10:07:00,6,3347.31,8,4,3,4,11,Champions
17184,2010-05-19 14:24:00,2,198.41000000000003,569,1,2,1,4,At risk
17185,2010-04-27 12:15:00,3,229.46,592,1,3,1,5,At risk
17186,2011-10-24 10:20:00,2,144.0,47,3,2,1,6,Needs attention
17187,2011-04-27 12:39:00,2,467.71,227,2,2,2,6,Needs attention
17188,2011-11-28 13:53:00,13,4592.93,11,4,4,4,12,Champions
17189,2011-08-25 19:39:00,5,953.63,106,2,3,3,8,Needs attention
17190,2011-10-12 11:33:00,7,1726.57,59,3,4,3,10,Loyal
17191,2011-11-11 16:58:00,15,4820.45,28,3,4,4,11,Champions
17192,2010-06-21 16:07:00,1,75.28,536,1,1,1,3,At risk
17193,2011-11-04 12:47:00,9,2310.04,36,3,4,4,11,Champions
17194,2011-03-11 12:05:00,3,812.5,274,2,3,2,7,Needs attention
17195,2010-02-22 13:05:00,1,562.98,655,1,1,2,4,At risk
17196,2010-10-08 11:31:00,1,327.75,428,1,1,1,3,At risk
17197,2011-11-10 10:32:00,1,1013.01,30,3,1,3,7,Needs attention
17198,2011-11-16 10:39:00,3,1213.88,24,4,3,3,10,Loyal
17199,2010-05-06 13:53:00,1,135.04000000000002,582,1,1,1,3,At risk
17200,2010-11-17 13:04:00,4,356.71,387,1,3,2,6,Needs attention
17201,2011-10-17 11:55:00,4,1143.1,54,3,3,3,9,Loyal
17202,2010-10-15 11:25:00,1,160.65,421,1,1,1,3,At risk
17203,2011-11-04 12:27:00,10,5564.09,36,3,4,4,11,Champions
17204,2011-06-17 14:46:00,9,5504.6900000000005,175,2,4,4,10,Loyal
17205,2011-10-17 12:46:00,3,999.35,54,3,3,3,9,Loyal
17206,2011-10-17 13:25:00,1,204.24,53,3,1,1,5,At risk
17207,2010-02-25 19:08:00,1,292.62,652,1,1,1,3,At risk
17208,2010-11-09 12:50:00,1,111.15,396,1,1,1,3,At risk
17209,2010-02-28 16:01:00,3,595.7,649,1,3,2,6,Needs attention
17210,2010-11-12 12:15:00,1,251.72,393,1,1,1,3,At risk
17211,2011-11-13 12:03:00,13,4046.65,27,3,4,4,11,Champions
17212,2011-03-31 19:42:00,3,794.41,253,2,3,2,7,Needs attention
17213,2011-10-30 14:53:00,13,5182.3,40,3,4,4,11,Champions
17214,2011-10-10 13:17:00,6,1059.1200000000001,60,3,3,3,9,Loyal
17215,2010-09-01 13:39:00,1,186.15,464,1,1,1,3,At risk
17216,2010-06-03 13:03:00,1,63.6,554,1,1,1,3,At risk
17217,2011-04-19 17:19:00,2,210.1,234,2,2,1,5,At risk
17218,2011-12-05 13:52:00,18,4178.93,4,4,4,4,12,Champions
17219,2011-11-08 11:25:00,2,259.13,32,3,2,1,6,Needs attention
17220,2011-11-15 13:47:00,21,4457.31,24,4,4,4,12,Champions
17221,2011-12-02 13:35:00,5,976.62,7,4,3,3,10,Loyal
17222,2011-10-05 13:58:00,6,1579.51,65,3,3,3,9,Loyal
17223,2011-02-02 15:57:00,3,850.88,310,2,3,2,7,Needs attention
17224,2010-07-26 13:30:00,1,100.86,501,1,1,1,3,At risk
17225,2010-05-07 11:38:00,1,131.15,582,1,1,1,3,At risk
17226,2011-02-04 11:52:00,3,895.47,309,2,3,3,8,Needs attention
17227,2011-11-21 10:51:00,12,2021.18,19,4,4,3,11,Champions
17228,2011-11-24 10:24:00,13,3175.98,16,4,4,4,12,Champions
17229,2011-09-04 13:56:00,2,318.76,96,2,2,1,5,At risk
17230,2011-03-20 16:12:00,18,9388.49,264,2,4,4,10,Loyal
17231,2011-11-27 15:18:00,25,7064.8,12,4,4,4,12,Champions
17232,2011-12-07 12:21:00,2,417.77,3,4,2,2,8,Needs attention
17233,2011-11-04 14:06:00,3,560.86,35,3,3,2,8,Needs attention
17234,2011-06-10 11:20:00,1,149.89000000000001,183,2,1,1,4,At risk
17235,2011-11-14 15:51:00,8,1904.8799999999999,25,4,4,3,11,Champions
17236,2011-11-27 12:00:00,12,1929.26,13,4,4,3,11,Champions
17237,2011-11-28 15:02:00,4,994.13,11,4,3,3,10,Loyal
17238,2011-12-07 11:35:00,32,7701.76,3,4,4,4,12,Champions
17239,2011-01-31 09:41:00,4,1189.45,313,2,3,3,8,Needs attention
17240,2010-04-22 15:44:00,1,130.6,596,1,1,1,3,At risk
17241,2010-11-19 13:01:00,12,2736.64,385,1,4,4,9,Loyal
17242,2011-08-23 14:55:00,5,2889.28,108,2,3,4,9,Loyal
17243,2011-12-08 13:26:00,69,20460.48,1,4,4,4,12,Champions
17244,2011-10-17 15:19:00,5,1826.04,53,3,3,3,9,Loyal
17245,2011-05-19 10:43:00,2,371.63,205,2,2,2,6,Needs attention
17246,2010-06-11 12:36:00,2,38.92,547,1,2,1,4,At risk
17247,2011-11-24 15:21:00,1,280.09000000000003,15,4,1,1,6,Needs attention
17248,2011-08-11 13:34:00,2,500.54,120,2,2,2,6,Needs attention
17249,2010-10-07 11:33:00,1,68.03,429,1,1,1,3,At risk
17250,2011-12-06 12:15:00,2,381.97,4,4,2,2,8,Needs attention
17251,2010-12-12 11:06:00,3,798.98,363,2,3,2,7,Needs attention
17252,2011-08-15 09:45:00,2,348.91,117,2,2,2,6,Needs attention
17253,2011-11-21 12:59:00,1,178.26,18,4,1,1,6,Needs attention
17254,2011-12-05 12:46:00,3,469.48,5,4,3,2,9,Loyal
17255,2011-10-30 12:18:00,4,781.7,41,3,3,2,8,Needs attention
17256,2011-08-24 13:30:00,5,498.93,107,2,3,2,7,Needs attention
17257,2010-09-29 12:51:00,2,189.78,436,1,2,1,4,At risk
17258,2010-11-08 12:37:00,2,417.3,397,1,2,2,5,At risk
17259,2011-07-14 15:01:00,6,1820.34,148,2,3,3,8,Needs attention
17260,2010-10-24 13:21:00,1,120.95,411,1,1,1,3,At risk
17261,2010-07-18 11:49:00,1,221.59,510,1,1,1,3,At risk
17262,2011-10-18 12:56:00,11,2757.62,52,3,4,4,11,Champions
17263,2011-05-15 14:32:00,1,63.440000000000005,208,2,1,1,4,At risk
17264,2010-10-11 12:52:00,1,268.28,424,1,1,1,3,At risk
17265,2011-07-24 10:49:00,2,550.01,139,2,2,2,6,Needs attention
17266,2011-12-07 14:12:00,5,501.71999999999997,2,4,3,2,9,Loyal
17267,2011-08-04 17:22:00,2,317.2,127,2,2,1,5,At risk
17268,2011-08-24 10:06:00,11,1733.8899999999999,108,2,4,3,9,Loyal
17269,2010-11-19 11:12:00,1,491.81,386,1,1,2,4,At risk
17270,2010-08-27 14:09:00,2,601.4499999999999,469,1,2,2,5,At risk
17271,2009-12-03 13:49:00,1,204.3,736,1,1,1,3,At risk
17272,2011-10-28 16:37:00,4,2148.63,42,3,3,3,9,Loyal
17273,2010-10-11 15:57:00,1,141.12,424,1,1,1,3,At risk
17274,2011-11-04 13:16:00,2,573.22,35,3,2,2,7,Needs attention
17275,2010-11-21 13:26:00,1,114.1,383,1,1,1,3,At risk
17276,2010-11-02 16:20:00,1,502.49,402,1,1,2,4,At risk
17277,2011-04-26 12:47:00,2,1065.3500000000001,228,2,2,3,7,Needs attention
17278,2011-04-12 13:10:00,2,271.24,241,2,2,1,5,At risk
17279,2011-10-13 11:58:00,1,187.82999999999998,58,3,1,1,5,At risk
17280,2010-09-27 16:46:00,1,118.85999999999999,438,1,1,1,3,At risk
17281,2010-11-30 18:05:00,6,797.8499999999999,374,2,3,2,7,Needs attention
17282,2011-08-01 14:29:00,5,2308.54,130,2,3,4,9,Loyal
17283,2010-11-26 11:53:00,1,188.46,379,2,1,1,4,At risk
17284,2011-10-10 14:38:00,8,2788.06,60,3,4,4,11,Champions
17285,2010-03-21 13:38:00,2,407.94,628,1,2,2,5,At risk
17286,2011-11-18 12:47:00,3,389.18,22,4,3,2,9,Loyal
17287,2011-11-13 13:27:00,21,4049.56,26,3,4,4,11,Champions
17288,2011-11-30 16:09:00,11,2468.43,9,4,4,4,12,Champions
17289,2011-11-08 12:01:00,9,2041.8,32,3,4,3,10,Loyal
17290,2011-12-06 12:38:00,8,1487.96,4,4,4,3,11,Champions
17291,2011-02-04 13:04:00,1,550.8000000000001,308,2,1,2,5,At risk
17292,2010-08-24 17:14:00,2,271.75,472,1,2,1,4,At risk
17293,2011-12-01 14:37:00,17,3750.63,8,4,4,4,12,Champions
17294,2010-02-08 16:12:00,2,467.78999999999996,669,1,2,2,5,At risk
17295,2011-11-11 10:49:00,3,547.0,29,3,3,2,8,Needs attention
17296,2009-12-09 14:01:00,1,338.13,730,1,1,1,3,At risk
17297,2011-11-22 14:43:00,1,128.18,17,4,1,1,6,Needs attention
17298,2011-08-30 16:43:00,5,954.26,101,2,3,3,8,Needs attention
17299,2011-11-28 12:01:00,6,993.23,12,4,3,3,10,Loyal
17300,2010-11-14 10:56:00,2,393.64,391,1,2,2,5,At risk
17301,2011-11-18 13:43:00,2,294.39,21,4,2,1,7,Needs attention
17302,2011-11-25 09:36:00,5,1135.63,15,4,3,3,10,Loyal
17303,2010-12-13 13:32:00,1,250.04,361,2,1,1,4,At risk
17304,2010-06-23 16:23:00,1,111.5,534,1,1,1,3,At risk
17305,2010-03-01 12:47:00,1,2135.46,649,1,1,3,5,At risk
17306,2011-11-29 12:14:00,21,9782.35,11,4,4,4,12,Champions
17307,2010-11-09 13:40:00,11,3999.8900000000003,395,1,4,4,9,Loyal
17308,2010-11-11 13:19:00,2,4511.76,393,1,2,4,7,Needs attention
17309,2011-09-05 15:20:00,3,320.39,95,3,3,1,7,Needs attention
17310,2010-11-17 16:00:00,2,1025.1,387,1,2,3,6,Needs attention
17311,2011-09-22 14:11:00,6,3566.56,78,3,3,4,10,Loyal
17312,2011-07-24 11:52:00,3,644.3,139,2,3,2,7,Needs attention
17313,2011-11-08 15:45:00,1,2328.84,31,3,1,4,8,Needs attention
17314,2011-11-15 09:41:00,17,4904.43,25,4,4,4,12,Champions
17315,2011-12-08 12:15:00,43,9599.58,2,4,4,4,12,Champions
17316,2010-10-15 14:35:00,1,124.45,420,1,1,1,3,At risk
17317,2011-10-24 17:19:00,3,2600.34,46,3,3,4,10,Loyal
17318,2009-12-14 13:11:00,1,157.32999999999998,725,1,1,1,3,At risk
17319,2010-02-08 15:47:00,1,29.1,669,1,1,1,3,At risk
17320,2011-08-31 13:31:00,6,2895.77,100,2,3,4,9,Loyal
17321,2011-12-01 13:41:00,6,1665.21,8,4,3,3,10,Loyal
17322,2010-11-28 14:41:00,5,922.59,376,2,3,3,8,Needs attention
17323,2011-11-24 17:29:00,12,1551.04,15,4,4,3,11,Champions
17324,2011-11-22 10:34:00,12,2298.12,18,4,4,4,12,Champions
17325,2011-03-04 13:09:00,3,609.5699999999999,280,2,3,2,7,Needs attention
17326,2010-10-27 15:38:00,2,312.35,408,1,2,1,4,At risk
17327,2010-10-26 09:54:00,2,152.35,410,1,2,1,4,At risk
17328,2010-02-04 17:11:00,1,104.7,673,1,1,1,3,At risk
17329,2011-11-25 14:24:00,5,998.53,14,4,3,3,10,Loyal
17330,2011-11-17 08:56:00,4,423.8,23,4,3,2,9,Loyal
17331,2011-08-08 11:55:00,1,175.2,124,2,1,1,4,At risk
17332,2010-06-29 16:10:00,5,838.27,528,1,3,2,6,Needs attention
17333,2011-09-15 10:11:00,1,494.25,86,3,1,2,6,Needs attention
17334,2011-02-10 14:59:00,3,635.15,302,2,3,2,7,Needs attention
17335,2010-11-21 10:17:00,2,497.04,384,1,2,2,5,At risk
17336,2010-08-24 15:37:00,1,81.12,472,1,1,1,3,At risk
17337,2011-07-11 14:55:00,4,1981.06,151,2,3,3,8,Needs attention
17338,2011-11-22 14:23:00,17,11889.33,17,4,4,4,12,Champions
17339,2011-09-06 13:29:00,3,362.36,94,3,3,2,8,Needs attention
17340,2011-11-10 10:45:00,18,22289.22,30,3,4,4,11,Champions
17341,2011-07-06 12:33:00,5,1688.82,157,2,3,3,8,Needs attention
17342,2010-11-25 11:07:00,4,1227.54,380,1,3,3,7,Needs attention
17343,2010-12-19 15:07:00,6,1259.94,355,2,3,3,8,Needs attention
17344,2011-10-24 12:56:00,2,457.36,46,3,2,2,7,Needs attention
17345,2011-11-24 15:03:00,10,1586.6299999999999,15,4,4,3,11,Champions
17346,2011-12-06 12:18:00,26,5132.72,4,4,4,4,12,Champions
17347,2011-09-14 13:12:00,1,228.96,86,3,1,1,5,At risk
17348,2011-11-25 11:25:00,9,2442.29,15,4,4,4,12,Champions
17349,2011-06-13 14:29:00,5,772.41,179,2,3,2,7,Needs attention
17350,2011-12-01 15:47:00,7,1893.701,8,4,4,3,11,Champions
17351,2011-11-03 18:45:00,12,1988.23,36,3,4,3,10,Loyal
17352,2010-01-12 16:13:00,1,36.25,696,1,1,1,3,At risk
17353,2011-08-02 17:19:00,4,3242.0,129,2,3,4,9,Loyal
17354,2011-10-20 10:34:00,4,3133.96,51,3,3,4,10,Loyal
17355,2010-11-18 13:18:00,1,273.31,386,1,1,1,3,At risk
17356,2011-02-01 11:07:00,5,946.47,312,2,3,3,8,Needs attention
17357,2011-11-15 16:30:00,2,384.39,24,4,2,2,8,Needs attention
17358,2011-02-09 16:57:00,5,861.01,303,2,3,2,7,Needs attention
17359,2011-11-28 14:37:00,2,284.46,11,4,2,1,7,Needs attention
17360,2011-11-22 13:11:00,6,1200.51,17,4,3,3,10,Loyal
17361,2011-10-21 15:43:00,5,871.79,49,3,3,2,8,Needs attention
17362,2011-04-14 14:43:00,7,1024.04,239,2,4,3,9,Loyal
17363,2010-11-09 17:11:00,3,920.46,395,1,3,3,7,Needs attention
17364,2011-12-09 09:00:00,28,11972.92,1,4,4,4,12,Champions
17365,2011-11-27 12:13:00,15,8184.49,13,4,4,4,12,Champions
17366,2010-10-03 16:04:00,2,1077.24,432,1,2,3,6,Needs attention
17367,2011-04-15 14:21:00,1,167.55,238,2,1,1,4,At risk
17368,2011-11-16 15:26:00,14,2758.29,23,4,4,4,12,Champions
17369,2010-09-10 09:49:00,1,979.1999999999999,456,1,1,3,5,At risk
17370,2011-09-28 10:14:00,4,446.18,73,3,3,2,8,Needs attention
17371,2011-11-22 13:30:00,6,655.37,17,4,3,2,9,Loyal
17372,2011-10-30 11:37:00,28,4347.31,41,3,4,4,11,Champions
17373,2011-10-30 15:28:00,7,1167.5,40,3,4,3,10,Loyal
17374,2011-05-05 09:05:00,3,727.11,219,2,3,2,7,Needs attention
17375,2011-05-24 15:45:00,4,660.55,199,2,3,2,7,Needs attention
17376,2011-09-30 12:36:00,4,453.64,71,3,3,2,8,Needs attention
17377,2011-11-16 11:17:00,78,18232.57,24,4,4,4,12,Champions
17378,2010-11-30 18:46:00,1,10.95,374,2,1,1,4,At risk
17379,2011-11-28 13:56:00,1,389.71999999999997,11,4,1,2,7,Needs attention
17380,2010-10-01 16:42:00,3,645.0,434,1,3,2,6,Needs attention
17381,2011-12-01 11:59:00,38,40002.37,9,4,4,4,12,Champions
17382,2011-10-05 13:05:00,8,902.28,65,3,4,3,10,Loyal
17383,2011-12-05 17:36:00,2,304.09,4,4,2,1,7,Needs attention
17384,2011-11-20 15:48:00,3,507.55,19,4,3,2,9,Loyal
17385,2011-11-25 11:02:00,1,256.11,15,4,1,1,6,Needs attention
17386,2011-12-02 11:28:00,7,2812.77,8,4,4,4,12,Champions
17387,2011-11-20 11:00:00,2,746.81,20,4,2,2,8,Needs attention
17388,2011-09-23 10:31:00,11,2675.37,78,3,4,4,11,Champions
17389,2011-12-09 09:38:00,61,57215.33,1,4,4,4,12,Champions
17390,2010-10-15 11:29:00,1,149.3,421,1,1,1,3,At risk
17391,2011-06-29 09:58:00,2,508.8,164,2,2,2,6,Needs attention
17392,2011-02-06 12:48:00,3,585.92,307,2,3,2,7,Needs attention
17393,2010-10-25 11:10:00,2,381.15,411,1,2,2,5,At risk
17394,2011-05-04 13:22:00,1,203.86999999999998,219,2,1,1,4,At risk
17395,2010-07-19 15:34:00,1,97.5,508,1,1,1,3,At risk
17396,2011-10-31 14:12:00,14,8807.1,39,3,4,4,11,Champions
17397,2011-11-17 14:08:00,3,1198.28,22,4,3,3,10,Loyal
17398,2011-08-17 09:48:00,3,653.38,115,2,3,2,7,Needs attention
17400,2011-08-05 15:38:00,8,4623.28,126,2,4,4,10,Loyal
17401,2010-06-16 16:54:00,1,114.85,541,1,1,1,3,At risk
17402,2011-12-05 10:15:00,23,5095.53,5,4,4,4,12,Champions
17403,2011-11-03 15:18:00,2,382.87,36,3,2,2,7,Needs attention
17404,2011-12-05 16:26:00,23,47781.12,4,4,4,4,12,Champions
17405,2011-12-08 17:12:00,3,1031.41,1,4,3,3,10,Loyal
17406,2011-01-10 15:07:00,13,4889.05,333,2,4,4,10,Loyal
17407,2010-10-24 11:57:00,1,552.9,412,1,1,2,4,At risk
17408,2011-06-29 12:53:00,3,316.09000000000003,163,2,3,1,6,Needs attention
17409,2011-06-08 10:36:00,10,7793.51,185,2,4,4,10,Loyal
17410,2011-11-23 15:46:00,5,1214.72,16,4,3,3,10,Loyal
17411,2011-11-27 14:25:00,5,1425.38,12,4,3,3,10,Loyal
17412,2011-12-07 11:36:00,16,4417.52,3,4,4,4,12,Champions
17413,2010-10-31 12:33:00,2,560.14,405,1,2,2,5,At risk
17414,2011-10-27 12:13:00,6,2249.52,44,3,3,3,9,Loyal
17415,2011-09-21 12:50:00,1,507.84,80,3,1,2,6,Needs attention
17416,2011-11-10 12:47:00,22,17298.45,30,3,4,4,11,Champions
17417,2010-06-09 10:00:00,1,164.18,549,1,1,1,3,At risk
17418,2011-10-28 13:00:00,3,670.0600000000001,42,3,3,2,8,Needs attention
17419,2011-11-28 13:47:00,18,6500.52,11,4,4,4,12,Champions
17420,2011-10-20 14:52:00,6,1084.43,50,3,3,3,9,Loyal
17421,2010-11-18 16:57:00,3,1059.41,386,1,3,3,7,Needs attention
17422,2011-11-23 13:27:00,11,3594.76,16,4,4,4,12,Champions
17423,2011-10-24 13:36:00,3,1118.95,46,3,3,3,9,Loyal
17425,2011-11-20 15:30:00,2,759.17,19,4,2,2,8,Needs attention
17426,2011-12-01 18:07:00,13,8077.77,8,4,4,4,12,Champions
17427,2011-09-29 11:29:00,1,100.8,72,3,1,1,5,At risk
17428,2011-12-09 09:45:00,45,31819.760000000002,1,4,4,4,12,Champions
17429,2011-08-03 13:22:00,5,1357.46,128,2,3,3,8,Needs attention
17430,2011-11-07 09:24:00,4,735.17,33,3,3,2,8,Needs attention
17431,2011-01-30 14:36:00,1,403.3,313,2,1,2,5,At risk
17432,2011-11-21 17:33:00,9,1728.99,18,4,4,3,11,Champions
17433,2011-09-12 14:24:00,2,569.96,88,3,2,2,7,Needs attention
17434,2011-12-07 13:16:00,7,2373.82,2,4,4,4,12,Champions
17435,2010-10-24 13:55:00,1,331.35,411,1,1,1,3,At risk
17436,2011-12-08 12:30:00,5,534.06,2,4,3,2,9,Loyal
17437,2010-06-28 11:11:00,1,369.68,530,1,1,2,4,At risk
17438,2011-03-31 10:26:00,5,1422.77,254,2,3,3,8,Needs attention
17439,2010-02-22 12:48:00,1,325.74,656,1,1,1,3,At risk
17440,2011-07-06 11:54:00,4,323.58,157,2,3,1,6,Needs attention
17441,2009-12-07 13:32:00,1,293.35,732,1,1,1,3,At risk
17442,2011-11-03 09:17:00,15,4620.3,37,3,4,4,11,Champions
17443,2011-05-04 10:47:00,1,534.24,220,2,1,2,5,At risk
17444,2011-07-15 12:05:00,3,2940.04,148,2,3,4,9,Loyal
17446,2011-06-16 10:42:00,2,120.9,177,2,2,1,5,At risk
17447,2011-10-30 14:18:00,2,541.53,40,3,2,2,7,Needs attention
17448,2010-07-30 14:07:00,46,14523.67,497,1,4,4,9,Loyal
17449,2011-12-07 16:56:00,13,4868.15,2,4,4,4,12,Champions
17450,2011-12-01 13:29:00,51,246813.09,8,4,4,4,12,Champions
17451,2011-12-08 15:02:00,7,1721.4,1,4,4,3,11,Champions
17453,2011-11-22 09:42:00,2,486.71999999999997,18,4,2,2,8,Needs attention
17454,2011-05-31 13:58:00,10,1547.94,192,2,4,3,9,Loyal
17455,2011-05-20 12:31:00,1,131.7,204,2,1,1,4,At risk
17456,2010-12-09 15:23:00,2,1225.42,365,2,2,3,7,Needs attention
17457,2011-08-05 12:48:00,14,5984.8099999999995,127,2,4,4,10,Loyal
17458,2011-11-24 13:01:00,2,529.58,15,4,2,2,8,Needs attention
17459,2011-10-27 13:25:00,2,657.3,43,3,2,2,7,Needs attention
17460,2011-09-06 15:04:00,16,2228.27,94,3,4,3,10,Loyal
17461,2011-11-17 10:21:00,3,735.82,23,4,3,2,9,Loyal
17462,2011-10-10 13:56:00,2,675.69,60,3,2,2,7,Needs attention
17463,2011-11-23 13:40:00,7,2535.26,16,4,4,4,12,Champions
17464,2011-07-04 13:19:00,3,907.14,158,2,3,3,8,Needs attention
17465,2010-10-10 11:56:00,7,2542.79,426,1,4,4,9,Loyal
17466,2011-11-29 13:15:00,2,763.28,10,4,2,2,8,Needs attention
17467,2010-11-09 12:58:00,1,102.6,395,1,1,1,3,At risk
17468,2011-11-29 15:33:00,3,194.8,10,4,3,1,8,Needs attention
17469,2011-11-23 13:15:00,17,5051.25,16,4,4,4,12,Champions
17470,2011-10-26 12:42:00,11,2804.87,45,3,4,4,11,Champions
17471,2010-08-22 11:53:00,1,321.65000000000003,475,1,1,1,3,At risk
17472,2011-06-01 14:57:00,4,922.35,191,2,3,3,8,Needs attention
17473,2010-10-27 11:45:00,2,607.0,409,1,2,2,5,At risk
17474,2010-04-19 10:43:00,1,1047.0,600,1,1,3,5,At risk
17475,2011-09-21 14:55:00,1,194.37,79,3,1,1,5,At risk
17476,2010-11-09 10:21:00,2,489.86,396,1,2,2,5,At risk
17477,2010-04-06 10:06:00,2,1144.3,613,1,2,3,6,Needs attention
17478,2010-10-27 15:01:00,2,1272.8,408,1,2,3,6,Needs attention
17479,2010-03-17 09:26:00,1,389.26000000000005,633,1,1,2,4,At risk
17480,2011-09-23 11:39:00,2,882.23,78,3,2,2,7,Needs attention
17481,2011-12-06 12:28:00,4,1255.59,4,4,3,3,10,Loyal
17482,2010-08-09 15:33:00,2,775.64,487,1,2,2,5,At risk
17483,2011-10-05 13:10:00,4,591.73,65,3,3,2,8,Needs attention
17484,2010-05-12 15:41:00,2,209.57,576,1,2,1,4,At risk
17486,2011-03-23 14:00:00,1,396.87,261,2,1,2,5,At risk
17487,2009-12-11 15:06:00,1,160.55,728,1,1,1,3,At risk
17488,2010-03-08 14:07:00,1,336.5,641,1,1,1,3,At risk
17489,2011-10-12 08:56:00,2,376.64,59,3,2,2,7,Needs attention
17490,2011-12-09 09:08:00,9,2750.5,1,4,4,4,12,Champions
17491,2011-12-08 16:18:00,17,5981.07,1,4,4,4,12,Champions
17492,2011-04-05 15:21:00,3,1122.42,248,2,3,3,8,Needs attention
17493,2010-11-19 16:57:00,1,100.91000000000001,385,1,1,1,3,At risk
17494,2010-07-26 10:06:00,1,54.699999999999996,502,1,1,1,3,At risk
17495,2011-12-02 12:08:00,3,806.72,8,4,3,2,9,Loyal
17496,2010-12-16 08:39:00,4,1412.89,359,2,3,3,8,Needs attention
17497,2010-11-14 14:17:00,2,287.25,390,1,2,1,4,At risk
17498,2011-09-25 12:25:00,1,272.22,76,3,1,1,5,At risk
17499,2011-02-23 09:14:00,2,1341.39,290,2,2,3,7,Needs attention
17500,2011-11-22 14:25:00,3,1138.0,17,4,3,3,10,Loyal
17501,2011-05-03 09:47:00,2,288.6,221,2,2,1,5,At risk
17502,2011-11-30 13:13:00,4,689.1,9,4,3,2,9,Loyal
17503,2011-12-07 09:18:00,2,558.96,3,4,2,2,8,Needs attention
17504,2011-05-17 12:59:00,18,9490.17,206,2,4,4,10,Loyal
17505,2011-07-01 12:50:00,5,2435.48,162,2,3,4,9,Loyal
17506,2011-09-25 11:39:00,1,302.2,76,3,1,1,5,At risk
17507,2011-03-23 11:48:00,2,605.58,262,2,2,2,6,Needs attention
17508,2011-03-04 08:10:00,8,4579.23,281,2,4,4,10,Loyal
17509,2011-10-13 10:26:00,8,6083.64,58,3,4,4,11,Champions
17510,2011-11-15 10:00:00,2,514.56,25,4,2,2,8,Needs attention
17511,2011-12-07 10:12:00,60,175603.55,3,4,4,4,12,Champions
17512,2011-11-11 12:11:00,18,5467.820000000001,29,3,4,4,11,Champions
17513,2011-09-28 16:42:00,3,1158.8,72,3,3,3,9,Loyal
17514,2011-08-03 15:45:00,2,522.0,128,2,2,2,6,Needs attention
17515,2011-11-08 14:04:00,9,1602.51,31,3,4,3,10,Loyal
17516,2011-11-24 16:51:00,6,947.5,15,4,3,3,10,Loyal
17517,2011-02-04 11:48:00,1,153.94,309,2,1,1,4,At risk
17518,2010-10-10 12:40:00,2,329.42,426,1,2,1,4,At risk
17519,2011-11-22 16:43:00,15,5109.47,17,4,4,4,12,Champions
17520,2011-10-17 12:04:00,1,546.81,54,3,1,2,6,Needs attention
17521,2011-11-10 11:22:00,5,1278.06,30,3,3,3,9,Loyal
17522,2011-12-08 12:31:00,5,1070.71,2,4,3,3,10,Loyal
17523,2011-11-28 13:20:00,4,652.74,11,4,3,2,9,Loyal
17524,2010-12-13 14:32:00,3,539.14,361,2,3,2,7,Needs attention
17525,2010-12-15 12:05:00,3,1161.9,360,2,3,3,8,Needs attention
17526,2011-12-05 11:05:00,12,4166.04,5,4,4,4,12,Champions
17527,2011-10-17 12:32:00,4,939.37,54,3,3,3,9,Loyal
17528,2011-12-08 13:27:00,8,3628.5,1,4,4,4,12,Champions
17529,2010-04-08 17:51:00,2,1240.25,610,1,2,3,6,Needs attention
17530,2011-12-08 18:42:00,12,3092.33,1,4,4,4,12,Champions
17531,2011-06-02 19:17:00,3,1266.82,190,2,3,3,8,Needs attention
17532,2010-11-19 08:13:00,1,65.34,386,1,1,1,3,At risk
17533,2010-10-01 09:14:00,1,34.8,435,1,1,1,3,At risk
17534,2011-10-17 12:47:00,5,1668.83,54,3,3,3,9,Loyal
17535,2011-03-04 15:20:00,1,164.4,280,2,1,1,4,At risk
17536,2011-06-15 13:23:00,3,364.83,177,2,3,2,7,Needs attention
17537,2011-11-10 10:56:00,2,887.67,30,3,2,3,8,Needs attention
17538,2011-11-14 12:12:00,1,98.42,26,3,1,1,5,At risk
17539,2010-04-01 12:07:00,4,1176.84,618,1,3,3,7,Needs attention
17540,2011-11-15 11:56:00,6,1590.6000000000001,25,4,3,3,10,Loyal
17541,2010-07-18 11:36:00,1,119.86,510,1,1,1,3,At risk
17542,2011-03-15 11:45:00,3,340.85,270,2,3,1,6,Needs attention
17543,2010-06-08 12:41:00,1,120.05,550,1,1,1,3,At risk
17544,2010-11-14 15:08:00,3,944.82,390,1,3,3,7,Needs attention
17545,2011-10-27 14:04:00,6,1409.8600000000001,43,3,3,3,9,Loyal
17547,2010-11-29 09:41:00,2,727.85,376,2,2,2,6,Needs attention
17548,2011-04-20 12:01:00,4,731.26,234,2,3,2,7,Needs attention
17549,2011-11-16 09:59:00,2,148.86,24,4,2,1,7,Needs attention
17550,2011-05-26 14:09:00,9,2506.64,197,2,4,4,10,Loyal
17551,2010-12-15 14:12:00,1,290.34,359,2,1,1,4,At risk
17552,2011-10-10 17:00:00,12,3085.29,60,3,4,4,11,Champions
17553,2011-08-02 10:00:00,4,3757.6,130,2,3,4,9,Loyal
17554,2011-12-08 14:15:00,5,1952.45,1,4,3,3,10,Loyal
17555,2011-11-20 12:22:00,5,1045.74,20,4,3,3,10,Loyal
17556,2011-05-18 10:48:00,2,300.67,206,2,2,1,5,At risk
17557,2011-11-25 12:57:00,4,575.46,14,4,3,2,9,Loyal
17558,2010-11-11 14:36:00,1,259.17,393,1,1,1,3,At risk
17559,2010-07-15 12:02:00,1,167.62,513,1,1,1,3,At risk
17560,2011-09-06 09:18:00,8,1895.8,95,3,4,3,10,Loyal
17561,2011-11-20 12:53:00,4,703.02,19,4,3,2,9,Loyal
17562,2011-11-25 14:21:00,7,1122.38,14,4,4,3,11,Champions
17563,2010-05-10 14:54:00,2,392.38,578,1,2,2,5,At risk
17564,2011-11-15 13:27:00,3,454.01,24,4,3,2,9,Loyal
17565,2010-05-02 11:54:00,1,131.83,587,1,1,1,3,At risk
17566,2011-12-01 19:54:00,2,869.77,8,4,2,2,8,Needs attention
17567,2011-12-02 15:48:00,9,5356.03,7,4,4,4,12,Champions
17568,2010-03-16 16:45:00,1,374.45,633,1,1,2,4,At risk
17569,2011-01-11 14:15:00,1,344.14,332,2,1,1,4,At risk
17570,2010-11-23 11:56:00,1,100.0,382,1,1,1,3,At risk
17571,2011-10-20 15:57:00,5,1630.91,50,3,3,3,9,Loyal
17572,2011-09-29 17:53:00,10,723.01,71,3,4,2,9,Loyal
17573,2011-11-10 13:01:00,3,380.6,29,3,3,2,8,Needs attention
17574,2011-04-11 09:47:00,1,185.65,243,2,1,1,4,At risk
17575,2010-02-10 13:48:00,1,171.7,667,1,1,1,3,At risk
17576,2011-12-01 17:56:00,41,8831.6,8,4,4,4,12,Champions
17577,2010-03-04 13:01:00,2,348.75,645,1,2,2,5,At risk
17578,2011-05-05 18:38:00,7,1047.33,218,2,4,3,9,Loyal
17579,2011-12-05 12:28:00,4,753.28,5,4,3,2,9,Loyal
17580,2011-04-01 12:41:00,5,541.02,253,2,3,2,7,Needs attention
17581,2011-12-09 12:21:00,43,18737.95,1,4,4,4,12,Champions
17582,2011-04-17 13:18:00,5,1446.95,236,2,3,3,8,Needs attention
17583,2010-05-28 14:24:00,1,135.95,560,1,1,1,3,At risk
17584,2011-12-02 17:12:00,6,5309.42,7,4,3,4,11,Champions
17585,2011-08-22 13:30:00,7,2064.71,109,2,4,3,9,Loyal
17586,2010-03-30 13:12:00,1,167.4,619,1,1,1,3,At risk
17587,2010-03-21 14:16:00,1,176.71,628,1,1,1,3,At risk
17588,2011-08-31 13:37:00,7,2939.55,100,2,4,4,10,Loyal
17589,2011-10-10 16:58:00,18,13837.94,60,3,4,4,11,Champions
17590,2011-12-07 12:55:00,3,1468.02,2,4,3,3,10,Loyal
17591,2011-09-27 13:42:00,8,2723.62,73,3,4,4,11,Champions
17592,2009-12-01 10:49:00,1,148.3,739,1,1,1,3,At risk
17593,2011-12-06 10:30:00,11,8092.32,4,4,4,4,12,Champions
17594,2011-09-15 16:34:00,4,2497.88,85,3,3,4,10,Loyal
17595,2011-11-27 16:08:00,2,386.69,12,4,2,2,8,Needs attention
17596,2011-11-16 14:11:00,13,4882.43,23,4,4,4,12,Champions
17597,2011-05-10 11:54:00,5,3484.09,214,2,3,4,9,Loyal
17598,2010-11-23 17:43:00,1,409.98,381,1,1,2,4,At risk
17599,2010-08-19 12:50:00,1,52.05,478,1,1,1,3,At risk
17600,2011-11-22 09:43:00,1,161.67000000000002,18,4,1,1,6,Needs attention
17601,2011-04-14 18:02:00,2,413.08,239,2,2,2,6,Needs attention
17602,2011-12-07 13:53:00,14,7354.43,2,4,4,4,12,Champions
17603,2011-09-22 14:18:00,4,1788.38,78,3,3,3,9,Loyal
17604,2011-05-06 13:43:00,6,942.38,217,2,3,3,8,Needs attention
17605,2010-04-28 14:45:00,1,160.75,590,1,1,1,3,At risk
17606,2009-12-02 13:32:00,1,87.30000000000001,737,1,1,1,3,At risk
17607,2010-11-28 13:11:00,1,333.81,376,2,1,1,4,At risk
17608,2011-11-06 13:06:00,4,488.06,33,3,3,2,8,Needs attention
17609,2011-10-30 12:28:00,11,1887.8999999999999,41,3,4,3,10,Loyal
17610,2010-06-17 16:34:00,5,1511.94,540,1,3,3,7,Needs attention
17611,2011-12-02 13:29:00,28,8337.53,7,4,4,4,12,Champions
17612,2011-10-17 14:59:00,18,5394.86,53,3,4,4,11,Champions
17613,2011-11-17 10:51:00,14,4544.55,23,4,4,4,12,Champions
17614,2011-10-13 16:01:00,1,386.32,57,3,1,2,6,Needs attention
17615,2011-08-01 14:06:00,6,721.8,130,2,3,2,7,Needs attention
17616,2011-06-19 10:11:00,4,1060.8,174,2,3,3,8,Needs attention
17617,2010-05-30 12:48:00,1,385.19,559,1,1,2,4,At risk
17618,2011-12-04 11:50:00,11,4001.64,6,4,4,4,12,Champions
17619,2011-01-31 14:18:00,1,214.37,312,2,1,1,4,At risk
17620,2011-10-11 12:08:00,1,81.44,60,3,1,1,5,At risk
17621,2011-11-18 17:11:00,6,3175.12,21,4,3,4,11,Champions
17622,2010-04-21 12:36:00,2,1130.21,598,1,2,3,6,Needs attention
17623,2011-11-07 11:32:00,7,2365.77,33,3,4,4,11,Champions
17624,2011-11-25 10:52:00,4,1568.63,15,4,3,3,10,Loyal
17625,2011-11-21 13:36:00,8,5978.9,18,4,4,4,12,Champions
17626,2010-04-16 12:15:00,1,254.0,603,1,1,1,3,At risk
17627,2010-08-18 11:27:00,1,296.36,479,1,1,1,3,At risk
17628,2011-09-19 15:21:00,1,75.75,81,3,1,1,5,At risk
17629,2011-12-04 10:56:00,10,2455.52,6,4,4,4,12,Champions
17630,2011-06-23 11:58:00,2,503.59999999999997,170,2,2,2,6,Needs attention
17631,2011-12-08 09:47:00,7,998.49,2,4,4,3,11,Champions
17633,2011-11-08 13:25:00,7,2057.39,31,3,4,3,10,Loyal
17634,2011-11-03 13:09:00,9,2358.59,36,3,4,4,11,Champions
17635,2010-10-11 15:12:00,3,1265.58,424,1,3,3,7,Needs attention
17636,2011-11-20 14:40:00,1,285.56,19,4,1,1,6,Needs attention
17637,2011-11-08 12:51:00,2,547.0600000000001,31,3,2,2,7,Needs attention
17638,2010-03-02 14:32:00,2,842.4,647,1,2,2,5,At risk
17639,2011-03-08 15:22:00,6,615.17,276,2,3,2,7,Needs attention
17640,2011-09-14 09:13:00,6,3168.94,87,3,3,4,10,Loyal
17642,2011-08-12 09:11:00,5,1824.49,120,2,3,3,8,Needs attention
17643,2010-12-01 14:38:00,2,541.25,373,2,2,2,6,Needs attention
17644,2011-12-08 13:43:00,20,6028.6,1,4,4,4,12,Champions
17646,2011-05-04 13:17:00,12,4149.79,219,2,4,4,10,Loyal
17647,2011-10-05 15:38:00,3,331.65999999999997,65,3,3,1,7,Needs attention
17648,2011-10-10 09:41:00,5,2216.37,61,3,3,3,9,Loyal
17649,2011-07-24 15:53:00,3,1578.89,138,2,3,3,8,Needs attention
17650,2011-11-18 14:52:00,1,166.08,21,4,1,1,6,Needs attention
17651,2011-11-28 10:29:00,16,5703.52,12,4,4,4,12,Champions
17652,2011-11-14 12:55:00,12,4867.72,25,4,4,4,12,Champions
17653,2011-11-03 12:46:00,4,1207.56,37,3,3,3,9,Loyal
17654,2011-03-07 13:17:00,1,117.55,277,2,1,1,4,At risk
17655,2011-11-29 11:34:00,9,3652.48,11,4,4,4,12,Champions
17656,2011-09-27 13:04:00,5,1674.69,73,3,3,3,9,Loyal
17657,2010-10-05 14:52:00,1,126.0,430,1,1,1,3,At risk
17658,2011-11-14 12:07:00,2,595.42,26,3,2,2,7,Needs attention
17659,2011-11-22 13:29:00,14,3834.79,17,4,4,4,12,Champions
17660,2011-07-21 13:37:00,2,342.22,141,2,2,1,5,At risk
17662,2010-02-16 09:38:00,2,412.92,662,1,2,2,5,At risk
17663,2011-11-14 08:56:00,17,5175.83,26,3,4,4,11,Champions
17664,2011-11-21 11:29:00,4,1166.23,19,4,3,3,10,Loyal
17665,2010-08-03 13:12:00,1,563.1,493,1,1,2,4,At risk
17666,2011-12-06 09:06:00,5,2047.8,4,4,3,3,10,Loyal
17667,2011-10-04 14:32:00,9,3950.7,66,3,4,4,11,Champions
17668,2011-12-08 13:25:00,2,347.75,1,4,2,2,8,Needs attention
17669,2011-10-28 08:53:00,10,6142.35,43,3,4,4,11,Champions
17670,2011-04-26 09:12:00,1,205.7,228,2,1,1,4,At risk
17671,2011-11-24 12:21:00,5,2403.34,16,4,3,4,11,Champions
17672,2011-10-20 14:18:00,7,5778.63,50,3,4,4,11,Champions
17673,2011-12-08 12:50:00,13,4173.88,2,4,4,4,12,Champions
17674,2011-09-26 13:35:00,2,851.7,74,3,2,2,7,Needs attention
17675,2011-12-08 18:03:00,70,38259.6,1,4,4,4,12,Champions
17676,2011-12-05 15:16:00,10,2749.34,4,4,4,4,12,Champions
17677,2011-12-08 09:56:00,54,36675.06,2,4,4,4,12,Champions
17678,2011-03-21 11:52:00,2,599.76,264,2,2,2,6,Needs attention
17679,2011-10-18 07:43:00,7,3577.61,53,3,4,4,11,Champions
17680,2011-11-16 12:42:00,3,497.45,24,4,3,2,9,Loyal
17681,2010-04-21 17:22:00,5,731.2,597,1,3,2,6,Needs attention
17682,2011-11-29 15:59:00,11,4456.78,10,4,4,4,12,Champions
17683,2010-11-19 10:11:00,3,819.01,386,1,3,2,6,Needs attention
17684,2011-10-27 11:10:00,1,239.41,44,3,1,1,5,At risk
17685,2011-11-23 11:36:00,12,5907.47,17,4,4,4,12,Champions
17686,2011-12-02 15:39:00,9,8296.81,7,4,4,4,12,Champions
17687,2010-10-15 12:30:00,1,432.68,421,1,1,2,4,At risk
17688,2010-11-11 10:41:00,1,304.2,394,1,1,1,3,At risk
17689,2010-11-16 13:22:00,2,317.08,388,1,2,1,4,At risk
17690,2011-11-09 15:17:00,20,7412.0,30,3,4,4,11,Champions
17691,2010-12-16 17:20:00,4,780.0500000000001,358,2,3,2,7,Needs attention
17692,2011-08-04 14:01:00,12,2975.8,127,2,4,4,10,Loyal
17693,2011-07-25 15:48:00,1,200.47,137,2,1,1,4,At risk
17694,2011-07-21 12:00:00,3,1695.97,142,2,3,3,8,Needs attention
17695,2011-07-31 10:40:00,5,1746.04,132,2,3,3,8,Needs attention
17696,2011-11-01 13:43:00,27,7679.59,38,3,4,4,11,Champions
17697,2011-04-17 15:40:00,1,338.95,236,2,1,1,4,At risk
17698,2011-03-24 11:34:00,1,154.95,261,2,1,1,4,At risk
17699,2010-08-20 09:39:00,2,442.0,477,1,2,2,5,At risk
17700,2011-11-23 11:51:00,14,6679.97,17,4,4,4,12,Champions
17701,2011-04-01 12:25:00,1,417.95,253,2,1,2,5,At risk
17702,2011-11-09 16:03:00,6,3144.04,30,3,3,4,10,Loyal
17703,2011-11-04 15:51:00,4,1094.84,35,3,3,3,9,Loyal
17704,2011-06-24 09:40:00,2,885.19,169,2,2,2,6,Needs attention
17705,2011-12-06 13:45:00,11,2083.9,3,4,4,3,11,Champions
17706,2011-12-05 13:34:00,31,20749.98,4,4,4,4,12,Champions
17707,2011-06-07 15:03:00,8,609.3000000000001,185,2,4,2,8,Needs attention
17708,2011-06-05 10:12:00,4,884.1800000000001,188,2,3,2,7,Needs attention
17709,2011-06-23 11:55:00,5,671.01,170,2,3,2,7,Needs attention
17710,2010-10-12 07:49:00,1,293.5,424,1,1,1,3,At risk
17711,2011-11-29 11:40:00,2,385.1,11,4,2,2,8,Needs attention
17712,2011-10-26 12:28:00,1,522.91,45,3,1,2,6,Needs attention
17713,2010-11-22 16:50:00,4,1198.09,382,1,3,3,7,Needs attention
17714,2011-01-23 10:32:00,5,1410.18,321,2,3,3,8,Needs attention
17715,2011-05-23 12:32:00,2,489.59999999999997,201,2,2,2,6,Needs attention
17716,2011-11-17 12:00:00,24,15956.97,23,4,4,4,12,Champions
17717,2010-10-14 12:54:00,1,376.92,421,1,1,2,4,At risk
17718,2011-04-21 13:39:00,2,439.18,232,2,2,2,6,Needs attention
17719,2011-11-02 10:36:00,15,5396.04,38,3,4,4,11,Champions
17720,2011-11-13 15:04:00,10,2768.91,26,3,4,4,11,Champions
17721,2010-02-18 15:18:00,1,307.21000000000004,659,1,1,1,3,At risk
17722,2011-09-04 15:22:00,5,4430.36,96,2,3,4,9,Loyal
17723,2011-08-04 18:37:00,7,3378.4000000000005,127,2,4,4,10,Loyal
17724,2011-09-29 15:26:00,3,1033.0,71,3,3,3,9,Loyal
17725,2011-11-23 16:34:00,11,3439.08,16,4,4,4,12,Champions
17726,2010-11-09 13:37:00,7,1092.06,395,1,4,3,8,Needs attention
17727,2011-11-24 17:06:00,1,1060.25,15,4,1,3,8,Needs attention
17728,2011-12-06 08:52:00,5,4238.76,4,4,3,4,11,Champions
17729,2010-04-22 15:03:00,1,438.65000000000003,596,1,1,2,4,At risk
17730,2011-12-06 15:43:00,20,7773.8,3,4,4,4,12,Champions
17731,2011-09-21 15:02:00,6,1708.99,79,3,3,3,9,Loyal
17732,2010-12-02 09:29:00,8,2470.39,373,2,4,4,10,Loyal
17733,2011-11-01 08:16:00,2,692.19,39,3,2,2,7,Needs attention
17734,2011-10-17 12:33:00,6,1442.32,54,3,3,3,9,Loyal
17735,2011-12-07 16:47:00,26,17244.93,2,4,4,4,12,Champions
17736,2011-11-30 15:36:00,3,377.44,9,4,3,2,9,Loyal
17737,2011-11-30 15:16:00,2,168.24,9,4,2,1,7,Needs attention
17738,2011-11-20 15:05:00,13,4183.56,19,4,4,4,12,Champions
17739,2011-11-28 09:12:00,18,7730.59,12,4,4,4,12,Champions
17740,2010-11-15 16:33:00,6,426.9,389,1,3,2,6,Needs attention
17741,2010-10-29 11:59:00,2,101.1,407,1,2,1,4,At risk
17742,2011-08-18 15:28:00,11,2098.48,113,2,4,3,9,Loyal
17743,2010-09-17 14:54:00,1,229.2,448,1,1,1,3,At risk
17744,2011-12-06 12:11:00,7,2649.14,4,4,4,4,12,Champions
17745,2010-08-19 12:30:00,2,600.34,478,1,2,2,5,At risk
17746,2011-04-13 14:31:00,4,904.1800000000001,240,2,3,3,8,Needs attention
17747,2011-08-19 08:13:00,1,71.4,113,2,1,1,4,At risk
17748,2010-06-30 13:49:00,1,358.15,527,1,1,2,4,At risk
17749,2011-06-14 15:45:00,3,1026.18,178,2,3,3,8,Needs attention
17750,2011-12-04 14:09:00,9,1710.45,5,4,4,3,11,Champions
17751,2010-10-14 13:57:00,1,157.85999999999999,421,1,1,1,3,At risk
17752,2010-12-15 16:19:00,1,80.64,359,2,1,1,4,At risk
17753,2010-09-01 15:49:00,4,382.06,464,1,3,2,6,Needs attention
17754,2011-12-09 11:20:00,13,4451.22,1,4,4,4,12,Champions
17756,2010-11-29 12:20:00,3,728.75,376,2,3,2,7,Needs attention
17757,2011-12-08 15:31:00,56,9366.5,1,4,4,4,12,Champions
17758,2011-11-20 14:45:00,12,4964.03,19,4,4,4,12,Champions
17759,2011-11-22 16:02:00,5,1261.88,17,4,3,3,10,Loyal
17760,2011-11-18 10:56:00,6,918.93,22,4,3,3,10,Loyal
17761,2011-11-07 10:23:00,1,712.78,33,3,1,2,6,Needs attention
17762,2010-09-09 17:40:00,1,129.75,456,1,1,1,3,At risk
17763,2011-03-21 14:25:00,4,86.15,263,2,3,1,6,Needs attention
17764,2011-10-20 11:03:00,5,1513.57,51,3,3,3,9,Loyal
17765,2011-07-04 12:41:00,4,524.0,159,2,3,2,7,Needs attention
17766,2010-11-23 14:29:00,2,299.61,381,1,2,1,4,At risk
17767,2011-11-24 14:42:00,2,413.05,15,4,2,2,8,Needs attention
17768,2011-12-01 13:22:00,7,3292.73,8,4,4,4,12,Champions
17769,2011-11-27 11:18:00,17,7053.38,13,4,4,4,12,Champions
17770,2011-05-25 12:34:00,5,1143.27,199,2,3,3,8,Needs attention
17771,2011-10-14 11:43:00,4,387.41,57,3,3,2,8,Needs attention
17772,2011-11-29 11:05:00,3,360.75,11,4,3,2,9,Loyal
17773,2010-07-13 14:07:00,2,575.37,514,1,2,2,5,At risk
17774,2011-09-04 12:49:00,9,3273.83,97,2,4,4,10,Loyal
17775,2011-03-30 10:50:00,1,56.4,255,2,1,1,4,At risk
17776,2010-11-18 12:14:00,2,330.56,387,1,2,1,4,At risk
17777,2011-11-15 12:02:00,3,647.56,25,4,3,2,9,Loyal
17778,2010-02-16 12:44:00,1,197.70000000000002,662,1,1,1,3,At risk
17779,2011-11-18 14:15:00,3,650.32,21,4,3,2,9,Loyal
17780,2010-02-10 13:43:00,3,346.56,667,1,3,2,6,Needs attention
17781,2011-07-03 16:00:00,2,188.02,159,2,2,1,5,At risk
17782,2010-11-22 11:15:00,2,679.02,383,1,2,2,5,At risk
17783,2011-09-28 16:07:00,3,376.96,72,3,3,2,8,Needs attention
17784,2010-06-07 16:08:00,1,112.86,550,1,1,1,3,At risk
17785,2011-10-17 13:43:00,3,403.38,53,3,3,2,8,Needs attention
17786,2011-09-15 12:51:00,2,266.85,85,3,2,1,6,Needs attention
17787,2011-07-10 11:24:00,4,2553.82,153,2,3,4,9,Loyal
17788,2011-09-27 10:09:00,2,1117.9,74,3,2,3,8,Needs attention
17789,2011-03-03 13:14:00,2,397.15,281,2,2,2,6,Needs attention
17790,2011-11-13 11:30:00,20,2779.41,27,3,4,4,11,Champions
17791,2011-11-10 12:09:00,1,106.1,30,3,1,1,5,At risk
17792,2010-08-29 14:30:00,2,368.35,467,1,2,2,5,At risk
17793,2011-11-14 14:24:00,1,300.34,25,4,1,1,6,Needs attention
17794,2010-01-22 10:18:00,2,147.3,687,1,2,1,4,At risk
17795,2011-06-13 12:36:00,2,342.83,180,2,2,1,5,At risk
17796,2011-10-30 15:38:00,7,1351.04,40,3,4,3,10,Loyal
17797,2011-11-17 13:21:00,8,1971.87,22,4,4,3,11,Champions
17798,2010-05-07 11:42:00,1,178.07,582,1,1,1,3,At risk
17799,2011-11-17 15:16:00,20,6246.93,22,4,4,4,12,Champions
17800,2011-11-02 12:57:00,9,1187.21,37,3,4,3,10,Loyal
17801,2010-09-14 14:32:00,3,770.03,451,1,3,2,6,Needs attention
17802,2011-09-18 14:56:00,10,5046.42,82,3,4,4,11,Champions
17803,2010-11-12 13:53:00,1,184.66,392,1,1,1,3,At risk
17804,2010-11-28 14:01:00,3,383.78000000000003,376,2,3,2,7,Needs attention
17805,2011-09-27 11:49:00,2,927.03,74,3,2,3,8,Needs attention
17806,2011-11-28 14:12:00,1,546.04,11,4,1,2,7,Needs attention
17807,2010-11-09 16:21:00,3,437.87,395,1,3,2,6,Needs attention
17808,2010-06-09 10:44:00,4,262.64,549,1,3,1,5,At risk
17809,2011-11-23 12:59:00,20,11337.39,16,4,4,4,12,Champions
17810,2010-02-09 10:47:00,2,373.16,669,1,2,2,5,At risk
17811,2011-12-05 13:46:00,47,9519.8,4,4,4,4,12,Champions
17812,2011-11-27 11:47:00,7,1105.29,13,4,4,3,11,Champions
17813,2011-11-25 16:13:00,5,1698.07,14,4,3,3,10,Loyal
17814,2010-11-29 14:21:00,2,1609.37,375,2,2,3,7,Needs attention
17815,2010-11-11 14:39:00,1,591.96,393,1,1,2,4,At risk
17816,2011-11-03 11:34:00,6,112.32,37,3,3,1,7,Needs attention
17817,2011-12-05 14:39:00,6,788.15,4,4,3,2,9,Loyal
17818,2009-12-02 11:34:00,1,124.78,738,1,1,1,3,At risk
17819,2011-09-29 10:52:00,12,6612.5199999999995,72,3,4,4,11,Champions
17820,2010-11-30 17:43:00,1,180.60999999999999,374,2,1,1,4,At risk
17821,2010-10-29 13:20:00,1,334.62,406,1,1,1,3,At risk
17822,2010-10-15 13:47:00,5,2162.93,420,1,3,3,7,Needs attention
17823,2010-10-14 16:24:00,2,449.25,421,1,2,2,5,At risk
17824,2011-10-19 14:14:00,1,298.4,51,3,1,1,5,At risk
17825,2010-04-20 12:01:00,4,701.96,599,1,3,2,6,Needs attention
17826,2010-11-30 13:23:00,1,133.34,374,2,1,1,4,At risk
17827,2011-12-04 15:00:00,6,2376.17,5,4,3,4,11,Champions
17828,2011-11-17 08:41:00,4,1820.09,23,4,3,3,10,Loyal
17829,2011-02-14 12:46:00,5,4756.74,299,2,3,4,9,Loyal
17830,2011-12-08 12:28:00,3,398.7,2,4,3,2,9,Loyal
17831,2011-11-06 15:09:00,1,35.400000000000006,33,3,1,1,5,At risk
17832,2011-10-21 11:43:00,1,155.37,50,3,1,1,5,At risk
17833,2009-12-16 13:40:00,1,338.46000000000004,723,1,1,1,3,At risk
17834,2010-10-21 12:09:00,2,689.6700000000001,415,1,2,2,5,At risk
17835,2011-12-07 11:48:00,3,342.24,3,4,3,1,8,Needs attention
17836,2011-10-23 16:13:00,1,110.21000000000001,47,3,1,1,5,At risk
17837,2011-10-28 16:13:00,8,1541.23,42,3,4,3,10,Loyal
17838,2011-11-13 11:20:00,13,6507.5,27,3,4,4,11,Champions
17839,2011-10-28 17:27:00,1,318.15,42,3,1,1,5,At risk
17840,2010-09-22 12:24:00,1,175.9,444,1,1,1,3,At risk
17841,2011-12-08 12:07:00,211,70081.86,2,4,4,4,12,Champions
17842,2010-04-16 14:23:00,1,430.69,602,1,1,2,4,At risk
17843,2011-02-09 15:33:00,2,320.4,303,2,2,1,5,At risk
17844,2011-08-25 11:27:00,1,51.559999999999995,107,2,1,1,4,At risk
17845,2010-06-02 15:20:00,4,596.09,555,1,3,2,6,Needs attention
17846,2011-09-15 15:20:00,1,2033.1,85,3,1,3,7,Needs attention
17847,2010-07-12 10:00:00,2,129.69,516,1,2,1,4,At risk
17848,2011-09-19 16:49:00,30,3559.11,81,3,4,4,11,Champions
17849,2011-05-05 13:46:00,8,1063.76,218,2,4,3,9,Loyal
17850,2010-12-02 15:27:00,155,56600.08,372,2,4,4,10,Loyal
17851,2010-10-13 15:13:00,6,1552.35,422,1,3,3,7,Needs attention
17852,2011-11-28 12:36:00,5,657.8100000000001,12,4,3,2,9,Loyal
17853,2010-10-28 15:29:00,3,1596.29,407,1,3,3,7,Needs attention
17854,2011-06-07 16:21:00,6,1068.5,185,2,3,3,8,Needs attention
17855,2010-12-02 09:44:00,1,417.94,373,2,1,2,5,At risk
17856,2011-12-08 09:40:00,4,1418.03,2,4,3,3,10,Loyal
17857,2011-12-05 13:13:00,24,28682.24,4,4,4,4,12,Champions
17858,2011-12-04 11:56:00,30,12754.9,6,4,4,4,12,Champions
17859,2011-02-08 10:32:00,1,141.92000000000002,305,2,1,1,4,At risk
17860,2010-12-06 12:41:00,4,943.84,369,2,3,3,8,Needs attention
17861,2011-12-06 16:21:00,18,5088.29,3,4,4,4,12,Champions
17862,2011-01-20 12:23:00,4,1254.89,324,2,3,3,8,Needs attention
17863,2011-10-11 13:45:00,12,5745.2,59,3,4,4,11,Champions
17864,2011-11-27 11:15:00,5,876.57,13,4,3,2,9,Loyal
17865,2011-11-09 12:08:00,46,26312.190000000002,31,3,4,4,11,Champions
17866,2011-07-20 11:07:00,3,1134.95,143,2,3,3,8,Needs attention
17867,2011-11-09 14:15:00,15,1582.0500000000002,30,3,4,3,10,Loyal
17868,2010-11-18 18:55:00,1,227.15,386,1,1,1,3,At risk
17869,2011-08-24 16:16:00,7,1027.96,107,2,4,3,9,Loyal
17870,2011-12-07 15:07:00,13,3079.69,2,4,4,4,12,Champions
17871,2011-05-19 11:32:00,5,1068.95,205,2,3,3,8,Needs attention
17872,2010-11-23 12:02:00,1,235.87,382,1,1,1,3,At risk
17873,2011-09-20 16:41:00,18,6470.280000000001,80,3,4,4,11,Champions
17874,2011-06-07 12:54:00,6,683.46,185,2,3,2,7,Needs attention
17875,2010-01-20 15:30:00,1,167.1,688,1,1,1,3,At risk
17876,2010-11-05 10:52:00,3,3424.02,400,1,3,4,8,Needs attention
17877,2011-06-22 13:00:00,1,237.61,170,2,1,1,4,At risk
17878,2011-10-27 11:24:00,3,1378.93,44,3,3,3,9,Loyal
17879,2011-06-19 12:36:00,1,178.51999999999998,174,2,2,1,5,At risk
17880,2010-12-10 10:21:00,3,824.9200000000001,365,2,3,2,7,Needs attention
17881,2011-02-08 17:16:00,1,133.35000000000002,304,2,2,1,5,At risk
17882,2010-11-25 14:40:00,2,291.56,379,2,2,1,5,At risk
17883,2011-12-06 17:49:00,7,988.42,3,4,4,3,11,Champions
17884,2011-12-06 11:33:00,20,3020.99,4,4,4,4,12,Champions
17885,2011-11-27 14:40:00,1,156.34,12,4,2,1,7,Needs attention
17886,2011-11-08 10:09:00,6,1572.55,32,3,3,3,9,Loyal
17887,2011-08-02 17:29:00,1,111.35,129,2,2,1,5,At risk
17888,2011-11-18 13:45:00,25,1807.44,21,4,4,3,11,Champions
17889,2011-05-11 16:26:00,7,746.42,212,2,4,2,8,Needs attention
17890,2011-01-21 11:19:00,2,586.89,323,2,2,2,6,Needs attention
17891,2011-06-30 20:08:00,1,203.85999999999999,162,2,2,1,5,At risk
17892,2011-10-14 16:49:00,3,244.1,56,3,3,1,7,Needs attention
17893,2011-04-28 13:50:00,1,107.21,225,2,2,1,5,At risk
17894,2011-09-29 09:23:00,18,2411.35,72,3,4,4,11,Champions
17895,2011-10-26 17:00:00,1,95.45,44,3,2,1,6,Needs attention
17896,2011-11-16 13:59:00,1,256.32,23,4,2,1,7,Needs attention
17897,2011-06-20 11:23:00,9,2510.56,173,2,4,4,10,Loyal
17898,2011-09-15 14:56:00,4,299.18,85,3,3,1,7,Needs attention
17899,2011-07-03 14:58:00,1,154.55,159,2,2,1,5,At risk
17900,2011-06-02 14:38:00,2,112.19999999999999,190,2,2,1,5,At risk
17901,2011-11-10 17:29:00,3,260.08,29,3,3,1,7,Needs attention
17902,2010-06-11 12:25:00,1,216.39999999999998,547,1,2,1,4,At risk
17903,2010-11-10 15:39:00,1,381.09000000000003,394,1,2,2,5,At risk
17904,2011-11-18 12:57:00,1,181.07,21,4,2,1,7,Needs attention
17905,2011-09-29 17:33:00,13,2379.37,71,3,4,4,11,Champions
17906,2011-04-06 17:25:00,1,72.9,247,2,2,1,5,At risk
17907,2010-03-09 12:33:00,1,291.76,641,1,2,1,4,At risk
17908,2010-12-01 11:45:00,5,1374.5,374,2,3,3,8,Needs attention
17909,2009-12-02 13:10:00,1,110.05,737,1,2,1,4,At risk
17910,2009-12-13 16:04:00,1,261.7,726,1,2,1,4,At risk
17911,2011-11-30 14:52:00,1,366.23,9,4,2,2,8,Needs attention
17912,2011-02-02 14:25:00,6,374.55,310,2,3,2,7,Needs attention
17913,2011-10-12 10:45:00,14,3429.29,59,3,4,4,11,Champions
17914,2011-12-06 11:58:00,1,329.36,4,4,2,1,7,Needs attention
17915,2010-06-06 13:22:00,1,225.78,551,1,2,1,4,At risk
17916,2010-03-21 12:26:00,2,43.87,629,1,2,1,4,At risk
17917,2011-10-25 13:20:00,3,335.03,45,3,3,1,7,Needs attention
17918,2010-07-27 11:51:00,3,396.39,501,1,3,2,6,Needs attention
17919,2011-09-12 13:41:00,2,1840.32,88,3,2,3,8,Needs attention
17920,2011-12-05 14:29:00,54,24256.74,4,4,4,4,12,Champions
17921,2011-10-06 18:56:00,10,2394.36,64,3,4,4,11,Champions
17922,2010-06-14 16:32:00,1,170.4,543,1,2,1,4,At risk
17923,2011-03-02 15:15:00,3,497.0,282,2,3,2,7,Needs attention
17924,2011-11-28 09:11:00,8,3536.7000000000003,12,4,4,4,12,Champions
17925,2010-12-02 10:10:00,1,488.16,373,2,2,2,6,Needs attention
17926,2011-07-29 14:39:00,5,1035.49,133,2,3,3,8,Needs attention
17927,2009-12-18 11:03:00,1,294.0,722,1,2,1,4,At risk
17928,2011-10-25 13:52:00,3,341.24,45,3,3,1,7,Needs attention
17929,2011-11-28 16:01:00,12,3082.1,11,4,4,4,12,Champions
17930,2011-11-04 10:23:00,13,4275.22,36,3,4,4,11,Champions
17931,2011-07-28 18:33:00,14,3402.24,134,2,4,4,10,Loyal
17932,2011-11-10 19:49:00,3,1331.57,29,3,3,3,9,Loyal
17933,2010-03-17 15:11:00,1,114.69,632,1,2,1,4,At risk
17934,2011-10-19 11:16:00,3,1049.15,52,3,3,3,9,Loyal
17935,2011-07-24 13:18:00,7,686.14,138,2,4,2,8,Needs attention
17936,2011-12-04 13:32:00,1,380.13,5,4,2,2,8,Needs attention
17937,2011-12-01 11:45:00,7,4301.22,9,4,4,4,12,Champions
17938,2010-10-15 14:27:00,1,144.29,420,1,2,1,4,At risk
17939,2011-07-03 12:27:00,1,99.14,160,2,2,1,5,At risk
17940,2011-10-21 13:27:00,16,30306.79,49,3,4,4,11,Champions
17941,2011-08-01 08:30:00,4,1433.28,131,2,3,3,8,Needs attention
17942,2011-12-02 10:45:00,1,77.50000000000001,8,4,2,1,7,Needs attention
17944,2010-10-12 16:25:00,1,74.99,423,1,2,1,4,At risk
17945,2010-01-12 11:40:00,3,360.35,697,1,3,2,6,Needs attention
17946,2011-04-20 17:00:00,2,149.57999999999998,233,2,2,1,5,At risk
17947,2011-11-02 13:05:00,1,176.68,37,3,2,1,6,Needs attention
17948,2011-07-15 12:58:00,1,358.56000000000006,147,2,2,2,6,Needs attention
17949,2011-12-08 18:46:00,118,118628.08,1,4,4,4,12,Champions
17950,2011-09-28 15:18:00,7,1429.46,72,3,4,3,10,Loyal
17951,2011-10-31 12:30:00,4,1636.0800000000002,40,3,3,3,9,Loyal
17952,2010-11-26 13:54:00,4,788.46,378,2,3,2,7,Needs attention
17953,2010-06-17 15:08:00,1,159.17000000000002,540,1,2,1,4,At risk
17954,2011-12-04 14:15:00,19,3933.06,5,4,4,4,12,Champions
17955,2011-05-25 12:00:00,6,949.9,199,2,3,3,8,Needs attention
17956,2011-04-04 13:47:00,1,12.75,249,2,2,1,5,At risk
17957,2011-10-04 14:58:00,1,111.68,66,3,2,1,6,Needs attention
17958,2011-08-15 12:19:00,2,973.88,117,2,2,3,7,Needs attention
17959,2010-04-26 14:12:00,1,140.75,592,1,2,1,4,At risk
17960,2011-06-21 14:15:00,3,135.08,171,2,3,1,6,Needs attention
17961,2011-11-18 16:55:00,100,2994.29,21,4,4,4,12,Champions
17962,2011-07-20 14:16:00,4,666.96,142,2,3,2,7,Needs attention
17963,2010-08-25 15:58:00,4,643.16,471,1,3,2,6,Needs attention
17964,2011-11-08 10:44:00,2,724.97,32,3,2,2,7,Needs attention
17965,2011-11-02 09:31:00,29,7157.2,38,3,4,4,11,Champions
17966,2011-11-02 10:26:00,10,1963.92,38,3,4,3,10,Loyal
17967,2010-12-03 11:19:00,2,335.69,372,2,2,1,5,At risk
17968,2010-12-01 12:23:00,4,855.54,374,2,3,2,7,Needs attention
17969,2011-06-26 13:00:00,20,2354.29,166,2,4,4,10,Loyal
17970,2011-05-12 20:03:00,1,562.79,211,2,2,2,6,Needs attention
17971,2010-06-09 14:04:00,1,161.94,548,1,2,1,4,At risk
17972,2011-04-12 12:16:00,1,135.19,242,2,2,1,5,At risk
17973,2011-10-19 10:34:00,1,337.04,52,3,2,1,6,Needs attention
17974,2011-11-15 11:37:00,6,1739.09,25,4,3,3,10,Loyal
17975,2011-11-24 13:27:00,24,7010.43,15,4,4,4,12,Champions
17976,2010-12-02 13:49:00,1,643.58,372,2,2,2,6,Needs attention
17977,2011-11-10 13:28:00,2,1511.45,29,3,2,3,8,Needs attention
17978,2010-12-09 14:05:00,4,1460.9099999999999,365,2,3,3,8,Needs attention
17979,2011-11-04 12:05:00,4,732.41,36,3,3,2,8,Needs attention
17980,2011-06-27 12:01:00,4,1012.72,166,2,3,3,8,Needs attention
17981,2010-10-25 10:40:00,1,239.12,411,1,2,1,4,At risk
17982,2010-01-28 09:38:00,1,138.18,681,1,2,1,4,At risk
17983,2010-11-09 13:24:00,1,171.71,395,1,2,1,4,At risk
17984,2011-07-17 15:59:00,5,1152.19,145,2,3,3,8,Needs attention
17985,2011-11-17 14:24:00,1,631.35,22,4,2,2,8,Needs attention
17986,2011-10-14 14:22:00,1,20.8,56,3,2,1,6,Needs attention
17987,2011-06-07 14:22:00,5,965.4399999999999,185,2,3,3,8,Needs attention
17988,2011-11-28 11:00:00,14,489.54,12,4,4,2,10,Loyal
17989,2010-11-25 13:49:00,1,207.32999999999998,379,2,2,1,5,At risk
17990,2011-04-17 11:44:00,6,1527.6100000000001,237,2,3,3,8,Needs attention
17991,2011-04-28 15:58:00,3,300.3,225,2,3,1,6,Needs attention
17992,2010-11-15 13:04:00,1,252.88,389,1,2,1,4,At risk
17993,2010-04-01 14:23:00,1,225.99,617,1,2,1,4,At risk
17994,2011-08-10 11:41:00,11,2270.0299999999997,122,2,4,3,9,Loyal
17995,2011-03-03 12:30:00,3,495.48,282,2,3,2,7,Needs attention
17996,2010-11-25 11:00:00,3,482.33,380,1,3,2,6,Needs attention
17997,2011-09-26 16:13:00,8,1962.46,74,3,4,3,10,Loyal
17998,2010-11-24 15:31:00,3,639.24,380,1,3,2,6,Needs attention
17999,2011-11-02 15:56:00,3,718.8,37,3,3,2,8,Needs attention
18000,2010-05-24 17:34:00,1,124.25,564,1,2,1,4,At risk
18001,2011-11-27 16:02:00,6,924.14,12,4,3,3,10,Loyal
18002,2010-11-29 10:57:00,4,244.37,376,2,3,1,6,Needs attention
18003,2010-11-28 15:09:00,1,353.51,376,2,2,2,6,Needs attention
18004,2010-12-12 13:47:00,1,157.92,362,2,2,1,5,At risk
18005,2011-12-06 11:51:00,2,226.47,4,4,2,1,7,Needs attention
18006,2011-11-16 16:52:00,4,969.51,23,4,3,3,10,Loyal
18007,2010-11-12 11:08:00,1,215.22,393,1,2,1,4,At risk
18008,2011-09-30 15:17:00,23,19759.079999999998,70,3,4,4,11,Champions
18009,2011-04-18 13:36:00,8,2144.23,235,2,4,3,9,Loyal
18010,2011-03-28 12:27:00,1,174.8,257,2,2,1,5,At risk
18011,2010-12-01 17:35:00,2,513.58,373,2,2,2,6,Needs attention
18012,2009-12-16 13:16:00,1,115.3,723,1,2,1,4,At risk
18013,2011-07-07 14:11:00,2,187.29,155,2,2,1,5,At risk
18014,2011-11-11 15:28:00,1,162.22,28,3,2,1,6,Needs attention
18015,2011-12-05 14:49:00,1,120.03,4,4,2,1,7,Needs attention
18016,2011-11-07 13:25:00,7,1954.56,32,3,4,3,10,Loyal
18017,2011-09-19 16:15:00,4,688.0,81,3,3,2,8,Needs attention
18018,2011-08-23 17:37:00,4,297.99,108,2,3,1,6,Needs attention
18019,2011-10-19 12:10:00,1,38.45,52,3,2,1,6,Needs attention
18020,2010-06-14 12:31:00,1,190.48000000000002,544,1,2,1,4,At risk
18021,2010-07-18 10:52:00,2,216.41,510,1,2,1,4,At risk
18022,2011-11-04 12:45:00,5,1507.25,36,3,3,3,9,Loyal
18024,2011-07-10 12:40:00,2,389.78,153,2,2,2,6,Needs attention
18025,2010-11-25 12:37:00,6,1177.72,380,1,3,3,7,Needs attention
18026,2010-07-27 10:37:00,2,2074.07,501,1,2,3,6,Needs attention
18027,2011-09-02 10:38:00,1,115.31,99,2,2,1,5,At risk
18028,2010-05-05 13:28:00,1,192.05,583,1,2,1,4,At risk
18029,2010-03-07 15:30:00,1,433.77,642,1,2,2,5,At risk
18030,2011-12-05 16:37:00,2,230.64999999999998,4,4,2,1,7,Needs attention
18031,2010-11-26 11:00:00,1,451.3,379,2,2,2,6,Needs attention
18032,2011-01-09 15:32:00,1,73.5,334,2,2,1,5,At risk
18033,2011-10-05 17:28:00,1,93.82000000000001,65,3,2,1,6,Needs attention
18034,2011-11-18 12:22:00,3,754.2,22,4,3,2,9,Loyal
18035,2011-11-04 12:39:00,5,1260.23,36,3,3,3,9,Loyal
18036,2011-11-07 14:40:00,11,1545.49,32,3,4,3,10,Loyal
18037,2011-07-08 13:39:00,15,167.42,154,2,4,1,7,Needs attention
18038,2010-06-01 15:59:00,1,141.48,556,1,2,1,4,At risk
18039,2010-11-30 13:07:00,4,548.22,374,2,3,2,7,Needs attention
18040,2011-11-20 14:20:00,2,357.20000000000005,19,4,2,2,8,Needs attention
18041,2011-11-28 11:39:00,38,8633.66,12,4,4,4,12,Champions
18042,2011-10-17 11:49:00,2,281.15,54,3,2,1,6,Needs attention
18043,2011-11-15 12:48:00,3,817.2,25,4,3,2,9,Loyal
18044,2011-12-05 14:26:00,18,3505.61,4,4,4,4,12,Champions
18045,2011-10-25 13:07:00,1,178.34,45,3,2,1,6,Needs attention
18046,2010-02-28 11:36:00,1,189.63,650,1,2,1,4,At risk
18047,2010-11-23 13:11:00,2,326.09,381,1,2,1,4,At risk
18048,2011-05-20 14:58:00,3,394.93,203,2,3,2,7,Needs attention
18049,2010-09-28 14:26:00,2,500.92,437,1,2,2,5,At risk
18050,2010-12-15 14:25:00,2,412.06,359,2,2,2,6,Needs attention
18051,2010-03-15 13:58:00,7,2282.28,634,1,4,3,8,Needs attention
18052,2010-05-24 11:11:00,1,10877.18,565,1,2,4,7,Needs attention
18053,2011-09-30 09:05:00,3,571.07,71,3,3,2,8,Needs attention
18054,2010-11-12 08:18:00,1,176.5,393,1,2,1,4,At risk
18055,2011-12-02 14:25:00,14,11143.12,7,4,4,4,12,Champions
18056,2011-02-24 14:27:00,2,554.6,288,2,2,2,6,Needs attention
18057,2010-11-11 16:55:00,3,1188.46,393,1,3,3,7,Needs attention
18058,2011-11-30 08:38:00,3,774.06,10,4,3,2,9,Loyal
18059,2011-11-16 16:49:00,3,306.46,23,4,3,1,8,Needs attention
18060,2010-10-27 16:41:00,2,1185.46,408,1,2,3,6,Needs attention
18061,2011-11-18 11:20:00,28,6488.97,22,4,4,4,12,Champions
18062,2011-06-19 14:47:00,6,1632.67,173,2,3,3,8,Needs attention
18063,2010-11-14 10:46:00,2,186.60000000000002,391,1,2,1,4,At risk
18064,2011-07-29 16:39:00,11,4481.83,133,2,4,4,10,Loyal
18065,2011-12-04 10:30:00,29,5866.63,6,4,4,4,12,Champions
18066,2011-09-25 15:30:00,3,1440.4,75,3,3,3,9,Loyal
18067,2011-10-30 15:58:00,1,396.33,40,3,2,2,7,Needs attention
18068,2011-02-23 14:50:00,1,101.69999999999999,289,2,2,1,5,At risk
18069,2011-11-13 16:03:00,11,4464.92,26,3,4,4,11,Champions
18070,2010-02-08 13:28:00,1,314.1,669,1,2,1,4,At risk
18071,2011-03-27 11:59:00,6,1428.63,258,2,3,3,8,Needs attention
18072,2011-06-07 10:44:00,1,247.44,186,2,2,1,5,At risk
18073,2011-08-17 14:02:00,12,3859.82,114,2,4,4,10,Loyal
18074,2010-12-01 09:53:00,2,1509.04,374,2,2,3,7,Needs attention
18075,2011-11-16 15:21:00,20,5783.29,23,4,4,4,12,Champions
18076,2010-11-24 14:02:00,1,151.49,380,1,2,1,4,At risk
18077,2011-12-01 13:32:00,18,4283.66,8,4,4,4,12,Champions
18078,2011-05-06 14:32:00,4,725.53,217,2,3,2,7,Needs attention
18079,2011-10-25 15:27:00,5,4203.93,45,3,3,4,10,Loyal
18080,2011-11-21 08:02:00,2,1231.5,19,4,2,3,9,Loyal
18081,2011-11-03 16:30:00,3,343.45,36,3,3,1,7,Needs attention
18082,2011-11-14 12:45:00,1,680.84,26,3,2,2,7,Needs attention
18083,2010-11-07 11:44:00,1,463.53,398,1,2,2,5,At risk
18084,2011-11-23 13:57:00,3,795.2299999999999,16,4,3,2,9,Loyal
18085,2011-01-13 15:17:00,4,1645.75,330,2,3,3,8,Needs attention
18086,2011-03-10 13:34:00,1,101.34,274,2,2,1,5,At risk
18087,2011-09-02 15:12:00,17,14761.519999999999,98,2,4,4,10,Loyal
18088,2011-10-09 13:41:00,1,166.03,61,3,2,1,6,Needs attention
18089,2010-09-19 11:57:00,1,428.45,447,1,2,2,5,At risk
18090,2010-10-14 12:32:00,1,321.9,422,1,2,1,4,At risk
18091,2010-04-25 13:18:00,1,360.85,593,1,2,2,5,At risk
18092,2011-12-07 13:14:00,18,16179.44,2,4,4,4,12,Champions
18093,2011-09-07 15:43:00,8,4452.71,93,3,4,4,11,Champions
18094,2011-09-19 09:28:00,13,6391.52,82,3,4,4,11,Champions
18095,2011-01-31 12:50:00,5,2303.09,313,2,3,4,9,Loyal
18096,2011-11-28 12:44:00,6,1657.87,12,4,3,3,10,Loyal
18097,2011-12-02 11:16:00,11,4627.92,8,4,4,4,12,Champions
18098,2010-11-08 16:31:00,1,527.94,396,1,2,2,5,At risk
18099,2011-08-04 15:52:00,1,168.31,127,2,2,1,5,At risk
18100,2010-06-07 14:19:00,1,451.56,550,1,2,2,5,At risk
18101,2011-11-28 13:37:00,5,622.01,11,4,3,2,9,Loyal
18102,2011-12-09 11:50:00,145,608821.65,1,4,4,4,12,Champions
18103,2010-06-08 13:36:00,1,105.8,549,1,2,1,4,At risk
18104,2011-11-02 14:07:00,1,754.64,37,3,2,2,7,Needs attention
18105,2011-11-02 12:04:00,1,113.48000000000002,38,3,2,1,6,Needs attention
18106,2011-01-14 12:23:00,6,1441.06,330,2,3,3,8,Needs attention
18107,2010-09-23 13:03:00,1,165.88,442,1,2,1,4,At risk
18108,2011-03-30 13:56:00,3,848.8100000000001,254,2,3,2,7,Needs attention
18109,2011-12-08 11:36:00,38,9833.16,2,4,4,4,12,Champions
18110,2011-11-20 12:34:00,2,392.28000000000003,20,4,2,2,8,Needs attention
18111,2010-04-29 12:58:00,1,405.85,589,1,2,2,5,At risk
18112,2011-11-27 14:43:00,4,773.36,12,4,3,2,9,Loyal
18113,2010-12-06 12:31:00,1,152.64000000000001,369,2,2,1,5,At risk
18114,2011-02-22 13:20:00,1,220.1,290,2,2,1,5,At risk
18115,2010-01-11 11:57:00,1,9.700000000000001,698,1,2,1,4,At risk
18116,2011-10-03 11:00:00,13,2134.4900000000002,68,3,4,3,10,Loyal
18117,2011-11-14 12:47:00,1,315.65,26,3,2,1,6,Needs attention
18118,2011-11-29 11:32:00,29,6693.13,11,4,4,4,12,Champions
18119,2010-12-07 11:59:00,1,361.4,368,2,2,2,6,Needs attention
18120,2011-05-09 13:45:00,1,111.15,214,2,2,1,5,At risk
18121,2011-07-13 12:53:00,2,653.3,149,2,2,2,6,Needs attention
18122,2011-12-01 13:08:00,6,1793.06,8,4,3,3,10,Loyal
18123,2011-11-15 14:23:00,3,666.64,24,4,3,2,9,Loyal
18124,2010-08-24 17:21:00,1,102.65,472,1,2,1,4,At risk
18125,2011-11-10 12:29:00,4,1131.75,30,3,3,3,9,Loyal
18126,2011-10-10 12:19:00,1,200.92000000000002,61,3,2,1,6,Needs attention
18127,2011-11-20 14:05:00,4,556.13,19,4,3,2,9,Loyal
18128,2010-06-20 13:19:00,1,399.29,537,1,2,2,5,At risk
18129,2011-04-10 14:16:00,1,112.55000000000001,243,2,2,1,5,At risk
18130,2011-11-24 14:40:00,3,1059.39,15,4,3,3,10,Loyal
18131,2010-03-18 08:48:00,1,222.95999999999998,632,1,2,1,4,At risk
18132,2010-07-23 16:54:00,1,220.13,504,1,2,1,4,At risk
18133,2011-05-11 14:14:00,1,931.4999999999999,212,2,2,3,7,Needs attention
18134,2010-04-20 14:02:00,2,445.0,598,1,2,2,5,At risk
18135,2011-11-10 19:32:00,10,1249.6200000000001,29,3,4,3,10,Loyal
18136,2011-10-07 15:40:00,5,1631.3600000000001,63,3,3,3,9,Loyal
18137,2010-06-06 14:18:00,2,145.99,551,1,2,1,4,At risk
18138,2011-02-17 14:51:00,1,152.65,295,2,2,1,5,At risk
18139,2011-11-22 10:44:00,6,8438.34,18,4,3,4,11,Champions
18140,2010-08-23 11:58:00,1,536.41,474,1,2,2,5,At risk
18141,2010-11-03 11:44:00,2,882.47,402,1,2,2,5,At risk
18142,2011-07-05 13:19:00,2,1019.52,157,2,2,3,7,Needs attention
18143,2011-08-15 12:07:00,2,1000.16,117,2,2,3,7,Needs attention
18144,2011-12-02 12:46:00,19,5058.0,8,4,4,4,12,Champions
18145,2011-11-27 11:22:00,11,5609.74,13,4,4,4,12,Champions
18146,2011-07-22 12:08:00,2,160.35000000000002,141,2,2,1,5,At risk
18147,2011-10-25 11:46:00,2,179.33999999999997,46,3,2,1,6,Needs attention
18148,2010-03-03 11:40:00,1,112.85000000000001,647,1,2,1,4,At risk
18149,2011-10-20 12:04:00,7,1553.96,51,3,4,3,10,Loyal
18150,2011-11-07 16:49:00,3,566.58,32,3,3,2,8,Needs attention
18151,2011-07-28 11:35:00,6,1879.44,135,2,3,3,8,Needs attention
18152,2010-03-03 15:26:00,1,426.69,646,1,2,2,5,At risk
18153,2010-02-18 15:50:00,1,246.22,659,1,2,1,4,At risk
18154,2011-12-06 16:41:00,5,932.6,3,4,3,3,10,Loyal
18155,2011-09-25 13:32:00,3,371.62,75,3,3,2,8,Needs attention
18156,2011-11-27 12:24:00,2,862.52,13,4,2,2,8,Needs attention
18157,2010-05-17 14:09:00,1,213.9,571,1,2,1,4,At risk
18158,2011-11-30 16:19:00,2,453.4,9,4,2,2,8,Needs attention
18159,2011-02-11 14:26:00,1,530.15,301,2,2,2,6,Needs attention
18160,2011-10-13 15:50:00,3,1003.88,57,3,3,3,9,Loyal
18161,2011-11-24 16:40:00,6,1803.1000000000001,15,4,3,3,10,Loyal
18162,2009-12-07 13:24:00,1,371.51,732,1,2,2,5,At risk
18163,2010-05-04 14:51:00,1,728.84,584,1,2,2,5,At risk
18164,2011-11-02 12:56:00,1,399.65000000000003,37,3,2,2,7,Needs attention
18165,2011-06-15 13:23:00,1,302.46000000000004,177,2,2,1,5,At risk
18166,2010-03-26 12:26:00,1,175.5,624,1,2,1,4,At risk
18167,2011-11-16 15:56:00,3,1384.8600000000001,23,4,3,3,10,Loyal
18168,2011-06-16 19:21:00,16,3698.8,176,2,4,4,10,Loyal
18169,2011-10-10 12:18:00,1,202.65,61,3,2,1,6,Needs attention
18170,2011-11-06 14:35:00,9,2878.0,33,3,4,4,11,Champions
18171,2011-10-12 09:13:00,9,2437.31,59,3,4,4,11,Champions
18172,2011-11-25 11:12:00,52,17467.24,15,4,4,4,12,Champions
18173,2011-09-14 11:26:00,5,2696.36,87,3,3,4,10,Loyal
18174,2011-12-02 16:56:00,2,162.5,7,4,2,1,7,Needs attention
18175,2010-02-02 10:25:00,1,176.1,676,1,2,1,4,At risk
18176,2010-12-16 15:45:00,1,476.35,358,2,2,2,6,Needs attention
18177,2011-11-08 14:44:00,9,2216.32,31,3,4,3,10,Loyal
18178,2011-08-03 09:30:00,11,6103.74,129,2,4,4,10,Loyal
18179,2011-11-30 16:23:00,8,2547.55,9,4,4,4,12,Champions
18180,2011-12-05 08:39:00,6,1843.75,5,4,3,3,10,Loyal
18181,2011-11-15 15:08:00,5,1188.34,24,4,3,3,10,Loyal
18182,2010-09-02 14:25:00,1,291.13,463,1,2,1,4,At risk
18183,2011-04-26 15:26:00,2,632.07,227,2,2,2,6,Needs attention
18184,2011-11-24 15:28:00,1,49.8,15,4,2,1,7,Needs attention
18185,2011-04-04 13:42:00,1,304.25,249,2,2,1,5,At risk
18186,2009-12-17 10:22:00,1,329.58,723,1,2,1,4,At risk
18187,2010-03-18 09:49:00,1,724.89,632,1,2,2,5,At risk
18188,2011-11-24 16:46:00,6,3280.59,15,4,3,4,11,Champions
18189,2011-09-23 12:40:00,3,1403.73,78,3,3,3,9,Loyal
18190,2011-05-31 14:48:00,5,745.62,192,2,3,2,7,Needs attention
18191,2011-03-23 12:08:00,2,529.4,262,2,2,2,6,Needs attention
18192,2011-09-29 09:53:00,1,957.97,72,3,2,3,8,Needs attention
18193,2011-06-27 13:58:00,3,1207.35,165,2,3,3,8,Needs attention
18194,2011-09-18 13:29:00,6,4162.04,82,3,3,4,10,Loyal
18195,2010-11-17 15:03:00,1,101.16,387,1,2,1,4,At risk
18196,2011-09-05 16:22:00,4,1457.19,95,3,3,3,9,Loyal
18197,2010-05-13 10:46:00,1,230.1,576,1,2,1,4,At risk
18198,2011-12-05 14:49:00,17,5425.56,4,4,4,4,12,Champions
18199,2010-01-25 11:32:00,1,344.75,684,1,2,1,4,At risk
18200,2011-08-25 18:45:00,1,150.35,106,2,2,1,5,At risk
18201,2009-12-17 08:55:00,1,447.53000000000003,723,1,2,2,5,At risk
18202,2011-05-24 12:12:00,3,1396.99,200,2,3,3,8,Needs attention
18203,2011-07-05 13:07:00,4,492.52,157,2,3,2,7,Needs attention
18204,2011-09-29 16:44:00,3,1975.35,71,3,3,3,9,Loyal
18205,2011-11-03 13:22:00,2,517.36,36,3,2,2,7,Needs attention
18206,2010-06-04 13:47:00,1,314.65999999999997,553,1,2,1,4,At risk
18207,2010-07-28 14:26:00,1,544.47,499,1,2,2,5,At risk
18208,2010-05-23 11:54:00,1,360.08,566,1,2,2,5,At risk
18209,2011-11-11 12:07:00,1,139.10000000000002,29,3,2,1,6,Needs attention
18210,2011-12-08 11:02:00,7,2768.83,2,4,4,4,12,Champions
18211,2011-11-14 08:10:00,5,600.07,26,3,3,2,8,Needs attention
18212,2011-01-17 16:14:00,2,514.37,326,2,2,2,6,Needs attention
18213,2011-04-17 10:21:00,1,232.48000000000002,237,2,2,1,5,At risk
18214,2010-06-27 11:21:00,4,1780.34,531,1,3,3,7,Needs attention
18215,2011-09-11 16:05:00,5,2232.4900000000002,89,3,3,3,9,Loyal
18216,2011-11-08 16:55:00,1,481.75,31,3,2,2,7,Needs attention
18217,2011-11-10 13:18:00,4,945.04,29,3,3,3,9,Loyal
18218,2011-05-12 12:53:00,4,1121.84,211,2,3,3,8,Needs attention
18219,2011-12-07 11:43:00,17,3562.89,3,4,4,4,12,Champions
18220,2011-04-27 09:03:00,6,1921.76,227,2,3,3,8,Needs attention
18221,2011-11-17 14:40:00,6,1424.94,22,4,3,3,10,Loyal
18222,2011-09-08 10:45:00,1,443.0,93,3,2,2,7,Needs attention
18223,2011-12-05 09:11:00,26,14000.85,5,4,4,4,12,Champions
18224,2011-03-21 10:30:00,1,158.95000000000002,264,2,2,1,5,At risk
18225,2011-12-06 13:27:00,26,13044.8,3,4,4,4,12,Champions
18226,2011-10-26 13:36:00,26,11878.88,44,3,4,4,11,Champions
18227,2011-05-06 12:23:00,2,388.75,218,2,2,2,6,Needs attention
18228,2011-10-14 09:21:00,2,779.9,57,3,2,2,7,Needs attention
18229,2011-11-28 09:48:00,28,10803.710000000001,12,4,4,4,12,Champions
18230,2011-11-30 13:22:00,9,4291.06,9,4,4,4,12,Champions
18231,2011-05-31 14:18:00,28,6854.17,192,2,4,4,10,Loyal
18232,2011-09-19 11:49:00,4,592.97,82,3,3,2,8,Needs attention
18233,2011-01-18 08:44:00,1,440.0,326,2,2,2,6,Needs attention
18234,2010-06-06 11:22:00,1,179.6,552,1,2,1,4,At risk
18235,2011-09-29 08:27:00,3,1796.48,72,3,3,3,9,Loyal
18236,2011-11-10 08:06:00,12,1795.3500000000001,30,3,4,3,10,Loyal
18237,2011-12-07 12:49:00,5,987.1,3,4,3,3,10,Loyal
18238,2010-07-12 12:51:00,1,270.92,515,1,2,1,4,At risk
18239,2011-05-05 12:38:00,6,2150.36,219,2,3,3,8,Needs attention
18240,2011-10-24 13:06:00,1,422.58,46,3,2,2,7,Needs attention
18241,2011-11-30 12:10:00,21,2986.9900000000002,10,4,4,4,12,Champions
18242,2011-09-28 13:43:00,8,3605.21,72,3,4,4,11,Champions
18243,2010-10-21 14:29:00,1,515.78,414,1,2,2,5,At risk
18244,2010-10-05 11:15:00,2,568.64,431,1,2,2,5,At risk
18245,2011-12-02 14:48:00,20,6324.9800000000005,7,4,4,4,12,Champions
18246,2011-11-16 11:49:00,3,758.8199999999999,24,4,3,2,9,Loyal
18247,2010-10-21 09:49:00,3,839.73,415,1,3,2,6,Needs attention
18248,2011-08-09 10:19:00,2,804.02,123,2,2,2,6,Needs attention
18249,2011-11-22 15:07:00,1,95.34,17,4,2,1,7,Needs attention
18250,2011-02-02 13:16:00,1,349.27,310,2,2,2,6,Needs attention
18251,2011-09-13 15:03:00,9,26278.86,87,3,4,4,11,Champions
18252,2011-10-20 12:43:00,7,1533.69,51,3,4,3,10,Loyal
18253,2010-03-07 12:38:00,1,317.88,643,1,2,1,4,At risk
18254,2010-05-07 14:37:00,1,267.9,581,1,2,1,4,At risk
18255,2011-09-11 13:16:00,2,303.15,89,3,2,1,6,Needs attention
18256,2010-11-17 08:53:00,1,110.7,388,1,2,1,4,At risk
18257,2011-10-31 14:48:00,12,4600.15,39,3,4,4,11,Champions
18258,2010-09-01 14:20:00,6,2059.67,464,1,3,3,7,Needs attention
18259,2011-11-15 12:34:00,7,4318.200000000001,25,4,4,4,12,Champions
18260,2011-06-20 12:37:00,23,9947.26,173,2,4,4,10,Loyal
18261,2011-10-27 15:36:00,2,324.24,43,3,2,1,6,Needs attention
18262,2011-07-22 16:04:00,3,577.54,140,2,3,2,7,Needs attention
18263,2011-11-14 09:00:00,3,1213.1599999999999,26,3,3,3,9,Loyal
18264,2010-07-29 10:02:00,1,603.25,499,1,2,2,5,At risk
18265,2011-09-28 14:10:00,2,801.51,72,3,2,2,7,Needs attention
18266,2010-10-01 15:33:00,1,251.1,434,1,2,1,4,At risk
18267,2010-02-05 08:43:00,1,269.37,673,1,2,1,4,At risk
18268,2011-07-28 19:13:00,6,1490.23,134,2,3,3,8,Needs attention
18269,2010-12-08 13:53:00,1,337.2,366,2,2,1,5,At risk
18270,2011-11-01 13:57:00,3,444.55,38,3,3,2,8,Needs attention
18271,2010-04-09 09:26:00,2,680.85,610,1,2,2,5,At risk
18272,2011-12-07 12:43:00,9,4385.9800000000005,3,4,4,4,12,Champions
18273,2011-12-07 13:16:00,4,357.0,2,4,3,2,9,Loyal
18274,2011-11-09 17:03:00,1,175.92,30,3,2,1,6,Needs attention
18275,2010-05-10 15:46:00,2,741.85,578,1,2,2,5,At risk
18276,2011-10-27 10:54:00,6,1656.52,44,3,3,3,9,Loyal
18277,2011-10-12 15:22:00,5,1180.05,58,3,3,3,9,Loyal
18278,2011-09-27 11:58:00,2,414.20000000000005,74,3,2,2,7,Needs attention
18279,2010-07-08 14:48:00,1,231.33999999999997,519,1,2,1,4,At risk
18280,2011-03-07 09:52:00,2,488.15000000000003,278,2,2,2,6,Needs attention
18281,2011-06-12 10:53:00,2,201.14,181,2,2,1,5,At risk
18282,2011-12-02 11:43:00,2,178.05,8,4,2,1,7,Needs attention
18283,2011-12-06 12:02:00,22,2664.9,4,4,4,4,12,Champions
18284,2010-10-04 11:33:00,1,461.68,432,1,2,2,5,At risk
18285,2010-02-17 10:24:00,1,427.0,661,1,2,2,5,At risk
18286,2010-08-20 11:57:00,2,1296.43,477,1,2,3,6,Needs attention
18287,2011-10-28 09:29:00,7,4182.99,43,3,4,4,11,Champions
