stock_code,description,revenue,units,orders
22423,REGENCY CAKESTAND 3 TIER,344069.3,27536,3918
85123A,WHITE HANGING HEART T-LIGHT HOLDER,262589.96,95966,5356
23843,"PAPER CRAFT , LITTLE BIRDIE",168469.6,80995,1
47566,PARTY BUNTING,149109.35,28362,2674
85099B,JUMBO BAG RED RETROSPOT,148528.63,78698,3245
84879,ASSORTED COLOUR BIRD ORNAMENT,131817.81,81590,2807
22086,PAPER CHAIN KIT 50'S CHRISTMAS,123002.89,36534,2018
79321,CHILLI LIGHTS,85157.56,16763,1135
23166,MEDIUM CERAMIC TOP STORAGE JAR,81700.92000000001,78033,247
84347,ROTATING SILVER ANGELS T-LIGHT HLDR,74380.06999999999,32498,756
21137,BLACK RECORD COVER FRAME,69295.72,19945,634
85099F,JUMBO BAG STRAWBERRY,68382.73,37072,1830
23084,RABBIT NIGHT LIGHT,66870.03,30739,994
22114,HOT WATER BOTTLE TEA AND SYMPATHY,63362.350000000006,12420,1583
82484,WOOD BLACK BOARD ANT WHITE FINISH,62778.72,11046,1176
21931,JUMBO STORAGE BAG SUKI,62257.72,29489,2329
22910,PAPER CHAIN KIT VINTAGE CHRISTMAS,61671.840000000004,19580,1427
22112,CHOCOLATE HOT WATER BOTTLE,60644.32,11532,1721
21621,VINTAGE UNION JACK BUNTING,60549.54,6931,1292
85099C,JUMBO  BAG BAROQUE BLACK WHITE,60103.56,31153,1868
15056N,EDWARDIAN PARASOL NATURAL,58403.79,11366,1033
22411,JUMBO SHOPPER VINTAGE RED PAISLEY,58149.35,27669,2192
22470,HEART OF WICKER LARGE,55772.020000000004,18508,1952
22189,CREAM HEART CARD HOLDER,54547.380000000005,18350,1299
22178,VICTORIAN GLASS HANGING T-LIGHT,53105.59,40572,1816
21623,VINTAGE UNION JACK MEMOBOARD,52082.93,7196,530
22111,SCOTTIE DOG HOT WATER BOTTLE,51936.86,10163,1689
21733,RED HANGING HEART T-LIGHT HOLDER,51441.92,17960,1760
22469,HEART OF WICKER SMALL,51088.159999999996,29013,2151
22386,JUMBO BAG PINK POLKADOT,50806.72,25607,1443
21929,JUMBO BAG PINK VINTAGE PAISLEY,50300.82,25937,1619
21843,RED RETROSPOT CAKE STAND,49994.53999999999,4770,1187
21731,RED TOADSTOOL LED NIGHT LIGHT,49508.34,29696,1537
21232,STRAWBERRY CERAMIC TRINKET BOX,48529.26,37532,2310
22457,NATURAL SLATE HEART CHALKBOARD,48423.25000000001,15687,2046
15056BL,EDWARDIAN PARASOL BLACK,47828.19,9600,857
21754,HOME BUILDING BLOCK WORD,47774.740000000005,7796,2066
84029E,RED WOOLLY HOTTIE WHITE HEART.,47479.83,11757,1145
21181,PLEASE ONE PERSON METAL SIGN,46950.850000000006,23161,1632
20727,LUNCH BAG  BLACK SKULL.,46283.89,27042,2351
22138,BAKING SET 9 PIECE RETROSPOT,45882.01,9366,1914
22326,ROUND SNACK BOXES SET OF4 WOODLAND,44748.73,15589,1388
21915,RED  HARMONICA IN BOX,44680.05,38088,1025
82494L,WOODEN FRAME ANTIQUE WHITE,44667.100000000006,15601,1973
22197,SMALL POPCORN HOLDER,44068.03,49922,1407
84078A,SET/4 WHITE RETRO STORAGE CUBES,43921.51,1129,328
21175,GIN + TONIC DIET METAL SIGN,43044.73,20358,1609
71477,COLOUR GLASS. STAR T-LIGHT HOLDER,42938.17,14707,757
48138,DOORMAT UNION FLAG,42858.94,6382,991
22355,CHARLOTTE BAG SUKI DESIGN,42788.4,28229,1403
20728,LUNCH BAG CARS BLUE,42695.64,24838,2067
23298,SPOTTY BUNTING,42513.48,8320,1140
82482,WOODEN PICTURE FRAME WHITE FINISH,42396.03,17141,2006
20725,LUNCH BAG RED RETROSPOT,41938.08,22667,1837
20713,JUMBO BAG OWLS,41332.89,21170,1314
22328,ROUND SNACK BOXES SET OF 4 FRUITS,40160.16,14518,1154
22960,JAM MAKING SET WITH JARS,39639.31,9289,1159
22502,PICNIC BASKET WICKER 60 PIECES,39619.5,61,2
48194,DOORMAT HEARTS,39244.03,6135,1033
85066,CREAM SWEETHEART MINI CHEST,39173.65,3128,929
20726,LUNCH BAG WOODLAND,38883.729999999996,22301,1926
22629,SPACEBOY LUNCH BOX,38691.7,21193,1368
22699,ROSES REGENCY TEACUP AND SAUCER,38494.44,13104,1410
21166,COOK WITH WINE METAL SIGN,38428.21,20063,1425
23284,DOORMAT KEEP CALM AND COME IN,38133.64,5487,728
22720,SET OF 3 CAKE TINS PANTRY DESIGN,38108.89,7483,1385
20712,JUMBO BAG WOODLAND ANIMALS,37988.94,17936,1415
22727,ALARM CLOCK BAKELIKE RED,37857.61,9565,1363
20685,DOORMAT RED RETROSPOT,36593.81,5223,900
22379,RECYCLING BAG RETROSPOT,35362.76,16053,1570
21755,LOVE BUILDING BLOCK WORD,35356.39,5726,1696
21523,DOORMAT FANCY FONT HOME SWEET HOME,34577.13,5205,713
21479,WHITE SKULL HOT WATER BOTTLE,34560.68,6857,930
48185,DOORMAT FAIRY CAKE,34518.68,5128,597
22666,RECIPE BOX PANTRY YELLOW DESIGN,34421.200000000004,10928,1657
22197,POPCORN HOLDER,34288.67,36749,803
22630,DOLLY GIRL LUNCH BOX,33923.45,18334,1333
48187,DOORMAT NEW ENGLAND,33825.24,5372,818
22726,ALARM CLOCK BAKELIKE GREEN,33666.34,7935,1273
22865,HAND WARMER OWL DESIGN,33394.91,15471,1212
22382,LUNCH BAG SPACEBOY DESIGN,33294.99,19742,2108
22188,BLACK HEART CARD HOLDER,33197.05,12483,566
15036,ASSORTED COLOURS SILK FAN,33041.55,44365,991
22385,JUMBO BAG SPACEBOY DESIGN,32735.2,17220,1248
82486,WOOD S/3 CABINET ANT WHITE FINISH,32546.86,4119,1072
22622,BOX OF VINTAGE ALPHABET BLOCKS,32144.039999999997,3240,571
22077,6 RIBBONS RUSTIC CHARM,32142.039999999997,17526,1751
85152,HAND OVER THE CHOCOLATE   SIGN,31976.56,16603,1460
84029G,KNITTED UNION FLAG HOT WATER BOTTLE,31927.13,7307,1009
22139,RETROSPOT TEA SET CERAMIC 11 PC,31769.72,6208,1321
84946,ANTIQUE SILVER TEA GLASS ETCHED,31766.850000000002,23255,1080
22659,LUNCH BOX I LOVE LONDON,31140.62,16837,1074
23245,SET OF 3 REGENCY CAKE TINS,31118.550000000003,6345,873
22697,GREEN REGENCY TEACUP AND SAUCER,30959.170000000002,9903,1340
22501,PICNIC BASKET WICKER LARGE,30768.59,2637,762
22752,SET 7 BABUSHKA NESTING BOXES,30736.75,3773,692
20679,EDWARDIAN PARASOL RED,30649.47,6256,715
23199,JUMBO BAG APPLES,30450.690000000002,14908,978
22866,HAND WARMER SCOTTY DOG DESIGN,30323.640000000003,13723,1083
22158,3 HEARTS HANGING DECORATION RUSTIC,30197.280000000002,9341,718
20725,LUNCH BAG RED SPOTTY,30063.27,18085,1219
82483,WOOD 2 DRAWER CABINET WHITE FINISH,30014.440000000002,5072,1123
21928,JUMBO BAG SCANDINAVIAN PAISLEY,29783.49,16332,880
47590B,PINK HAPPY BIRTHDAY BUNTING,29532.93,5768,872
22867,HAND WARMER BIRD DESIGN,29484.320000000003,13426,1054
20914,SET/5 RED SPOTTY LID GLASS BOWLS,29468.52,10706,883
20971,PINK BLUE FELT CRAFT TRINKET BOX,28966.21,22580,1148
22467,GUMBALL COAT RACK,28919.8,12212,1095
21212,PACK OF 72 RETROSPOT CAKE CASES,28894.37,49744,1708
23355,HOT WATER BOTTLE KEEP CALM,28718.800000000003,5816,782
84978,HANGING HEART JAR T-LIGHT HOLDER,28629.82,21819,1425
22835,HOT WATER BOTTLE I AM SO POORLY,28455.98,5524,1011
21977,PACK OF 60 PINK PAISLEY CAKE CASES,28413.63,56625,1993
82583,HOT BATHS METAL SIGN,28324.61,13008,1176
20719,WOODLAND CHARLOTTE BAG,28249.92,24901,1573
22492,MINI PAINT SET VINTAGE,28237.99,44333,714
22961,JAM MAKING SET PRINTED,28218.239999999998,18069,1200
22624,IVORY KITCHEN SCALES,28010.170000000002,3232,1219
21930,JUMBO STORAGE BAG SKULLS,27888.86,13640,1321
23201,JUMBO BAG ALPHABET,27850.83,13366,906
72741,GRAND CHOCOLATECANDLE,27820.879999999997,20113,920
84991,60 TEATIME FAIRY CAKE CASES,27321.370000000003,54537,2127
22734,SET OF 6 RIBBONS VINTAGE CHRISTMAS,27039.82,9820,756
21481,FAWN BLUE HOT WATER BOTTLE,26925.18,8537,1050
21485,RETROSPOT HEART HOT WATER BOTTLE,26914.690000000002,5447,930
22149,FELTCRAFT 6 FLOWER FRIENDS,26783.86,12888,1382
22507,MEMO BOARD RETROSPOT  DESIGN,26626.56,5694,900
22551,PLASTERS IN TIN SPACEBOY,26420.749999999996,15740,1299
22386,JUMBO BAG PINK WITH WHITE SPOTS,26242.66,14202,802
20711,JUMBO BAG TOYS,26183.0,12836,1052
47566B,TEA TIME PARTY BUNTING,25954.45,5831,761
21108,FAIRY CAKE FLANNEL ASSORTED COLOUR,25859.050000000003,13087,613
22090,PAPER BUNTING RETROSPOT,25789.66,8506,920
22087,PAPER BUNTING WHITE LACE,25507.120000000003,8513,847
22084,PAPER CHAIN KIT EMPIRE,25453.83,8870,811
37503,TEA TIME CAKE STAND IN GIFT BOX,25428.329999999998,2465,522
84755,COLOUR GLASS T-LIGHT HOLDER HANGING,25386.65,40703,1259
20724,RED RETROSPOT CHARLOTTE BAG,25326.79,20909,1255
21314,SMALL GLASS HEART TRINKET POT,25253.850000000002,11647,1066
84077,WORLD WAR 2 GLIDERS ASSTD DESIGNS,25197.98,109898,1019
20972,PINK CREAM FELT CRAFT TRINKET BOX,25080.59,20704,1397
85099B,JUMBO BAG RED WHITE SPOTTY,25043.62,14060,534
22090,PAPER BUNTING RETRO SPOTS,24933.940000000002,8292,783
23173,REGENCY TEAPOT ROSES,24879.13,2766,416
22728,ALARM CLOCK BAKELIKE PINK,24858.52,6361,969
71459,HANGING JAM JAR T-LIGHT HOLDER,24792.46,30644,925
48138,DOOR MAT UNION FLAG,24770.81,3775,673
84836,ZINC METAL HEART DECORATION,24563.170000000002,20057,1408
47590A,BLUE HAPPY BIRTHDAY BUNTING,24542.88,4826,689
21231,SWEETHEART CERAMIC TRINKET BOX,24499.38,19672,1482
23203,JUMBO BAG VINTAGE DOILY,24489.08,11448,711
22383,LUNCH BAG SUKI  DESIGN,24475.8,14692,1279
22722,SET OF 6 SPICE TINS PANTRY DESIGN,24459.960000000003,5972,835
21258,VICTORIAN SEWING BOX LARGE,24089.84,1687,526
22171,3 HOOK PHOTO SHELF ANTIQUE WHITE,24081.66,3181,661
21790,VINTAGE SNAP CARDS,24063.3,27904,1888
21212,PACK OF 72 RETRO SPOT CAKE CASES,24054.43,46728,1410
22698,PINK REGENCY TEACUP AND SAUCER,23993.57,8050,1024
21791,VINTAGE HEADS AND TAILS CARD GAME,23926.98,18532,1313
20914,SET/5 RED RETROSPOT LID GLASS BOWLS,23867.140000000003,8246,1147
22625,RED KITCHEN SCALES,23851.23,2719,950
84406B,CREAM CUPID HEARTS COAT HANGER,23816.65,7383,841
23344,JUMBO BAG 50'S CHRISTMAS,23772.07,10285,716
22605,WOODEN CROQUET GARDEN SET,23731.02,1845,642
82600,NO SINGING METAL SIGN,23529.34,11662,1152
23243,SET OF TEA COFFEE SUGAR TINS PANTRY,23489.420000000002,4800,470
22554,PLASTERS IN TIN WOODLAND ANIMALS,23276.559999999998,13822,1275
22113,GREY HEART HOT WATER BOTTLE,23031.27,6020,996
22607,WOODEN ROUNDERS GARDEN SET,23030.05,2544,744
22585,PACK OF 6 BIRDY GIFT TAGS,22847.670000000002,18288,1084
20749,ASSORTED COLOUR MINI CASES,22703.16,3143,766
37449,CERAMIC CAKE STAND + HANGING CAKES,22672.61,2415,477
22556,PLASTERS IN TIN CIRCUS PARADE,22651.23,13771,1196
22941,CHRISTMAS LIGHTS 10 REINDEER,22619.82,2707,483
22969,HOMEMADE JAM SCENTED CANDLES,22441.85,15075,709
84970S,HANGING HEART ZINC T-LIGHT HOLDER,22057.379999999997,26756,1425
21524,DOORMAT SPOTTY HOME SWEET HOME,22023.82,2891,744
22499,WOODEN UNION JACK BUNTING,21898.74,3595,774
22456,NATURAL SLATE CHALKBOARD LARGE,21859.23,4457,835
22502,PICNIC BASKET WICKER SMALL,21846.97,3800,922
23202,JUMBO BAG VINTAGE LEAF,21810.43,10941,879
85048,15CM CHRISTMAS GLASS BALL 20 LIGHTS,21779.2,2749,517
48184,DOORMAT ENGLISH ROSE,21734.99,3289,526
21213,PACK OF 72 SKULL CAKE CASES,21661.75,40563,1481
22570,FELTCRAFT CUSHION RABBIT,21542.29,5795,807
22139,RETRO SPOT TEA SET CERAMIC 11 PC,21301.04,4438,771
22424,ENAMEL BREAD BIN CREAM,21267.71,1557,739
22083,PAPER CHAIN KIT RETRO SPOT,21151.79,7579,591
22617,BAKING SET SPACEBOY DESIGN,21138.14,4384,942
21218,RED SPOTTY BISCUIT TIN,21079.56,5299,897
22568,FELTCRAFT CUSHION OWL,21022.75,5683,875
22294,HEART FILIGREE DOVE  SMALL,20962.02,16923,861
22569,FELTCRAFT CUSHION BUTTERFLY,20872.46,5717,784
23206,LUNCH BAG APPLE DESIGN,20852.579999999998,12147,1036
85150,LADIES & GENTLEMEN METAL SIGN,20650.38,8512,1110
20723,STRAWBERRY CHARLOTTE BAG,20640.22,18441,1379
22693,GROW A FLYTRAP OR SUNFLOWER IN TIN,20499.08,17899,350
22900,SET 2 TEA TOWELS I LOVE LONDON,20459.510000000002,6349,723
48188,DOORMAT WELCOME PUPPIES,20345.51,3431,428
22273,FELTCRAFT DOLL MOLLY,20301.52,7398,810
22558,CLOTHES PEGS RETROSPOT PACK 24,20136.649999999998,14263,1202
22083,PAPER CHAIN KIT RETROSPOT,20104.620000000003,6382,810
21622,VINTAGE UNION JACK CUSHION COVER,20080.49,3728,626
22413,METAL SIGN TAKE IT OR LEAVE IT,19937.79,7037,881
22169,FAMILY ALBUM WHITE PICTURE FRAME,19930.8,2323,701
21174,POTTERING IN THE SHED METAL SIGN,19838.71,9800,1135
22384,LUNCH BAG PINK POLKADOT,19837.68,11956,1281
22561,WOODEN SCHOOL COLOURING SET,19740.539999999997,11771,904
21936,RED RETROSPOT PICNIC BAG,19653.5,6698,935
22633,HAND WARMER UNION JACK,19521.13,9498,858
21908,CHOCOLATE THIS WAY METAL SIGN,19479.510000000002,9839,974
84949,SILVER HANGING T-LIGHT HOLDER,19479.359999999997,12232,693
22427,ENAMEL FLOWER JUG CREAM,19463.56,3238,798
21340,CLASSIC METAL BIRDCAGE PLANT HOLDER,19398.11,1772,419
84946,ANTIQUE SILVER T-LIGHT GLASS,19381.62,14664,689
22041,"RECORD FRAME 7"" SINGLE SIZE",19371.46,7861,555
71053,WHITE METAL LANTERN,19273.31,4907,701
22061,LARGE CAKE STAND  HANGING STRAWBERY,19260.67,2185,520
84947,ANTIQUE SILVER TEA GLASS ENGRAVED,19055.54,16065,680
21484,CHICK GREY HOT WATER BOTTLE,18949.600000000002,4764,864
22555,PLASTERS IN TIN STRONGMAN,18883.019999999997,11654,956
22383,LUNCH BAG SUKI DESIGN,18699.43,10301,1084
84945,MULTI COLOUR SILVER T-LIGHT HOLDER,18596.55,22637,653
21430,SET/3 RED GINGHAM ROSE STORAGE BOX,18514.2,4741,814
22147,FELTCRAFT BUTTERFLY HEARTS,18358.85,13129,1132
22505,MEMO BOARD COTTAGE DESIGN,18318.08,3818,744
22560,TRADITIONAL MODELLING CLAY,18270.55,15192,742
21914,BLUE HARMONICA IN BOX,18194.35,13308,963
22847,BREAD BIN DINER STYLE IVORY,18147.54,1142,472
22654,DELUXE SEWING KIT,18135.920000000002,2682,597
22837,HOT WATER BOTTLE BABUSHKA,18124.170000000002,3872,436
79323W,WHITE CHERRY LIGHTS,18048.72,3004,349
22297,HEART IVORY TRELLIS SMALL,17926.6,13871,969
22557,PLASTERS IN TIN VINTAGE PAISLEY,17797.96,10598,1126
21136,PAINTED METAL PEARS ASSORTED,17661.149999999998,10606,739
21889,WOODEN BOX OF DOMINOES,17612.57,13212,1123
21527,RED RETROSPOT TRADITIONAL TEAPOT,17555.11,2406,570
84467,ENGLISH ROSE DESIGN QUILTED THROW,17477.66,816,83
84992,72 SWEETHEART FAIRY CAKE CASES,17440.21,35109,1460
84970L,SINGLE HEART ZINC T-LIGHT HOLDER,17359.489999999998,17561,1080
22952,60 CAKE CASES VINTAGE CHRISTMAS,17292.64,28677,1039
23203,JUMBO BAG DOILEY PATTERNS,17268.69,8893,514
21928,JUMBO BAG SCANDINAVIAN BLUE PAISLEY,17239.69,8411,662
22652,TRAVEL SEWING KIT,17237.23,10146,830
22632,HAND WARMER RED RETROSPOT,17233.27,8454,733
21559,STRAWBERRY LUNCH BOX WITH CUTLERY,17158.43,6865,1038
35004C,SET OF 3 COLOURED  FLYING DUCKS,17027.23,3280,355
21164,HOME SWEET HOME METAL SIGN,16812.300000000003,6040,721
72760B,VINTAGE CREAM 3 BASKET CAKE STAND,16569.55,1714,494
22487,WHITE WOOD GARDEN PLANT LADDER,16549.399999999998,1645,898
22993,SET OF 4 PANTRY JELLY MOULDS,16478.48,12649,1073
84375,SET OF 20 KIDS COOKIE CUTTERS,16463.22,7889,796
22662,LUNCH BAG DOLLY GIRL DESIGN,16368.31,10037,994
21843,RETRO SPOT CAKE STAND,16354.009999999998,1493,340
23301,GARDENERS KNEELING PAD KEEP CALM,16327.349999999999,8807,913
22296,HEART IVORY TRELLIS LARGE,16260.509999999998,9855,833
22634,CHILDS BREAKFAST SET SPACEBOY,16223.5,1717,499
48173C,DOORMAT BLACK FLOCK,16195.61,2866,320
22759,SET OF 3 NOTEBOOKS IN PARCEL,16176.039999999999,9523,795
22619,SET OF 6 SOLDIER SKITTLES,16152.32,4138,705
22635,CHILDS BREAKFAST SET DOLLY GIRL,16093.99,1689,485
21877,HOME SWEET HOME MUG,16083.97,14154,755
22692,DOORMAT WELCOME TO OUR HOME,16024.84,2139,606
22940,FELTCRAFT CHRISTMAS FAIRY,16009.289999999999,3653,586
48111,DOORMAT 3 SMILEY CATS,15951.72,2472,436
22690,DOORMAT HOME SWEET HOME BLUE,15922.33,2540,437
20685,DOOR MAT RED SPOT,15889.75,2485,412
22193,RED DINER WALL CLOCK,15837.480000000001,1871,616
22170,PICTURE FRAME WOOD TRIPLE PORTRAIT,15800.66,2406,575
23313,VINTAGE CHRISTMAS BUNTING,15798.66,2990,401
20750,RED RETROSPOT MINI CASES,15774.96,2150,508
22173,METAL 4 HOOK HANGER FRENCH CHATEAU,15768.95,5137,997
22909,SET OF 20 VINTAGE CHRISTMAS NAPKINS,15760.83,17684,1086
84997D,PINK 3 PIECE MINI DOTS CUTLERY SET,15759.53,4353,447
21217,RED RETROSPOT ROUND CAKE TINS,15747.439999999999,1468,465
22749,FELTCRAFT PRINCESS CHARLOTTE DOLL,15729.83,3855,685
21094,SET/6 RED SPOTTY PAPER PLATES,15723.119999999999,20160,984
21891,TRADITIONAL WOODEN SKIPPING ROPE,15713.0,12249,835
85014B,RED RETROSPOT UMBRELLA,15687.95,2740,484
84378,SET OF 3 HEART COOKIE CUTTERS,15567.38,11761,1248
22730,ALARM CLOCK BAKELIKE IVORY,15534.04,3868,746
22946,WOODEN ADVENT CALENDAR CREAM,15451.32,990,275
82582,AREA PATROLLED METAL SIGN,15426.070000000002,7620,796
84050,PINK HEART SHAPE EGG FRYING PAN,15419.17,10514,715
85014B,RED/WHITE DOTS RUFFLED UMBRELLA,15400.28,3456,416
21165,BEWARE OF THE CAT METAL SIGN,15351.35,9445,966
21975,PACK OF 60 DINOSAUR CAKE CASES,15330.25,31481,1303
84997B,RED 3 PIECE MINI DOTS CUTLERY SET,15324.35,4205,493
35970,ZINC FOLKART SLEIGH BELLS,15177.83,8400,692
17003,BROCADE RING PURSE,14948.75,71394,456
21912,VINTAGE SNAKES & LADDERS,14934.74,3791,828
22606,WOODEN SKITTLES GARDEN SET,14913.84,1071,374
21770,OPEN CLOSED METAL SIGN,14807.300000000001,2991,651
22150,3 STRIPEY MICE FELTCRAFT,14800.449999999999,7948,938
22485,SET OF 2 WOODEN MARKET CRATES,14779.84,1109,419
21217,RED SPOTTY ROUND CAKE TINS,14646.039999999999,1484,463
21380,WOODEN HAPPY BIRTHDAY GARLAND,14643.480000000001,5047,651
22352,LUNCH BOX WITH CUTLERY RETROSPOT,14585.529999999999,5760,886
84997D,CHILDRENS CUTLERY POLKADOT PINK,14493.640000000001,3666,358
21672,WHITE SPOT RED CERAMIC DRAWER KNOB,14479.91,11172,815
21259,VICTORIAN SEWING BOX SMALL,14456.980000000001,2395,655
21955,DOORMAT UNION JACK GUNS AND ROSES,14451.85,2371,401
84997C,BLUE 3 PIECE MINI DOTS CUTLERY SET,14438.97,3970,476
21257,VICTORIAN SEWING BOX MEDIUM,14434.18,1587,532
21169,YOU'RE CONFUSING ME METAL SIGN,14397.69,8924,772
22384,LUNCH BAG PINK RETROSPOT,14391.72,8914,810
22627,MINT KITCHEN SCALES,14356.68,1634,653
84380,SET OF 3 BUTTERFLY COOKIE CUTTERS,14329.03,10533,1114
20748,KENSINGTON COFFEE SET,14317.980000000001,1604,183
22776,SWEETHEART CAKESTAND 3 TIER,14277.699999999999,1430,526
22444,GROW YOUR OWN PLANT IN A CAN,14229.9,10416,453
22109,FULL ENGLISH BREAKFAST PLATE,14197.68,3431,642
23200,JUMBO BAG PEARS,14188.960000000001,7067,595
21098,CHRISTMAS TOILET ROLL,14174.210000000001,9007,596
22271,FELTCRAFT DOLL ROSIE,14156.300000000001,4945,787
21888,BINGO SET,14152.84,3581,825
22236,CAKE STAND 3 TIER MAGIC GARDEN,14109.669999999998,1140,421
22295,HEART FILIGREE DOVE LARGE,14108.199999999999,8547,706
22366,DOORMAT AIRMAIL,14056.46,2106,429
35400,WOODEN BOX ADVENT CALENDAR,13999.1,1435,419
23343,JUMBO BAG VINTAGE CHRISTMAS,13972.710000000001,6078,476
21669,BLUE STRIPE CERAMIC DRAWER KNOB,13971.07,10669,805
21668,RED STRIPE CERAMIC DRAWER KNOB,13958.039999999999,10391,825
22191,IVORY DINER WALL CLOCK,13927.85,1687,500
21871,SAVE THE PLANET MUG,13900.51,11654,779
22621,TRADITIONAL KNITTING NANCY,13847.06,8764,875
21080,SET/20 RED RETROSPOT PAPER NAPKINS,13827.88,16113,1181
79323P,PINK CHERRY LIGHTS,13787.93,2281,265
22636,CHILDS BREAKFAST SET CIRCUS PARADE,13761.73,1657,489
22207,FRYING PAN UNION FLAG,13715.91,3185,480
48116,DOORMAT MULTICOLOUR STRIPE,13709.44,2357,257
22846,BREAD BIN DINER STYLE RED,13699.519999999999,852,344
23077,DOUGHNUT LIP GLOSS,13695.77,10395,344
47556B,TEA TIME TEA TOWELS,13691.02,5201,449
C2,CARRIAGE,13676.0,273,267
21390,FILIGRIS HEART WITH BUTTERFLY,13590.47,10967,588
22356,CHARLOTTE BAG PINK POLKADOT,13543.19,11430,906
21673,WHITE SPOT BLUE CERAMIC DRAWER KNOB,13497.51,10221,763
22553,PLASTERS IN TIN SKULLS,13405.509999999998,8009,1090
21935,SUKI  SHOULDER BAG,13353.81,7209,921
21704,BAG 250g SWIRLY MARBLES,13343.349999999999,17299,568
23356,LOVE HOT WATER BOTTLE,13334.320000000002,2359,476
23207,LUNCH BAG ALPHABET DESIGN,13325.55,7830,740
23108,SET OF 10 LED DOLLY LIGHTS,13290.519999999999,2219,372
22580,ADVENT CALENDAR GINGHAM SACK,13277.720000000001,2338,495
23328,SET 6 SCHOOL MILK BOTTLES IN CRATE,13269.49,2841,405
15044A,PINK PAPER PARASOL,13210.85,4964,250
48187,DOOR MAT NEW ENGLAND,13201.61,2023,464
75049L,LARGE CIRCULAR MIRROR MOBILE,13156.31,13969,344
22646,CERAMIC STRAWBERRY CAKE MONEY BANK,13151.21,9253,880
21906,PHARMACIE FIRST AID TIN,13143.550000000001,1813,424
22655,VINTAGE RED KITCHEN CABINET,13140.0,77,53
22838,3 TIER CAKE TIN RED AND CREAM,13135.96,908,263
22464,HANGING METAL HEART LANTERN,13129.579999999998,7922,784
22947,WOODEN ADVENT CALENDAR RED,13111.85,1026,209
22088,PAPER BUNTING COLOURED LACE,13103.44,4407,619
22766,PHOTO FRAME CORNICE,13094.44,4436,640
21216,"SET 3 RETROSPOT TEA,COFFEE,SUGAR",13079.94,2440,498
48129,DOORMAT TOPIARY,13071.59,2105,337
84988,SET OF 72 PINK HEART PAPER DOILIES,13059.199999999999,8393,1019
22144,CHRISTMAS CRAFT LITTLE FRIENDS,12994.69,5368,704
22584,PACK OF 6 PANNETONE GIFT BOXES,12879.16,5038,571
21156,RETROSPOT CHILDRENS APRON,12809.13,6885,634
22943,CHRISTMAS LIGHTS 10 VINTAGE BAUBLES,12783.82,2601,356
22804,CANDLEHOLDER PINK HANGING HEART,12749.92,4497,594
22616,PACK OF 12 LONDON TISSUES,12747.23,40106,825
22365,DOORMAT RESPECTABLE HOUSE,12738.24,1976,320
22303,COFFEE MUG APPLES DESIGN,12701.63,5439,540
22623,BOX OF VINTAGE JIGSAW BLOCKS,12665.58,2353,541
22834,HAND WARMER BABUSHKA DESIGN,12664.95,7533,592
22082,RIBBON REEL STRIPES DESIGN,12504.77,7427,957
15056P,EDWARDIAN PARASOL PINK,12479.470000000001,2526,344
21535,RED RETROSPOT SMALL MILK JUG,12461.49,5059,814
62018,SOMBRERO,12456.7,9570,127
21671,RED SPOT CERAMIC DRAWER KNOB,12426.88,9552,727
22301,COFFEE MUG CAT + BIRD DESIGN,12399.66,5104,643
22631,CIRCUS PARADE LUNCH BOX,12366.06,6326,662
85014A,BLACK/BLUE DOTS RUFFLED UMBRELLA,12363.970000000001,2967,302
23174,REGENCY SUGAR BOWL GREEN,12342.43,3055,322
20969,RED FLORAL FELTCRAFT SHOULDER BAG,12300.1,3290,613
22192,BLUE DINER WALL CLOCK,12274.76,1444,543
22729,ALARM CLOCK BAKELIKE ORANGE,12253.88,3093,612
85042,ANTIQUE LILY FAIRY LIGHTS,12234.56,2685,292
22791,T-LIGHT GLASS FLUTED ANTIQUE,12211.710000000001,9846,434
21080,SET/20 RED SPOTTY PAPER NAPKINS,12185.39,15688,942
21670,BLUE SPOT CERAMIC DRAWER KNOB,12183.789999999999,8918,767
21937,STRAWBERRY   PICNIC BAG,12091.96,4114,657
22750,FELTCRAFT PRINCESS LOLA DOLL,12035.22,3214,647
21428,SET3 BOOK BOX GREEN GINGHAM FLOWER,11975.93,2935,465
84212,"ASSORTED FLOWER COLOUR ""LEIS""",11962.14,24795,277
22968,ROSE COTTAGE KEEPSAKE BOX,11952.26,1194,306
84987,SET OF 36 TEATIME PAPER DOILIES,11890.9,8150,812
21326,AGED GLASS SILVER T-LIGHT HOLDER,11886.68,18224,643
22198,LARGE POPCORN HOLDER,11884.619999999999,6785,554
22637,PIGGY BANK RETROSPOT,11882.33,4611,598
22488,NATURAL SLATE RECTANGLE CHALKBOARD,11874.22,6951,808
22468,BABUSHKA LIGHTS STRING OF 10,11846.630000000001,1777,413
47567B,TEA TIME KITCHEN APRON,11814.990000000002,2187,348
23300,GARDENERS KNEELING PAD CUP OF TEA,11785.99,6809,758
21260,FIRST AID TIN,11775.68,3577,534
22508,DOORSTOP RETROSPOT HEART,11750.29,2923,697
20750,RED/WHITE DOT MINI CASES,11748.16,1622,401
21429,RED GINGHAM ROSE JEWELLERY BOX,11743.529999999999,6568,997
22795,SWEETHEART RECIPE BOOK STAND,11697.31,1661,498
22151,PLACE SETTING WHITE HEART,11692.69,27749,716
22988,SOLDIERS EGG CUP,11673.720000000001,9684,446
21485,RED SPOT HEART HOT WATER BOTTLE,11670.66,2425,455
22367,CHILDRENS APRON SPACEBOY DESIGN,11648.039999999999,5828,846
22649,STRAWBERRY FAIRY CAKE TEAPOT,11618.92,2309,482
23581,JUMBO BAG PAISLEY PARK,11581.83,5020,338
37370,RETRO COFFEE MUGS ASSORTED,11549.06,7478,492
48185,DOOR MAT FAIRY CAKE,11532.31,1727,386
22694,WICKER STAR,11532.0,5115,858
22663,JUMBO BAG DOLLY GIRL DESIGN,11527.83,5791,688
21735,TWO DOOR CURIO CABINET,11503.15,887,262
22768,FAMILY PHOTO FRAME CORNICE,11464.16,1195,354
21172,PARTY METAL SIGN,11461.769999999999,7738,971
22844,VINTAGE CREAM DOG FOOD CONTAINER,11395.08,1201,489
21868,POTTING SHED TEA MUG,11383.72,9235,881
47591D,PINK FAIRY CAKE CHILDRENS APRON,11346.05,6075,751
47599A,PINK PARTY BAGS,11342.28,6043,369
22620,4 TRADITIONAL SPINNING TOPS,11325.05,8347,841
22667,RECIPE BOX RETROSPOT,11319.45,4031,670
21922,UNION STRIPE WITH FRINGE  HAMMOCK,11273.970000000001,1449,388
72351B,SET/6 PINK  BUTTERFLY T-LIGHTS,11260.54,5816,499
22417,PACK OF 60 SPACEBOY CAKE CASES,11250.09,21625,1103
22130,PARTY CONE CHRISTMAS DECORATION,11244.119999999999,9918,424
21833,CAMOUFLAGE LED TORCH,11208.35,6557,444
21155,RED RETROSPOT PEG BAG,11192.52,4064,605
21844,RED RETROSPOT MUG,11175.310000000001,3949,340
23170,REGENCY TEA PLATE ROSES,11097.249999999998,6857,445
20828,GLITTER BUTTERFLY CLIPS,11062.76,4468,607
B,Adjust bad debt,11062.06,1,1
22179,SET 10 LIGHTS NIGHT OWL,11045.02,1588,396
21907,I'M ON HOLIDAY METAL SIGN,11022.230000000001,5242,771
21210,SET OF 72 RETROSPOT PAPER  DOILIES,10999.16,7572,607
22174,PHOTO CUBE,10993.4,5423,557
21035,SET/2 RED RETROSPOT TEA TOWELS,10991.2,3420,503
22904,CALENDAR PAPER CUT DESIGN,10955.84,3516,463
21210,SET OF 72 RETRO SPOT PAPER  DOILIES,10949.4,7671,554
21121,SET/10 RED POLKADOT PARTY CANDLES,10939.81,9078,485
21086,SET/6 RED SPOTTY PAPER CUPS,10939.75,16887,843
22668,PINK BABY BUNTING,10933.51,3593,579
22274,FELTCRAFT DOLL EMILY,10926.5,3818,656
22812,PACK 3 BOXES CHRISTMAS PANNETONE,10917.199999999999,4973,438
22950,36 DOILIES VINTAGE CHRISTMAS,10823.97,7851,342
23209,LUNCH BAG VINTAGE DOILY,10797.0,6548,601
22418,10 COLOUR SPACEBOY PEN,10769.92,12706,585
22064,PINK DOUGHNUT TRINKET POT,10737.109999999999,6678,693
21624,VINTAGE UNION JACK DOORSTOP,10712.55,1783,403
21974,SET OF 36 PAISLEY FLOWER DOILIES,10656.3,7059,808
21890,S/6 WOODEN SKITTLES IN COTTON BAG,10625.75,3538,547
22725,ALARM CLOCK BAKELIKE CHOCOLATE,10593.95,2580,549
22740,POLKADOT PEN,10569.089999999998,12332,275
21524,DOOR MAT SPOTTY HOME SWEET HOME,10563.06,1772,286
48111,DOOR MAT 3 SMILEY CATS,10532.27,1829,284
23209,LUNCH BAG DOILEY PATTERN,10502.19,6551,492
21982,PACK OF 12 SUKI TISSUES,10495.89,32371,718
22302,COFFEE MUG PEARS  DESIGN,10492.449999999999,4926,396
22966,GINGERBREAD MAN COOKIE CUTTER,10480.130000000001,8486,732
23208,LUNCH BAG VINTAGE LEAF DESIGN,10441.91,6308,668
22381,TOY TIDY PINK POLKADOT,10430.54,4889,589
22120,WELCOME  WOODEN BLOCK LETTERS,10404.22,1026,367
22748,POPPY'S PLAYHOUSE KITCHEN,10396.69,4245,742
22992,REVOLVER WOODEN RULER,10373.99,5233,348
22645,CERAMIC HEART FAIRY CAKE MONEY BANK,10365.89,5706,736
22771,CLEAR DRAWER KNOB ACRYLIC EDWARDIAN,10352.19,7642,511
21892,TRADITIONAL WOODEN CATCH CUP GAME,10346.57,7953,818
22089,PAPER BUNTING VINTAGE PAISLEY,10329.91,3514,552
84997B,CHILDRENS CUTLERY RETROSPOT RED,10316.86,2634,262
48194,DOOR MAT HEARTS,10298.44,1700,316
84880,WHITE WIRE EGG HOLDER,10275.26,1802,375
22380,TOY TIDY SPACEBOY,10274.42,4985,688
21488,RED WHITE SCARF  HOT WATER BOTTLE,10266.230000000001,2443,359
84792,ENCHANTED BIRD COATHANGER 5 HOOK,10259.050000000001,2325,519
21033,JUMBO BAG CHARLIE AND LOLA TOYS,10240.04,4623,573
20724,RED SPOTTY CHARLOTTE BAG,10231.44,11534,780
21756,BATH BUILDING BLOCK WORD,10222.16,1655,581
21781,MA CAMPAGNE CUTLERY BOX,10215.42,661,363
23582,VINTAGE DOILY JUMBO BAG RED,10206.41,4802,259
84997C,CHILDRENS CUTLERY POLKADOT BLUE,10150.76,2582,233
21558,SKULL LUNCH BOX WITH CUTLERY,10149.05,3946,703
22970,LONDON BUS COFFEE MUG,10140.6,4334,317
22300,COFFEE MUG DOG + BALL DESIGN,10095.199999999999,4191,526
22429,ENAMEL MEASURING JUG CREAM,10056.39,2325,625
22327,ROUND SNACK BOXES SET OF 4 SKULLS,10054.49,3095,646
23171,REGENCY TEA PLATE GREEN,10051.99,6247,381
22131,FOOD CONTAINER SET 3 LOVE HEART,10045.14,5304,692
84997D,PINK 3 PIECE POLKADOT CUTLERY SET,9997.81,2727,280
22745,POPPY'S PLAYHOUSE BEDROOM,9993.66,4073,703
22549,PICTURE DOMINOES,9968.06,6680,711
23076,ICE CREAM SUNDAE LIP GLOSS,9935.76,8076,277
79000,MOROCCAN TEA GLASS,9909.52,12174,436
22942,CHRISTMAS LIGHTS 10 SANTAS,9899.68,1271,246
20829,GLITTER HANGING BUTTERFLY STRING,9875.44,4842,481
85232B,SET/3 RUSSIAN DOLL STACKING TINS,9867.140000000001,1968,371
22665,RECIPE BOX BLUE SKETCHBOOK DESIGN,9843.730000000001,3022,703
22840,ROUND CAKE TIN VINTAGE RED,9842.25,1289,392
16014,SMALL CHINESE STYLE SCISSOR,9839.4,30370,93
48184,DOOR MAT ENGLISH ROSE,9816.33,1481,325
23240,SET OF 4 KNICK KNACK TINS DOILY,9726.480000000001,2352,353
22767,TRIPLE PHOTO FRAME CORNICE,9667.76,1022,295
47570B,TEA TIME TABLE CLOTH,9664.87,977,224
85014A,BLACK/BLUE POLKADOT UMBRELLA,9660.53,1693,382
82552,WASHROOM METAL SIGN,9645.67,7036,794
35961,FOLKART ZINC HEART CHRISTMAS DEC,9632.63,11521,637
21539,RED RETROSPOT BUTTER DISH,9626.57,1900,536
20970,PINK FLORAL FELTCRAFT SHOULDER BAG,9617.0,2543,574
23175,REGENCY MILK JUG PINK,9587.15,3160,329
82001S,VINYL RECORD FRAME SILVER,9579.11,2669,204
84030E,ENGLISH ROSE HOT WATER BOTTLE,9566.01,2238,485
22978,PANTRY ROLLING PIN,9564.98,2464,238
85099B,RED RETROSPOT JUMBO BAG,9563.89,5417,210
22381,TOY TIDY PINK RETROSPOT,9529.53,4553,511
84692,BOX OF 24 COCKTAIL PARASOLS,9514.94,19430,1122
21716,BOYS VINTAGE TIN SEASIDE BUCKET,9490.94,3734,496
22121,NOEL WOODEN BLOCK LETTERS,9482.730000000001,1529,438
22357,KINGS CHOICE BISCUIT TIN,9445.82,2092,462
21385,IVORY HANGING DECORATION  HEART,9440.949999999999,10918,690
21658,GLASS  BEURRE DISH,9434.45,2257,519
84032A,CHARLIE+LOLA PINK HOT WATER BOTTLE,9406.970000000001,3420,662
22219,LOVEBIRD HANGING DECORATION WHITE,9403.859999999999,9906,1149
21745,GAOLERS KEYS DECORATIVE GARDEN,9321.32,2732,486
84997B,RED 3 PIECE RETROSPOT CUTLERY SET,9308.35,2539,264
22195,LARGE HEART MEASURING SPOONS,9301.5,5185,806
22656,VINTAGE BLUE KITCHEN CABINET,9290.0,45,37
22741,FUNKY DIVA PEN,9248.689999999999,10721,292
22141,CHRISTMAS CRAFT TREE TOP ANGEL,9235.810000000001,3785,572
20747,PICCADILLY TEA SET,9224.92,683,108
23319,BOX OF 6 MINI 50'S CRACKERS,9219.53,3720,403
22110,BIRD HOUSE HOT WATER BOTTLE,9206.87,2726,512
51008,AFGHAN SLIPPER SOCK PAIR,9179.25,2865,80
22371,AIRLINE BAG VINTAGE TOKYO 78,9178.51,1867,684
21777,RECIPE BOX WITH METAL HEART,9170.91,1138,367
23318,BOX OF 6 MINI VINTAGE CRACKERS,9162.41,3809,376
21933,PINK VINTAGE PAISLEY PICNIC BAG,9161.4,4139,625
22839,3 TIER CAKE TIN GREEN AND CREAM,9152.34,582,256
23080,RED METAL BOX TOP SECRET,9117.62,1074,257
22333,RETROSPOT PARTY BAG + STICKER SET,9083.49,5783,409
21715,GIRLS VINTAGE TIN SEASIDE BUCKET,9017.8,3564,487
21985,PACK OF 12 HEARTS DESIGN TISSUES,9015.56,25648,919
22989,SET 2 PANTRY DESIGN TEA TOWELS,8999.27,2811,372
20718,RED RETROSPOT SHOPPER BAG,8966.91,6423,696
20974,12 PENCILS SMALL TUBE SKULL,8883.54,13493,822
23322,LARGE WHITE HEART OF WICKER,8878.210000000001,3069,562
22215,CAKE STAND WHITE TWO TIER LACE,8869.43,1092,359
23439,HAND WARMER RED LOVE HEART,8855.51,3986,397
22212,FOUR HOOK  WHITE LOVEBIRDS,8839.880000000001,4100,828
22466,FAIRY TALE COTTAGE NIGHTLIGHT,8827.18,4900,279
22895,SET OF 2 TEA TOWELS APPLE AND PEARS,8787.220000000001,2886,411
20718,RED SPOTTY SHOPPER BAG,8763.09,7058,517
84839,SWEETHEART KEY CABINET,8747.05,1523,393
85049E,SCANDINAVIAN REDS RIBBONS,8733.76,6511,830
22751,FELTCRAFT PRINCESS OLIVIA DOLL,8690.2,2325,466
72807C,SET/3 VANILLA SCENTED CANDLE IN BOX,8663.24,2018,345
21135,VICTORIAN  METAL POSTCARD SPRING,8656.81,6038,405
21381,MINI WOODEN HAPPY BIRTHDAY GARLAND,8634.699999999999,5140,532
22283,6 EGG HOUSE PAINTED WOOD,8628.95,1042,382
21769,VINTAGE POST OFFICE CABINET,8562.52,134,48
23082,SET 6 PAPER TABLE LANTERN HEARTS,8558.76,2328,297
23078,ICE CREAM PEN LIP GLOSS,8553.34,6831,257
22358,KINGS CHOICE TEA CADDY,8541.25,2687,605
21932,SCANDINAVIAN PAISLEY PICNIC BAG,8539.92,3884,649
21186,WHITE DOVE HONEYCOMB PAPER GARLAND,8532.17,5272,369
22078,RIBBON REEL LACE DESIGN,8519.26,4015,480
23256,CHILDRENS CUTLERY SPACEBOY,8517.67,2077,360
22079,RIBBON REEL HEARTS DESIGN,8510.14,5054,684
23493,VINTAGE DOILY TRAVEL SEWING KIT,8497.98,3964,415
21411,GINGHAM HEART  DOORSTOP RED,8493.04,2118,624
79323LP,LIGHT PINK CHERRY LIGHTS,8481.19,1433,170
23321,SMALL WHITE HEART OF WICKER,8438.539999999999,4716,629
48188,DOOR MAT WELCOME PUPPIES,8429.7,1458,270
21874,GIN AND TONIC MUG,8424.34,6467,617
21533,RETRO SPOT LARGE MILK JUG,8420.28,1687,516
22628,PICNIC BOXES SET OF 3 RETROSPOT,8408.48,1748,350
22275,WEEKEND BAG VINTAGE ROSE PAISLEY,8403.18,1015,313
21122,SET/10 PINK POLKADOT PARTY CANDLES,8397.9,6935,420
21934,SKULL SHOULDER BAG,8394.72,4643,725
21533,RETROSPOT LARGE MILK JUG,8394.09,1698,438
21787,RAIN PONCHO RETROSPOT,8393.39,10457,308
22329,ROUND CONTAINER SET OF 5 RETROSPOT,8389.5,5129,607
22689,DOORMAT MERRY CHRISTMAS RED,8382.62,1094,264
84997C,BLUE 3 PIECE POLKADOT CUTLERY SET,8353.130000000001,2300,242
85049A,TRADITIONAL CHRISTMAS RIBBONS,8351.15,6328,667
22738,RIBBON REEL SNOWY VILLAGE,8347.89,4615,498
21154,RED RETROSPOT OVEN GLOVE,8321.85,5580,564
85067,CREAM SWEETHEART WALL CABINET,8309.69,502,175
85064,CREAM SWEETHEART LETTER RACK,8305.210000000001,1785,279
21523,DOOR MAT FANCY FONT HOME SWEET HOME,8238.8,1178,245
22504,CABIN BAG VINTAGE RETROSPOT,8224.63,374,115
84032B,CHARLIE + LOLA RED HOT WATER BOTTLE,8210.390000000001,3424,601
22796,PHOTO FRAME 3 CLASSIC HANGING,8183.639999999999,819,316
22055,MINI CAKE STAND  HANGING STRAWBERY,8179.19,4925,724
82551,LAUNDRY 15C METAL SIGN,8162.4,5689,751
22890,NOVELTY BISCUITS CAKE STAND 3 TIER,8143.82,832,260
21116,OWL DOORSTOP,8094.27,1385,534
21115,ROSE CARAVAN DOORSTOP,8046.38,1257,431
22592,CARDHOLDER HOLLY WREATH METAL,8035.83,1999,304
21870,I CAN ONLY PLEASE ONE PERSON MUG,7999.28,6377,630
21121,SET/10 RED SPOTTY PARTY CANDLES,7990.77,6561,388
21035,SET/2 RED SPOTTY TEA TOWELS,7960.570000000001,2659,426
21875,KINGS CHOICE MUG,7946.070000000001,6854,414
21527,RETRO SPOT TRADITIONAL TEAPOT,7937.910000000001,1008,261
21531,RED RETROSPOT SUGAR JAM BOWL,7936.63,3213,580
22784,LANTERN CREAM GAZEBO,7934.570000000001,1588,369
21976,PACK OF 60 MUSHROOM CAKE CASES,7905.88,14745,950
22809,SET OF 6 T-LIGHTS SANTA,7862.400000000001,2632,379
22165,"DIAMANTE HEART SHAPED WALL MIRROR,",7844.22,991,272
20717,STRAWBERRY SHOPPER BAG,7834.73,6337,757
21110,LARGE CAKE TOWEL PINK SPOTS,7824.08,1651,329
22669,RED BABY BUNTING,7823.62,2434,438
84568,GIRLS ALPHABET IRON ON PATCHES,7817.91,37134,310
22550,HOLIDAY FUN LUDO,7813.46,2085,425
22588,CARD HOLDER GINGHAM HEART,7808.679999999999,2816,481
23238,SET OF 4 KNICK KNACK TINS LONDON,7771.610000000001,1849,274
20685,DOORMAT RED SPOT,7765.42,1086,205
23204,CHARLOTTE BAG APPLES DESIGN,7741.94,7976,583
23007,SPACEBOY BABY GIFT SET,7741.749999999999,498,184
22493,PAINT YOUR OWN CANVAS SET,7738.889999999999,4810,418
22798,ANTIQUE GLASS DRESSING TABLE POT,7737.46,2486,356
22945,CHRISTMAS METAL TAGS ASSORTED,7696.69,7827,338
21361,LOVE LARGE WOOD LETTERS,7660.82,580,286
22779,WOODEN OWLS LIGHT GARLAND,7649.639999999999,2020,193
22224,WHITE LOVEBIRD LANTERN,7634.200000000001,2403,401
22528,GARDENERS KNEELING PAD,7626.77,5825,554
22360,GLASS JAR ENGLISH CONFECTIONERY,7624.1,2523,424
20676,RED RETROSPOT BOWL,7618.97,5991,544
22489,PACK OF 12 TRADITIONAL CRAYONS,7607.099999999999,18050,785
22991,GIRAFFE WOODEN RULER,7604.889999999999,3887,274
21463,MIRRORED DISCO BALL,7593.76,1370,302
22349,DOG BOWL CHASING BALL DESIGN,7593.74,1831,230
20685,RED SPOTTY COIR DOORMAT,7563.34,1174,208
82580,BATHROOM METAL SIGN,7545.160000000001,13376,1336
85065,CREAM SWEETHEART TRAYS,7524.44,620,256
11001,ASSTD DESIGN RACING CAR PEN,7504.9,4882,251
22465,HANGING METAL STAR LANTERN,7499.4,4636,461
85174,S/4 CACTI CANDLES,7491.04,1521,357
21876,POTTERING MUG,7460.09,5718,623
22813,PACK 3 BOXES BIRD PANNETONE,7413.589999999999,3827,342
72351A,SET/6 TURQUOISE BUTTERFLY T-LIGHTS,7408.59,3746,399
22282,12 EGG HOUSE PAINTED WOOD,7406.65,565,216
21216,"SET 3 RED SPOT TIN TEA,COFFEE,SUGAR",7404.09,1500,304
22644,CERAMIC CHERRY CAKE MONEY BANK,7400.99,5060,610
21114,LAVENDER SCENTED FABRIC HEART,7399.66,5733,494
22626,BLACK KITCHEN SCALES,7379.96,861,339
21737,SET 3 WICKER LOG BASKETS,7362.66,398,164
23382,BOX OF 6 CHRISTMAS CAKE DECORATIONS,7356.18,1875,220
22907,PACK OF 20 NAPKINS PANTRY DESIGN,7314.69,8727,829
22567,20 DOLLY PEGS RETROSPOT,7277.12,5784,506
22781,GUMBALL MAGAZINE RACK,7251.77,889,307
23083,SET 6 PAPER TABLE LANTERN STARS,7250.900000000001,1932,246
22577,WOODEN HEART CHRISTMAS SCANDINAVIAN,7249.289999999999,14124,831
23240,SET OF 4 KNICK KNACK TINS DOILEY,7248.79,1819,182
21625,VINTAGE UNION JACK APRON,7234.87,1007,334
22618,COOKING SET RETROSPOT,7203.25,740,242
21981,PACK OF 12 WOODLAND TISSUES,7200.23,26425,553
21700,BIG DOUGHNUT FRIDGE MAGNETS,7177.8099999999995,6421,525
22187,GREEN CHRISTMAS TREE CARD HOLDER,7113.5,2158,364
37450,CERAMIC CAKE BOWL + HANGING CAKES,7105.79,2467,391
48173C,DOOR MAT BLACK FLOCK,7100.21,1233,180
10002,INFLATABLE POLITICAL GLOBE,7093.65,8831,362
48116,DOOR MAT MULTICOLOUR STRIPE,7078.28,1102,239
21984,PACK OF 12 PINK PAISLEY TISSUES,7070.67,25487,432
23320,GIANT 50'S CHRISTMAS CRACKER,7053.57,2661,333
21107,CREAM SLICE FLANNEL PINK SPOT,7042.950000000001,2452,313
22810,SET OF 6 T-LIGHTS SNOWMEN,7041.93,2295,328
22243,5 HOOK HANGER RED MAGIC TOADSTOOL,7040.61,4579,213
23215,JINGLE BELL HEART ANTIQUE SILVER,7038.400000000001,3564,210
22029,SPACEBOY BIRTHDAY CARD,7016.53,16976,1034
21992,VINTAGE PAISLEY STATIONERY SET,7014.97,3423,656
21497,FANCY FONTS BIRTHDAY WRAP,7009.5,17575,485
22938,CUPCAKE LACE PAPER SET 6,7006.299999999999,3746,273
21903,MAN FLU METAL SIGN,7001.39,3468,407
23293,SET OF 12 FAIRY CAKE BAKING CASES,6989.54,8471,552
22563,HAPPY STENCIL CRAFT,6978.860000000001,5985,533
20975,12 PENCILS SMALL TUBE RED RETROSPOT,6977.700000000001,10449,535
22780,LIGHT GARLAND BUTTERFILES PINK,6954.88,1848,179
84997A,GREEN 3 PIECE MINI DOTS CUTLERY SET,6948.650000000001,1918,238
22498,WOODEN REGATTA BUNTING,6939.6900000000005,1136,381
35004B,SET OF 3 BLACK FLYING DUCKS,6932.150000000001,1500,275
37448,CERAMIC CAKE DESIGN SPOTTED MUG,6931.509999999999,4619,528
22377,BOTTLE BAG RETROSPOT,6931.48,3621,435
21563,RED HEART SHAPE LOVE BUCKET,6925.89,2800,362
20973,12 PENCIL SMALL TUBE WOODLAND,6918.120000000001,10047,658
22378,WALL TIDY RETROSPOT,6909.82,3776,546
22085,PAPER CHAIN KIT SKULLS,6904.52,2545,230
22311,OFFICE MUG WARMER BLACK+SILVER,6897.35,2145,300
22220,CAKE STAND LOVEBIRD 2 TIER WHITE,6895.389999999999,746,270
21122,SET/10 PINK SPOTTY PARTY CANDLES,6882.16,5666,387
85220,SMALL FAIRY CAKE FRIDGE MAGNETS,6875.0,12236,5
37500,TEA TIME TEAPOT IN GIFT BOX,6869.719999999999,887,263
84997A,CHILDRENS CUTLERY POLKADOT GREEN,6864.42,1728,186
22431,WATERING CAN BLUE ELEPHANT,6859.179999999999,3403,620
47502,POLKADOT CUTLERY 24 PCS IN TRAY,6855.75,640,79
22354,RETROSPOT PADDED SEAT CUSHION,6844.38,1782,224
22746,POPPY'S PLAYHOUSE LIVINGROOM,6831.620000000001,2966,564
22430,ENAMEL WATERING CAN CREAM,6831.49,1408,356
47599B,BLUE PARTY BAGS,6820.04,3567,286
22575,METAL MERRY CHRISTMAS WREATH,6816.0,3168,330
21989,PACK OF 20 SKULL PAPER NAPKINS,6811.83,8571,654
23297,SET 40 HEART SHAPE PETIT FOUR CASES,6792.23,4303,161
85175,CACTI T-LIGHT CANDLES,6774.78,15842,442
23541,WALL ART CLASSIC PUDDINGS,6762.71,864,150
21768,WALL MOUNTED VINTAGE ORGANISER,6756.09,497,163
23254,CHILDRENS CUTLERY DOLLY GIRL,6753.71,1667,291
22221,CAKE STAND LOVEBIRD 2 TIER PINK,6722.71,906,156
23008,DOLLY GIRL BABY GIFT SET,6719.61,433,133
23480,MINI LIGHTS WOODLAND MUSHROOMS,6719.14,1798,215
22526,WHEELBARROW FOR CHILDREN,6715.16,545,207
22661,CHARLOTTE BAG DOLLY GIRL DESIGN,6703.349999999999,8287,631
22432,WATERING CAN PINK BUNNY,6690.709999999999,3507,511
48129,DOOR MAT TOPIARY,6681.38,1040,206
23247,BISCUIT TIN 50'S CHRISTMAS,6681.25,2194,309
22845,VINTAGE CREAM CAT FOOD CONTAINER,6673.5599999999995,980,386
85014D,PINK/BROWN DOTS RUFFLED UMBRELLA,6664.45,1918,90
85047,WHITE BEADED GARLAND STRING 20LIGHT,6664.329999999999,1051,236
21494,ROTATING LEAVES T-LIGHT HOLDER,6663.08,3926,501
85068,CREAM SWEETHEART SHELF + HOOKS,6647.24,960,197
22142,CHRISTMAS CRAFT WHITE FAIRY,6618.19,4406,503
16156S,WRAP PINK FAIRY CAKES,6600.62,16761,419
79067,CORONA MEXICAN TRAY,6590.08,1661,396
22072,RED RETROSPOT TEA CUP AND SAUCER,6582.17,1763,374
22833,HALL CABINET WITH 3 DRAWERS,6567.169999999999,193,13
ADJUST,Adjustment by john on 26/01/2010 17,6563.5,16,16
21201,TROPICAL  HONEYCOMB PAPER GARLAND,6555.37,2755,235
15060B,FAIRY CAKE DESIGN UMBRELLA,6554.83,1437,449
22332,SKULLS PARTY BAG + STICKER SET,6551.9,4177,381
23229,VINTAGE DONKEY TAIL GAME,6550.17,1815,252
22739,RIBBON REEL CHRISTMAS SOCK BAUBLE,6547.26,3459,555
22364,GLASS JAR DIGESTIVE BISCUITS,6531.1,2061,340
85062,PEARL CRYSTAL PUMPKIN T-LIGHT HLDR,6509.549999999999,3971,342
23311,VINTAGE CHRISTMAS STOCKING,6488.2,2390,344
22148,EASTER CRAFT 4 CHICKS,6480.29,3237,299
22596,CHRISTMAS STAR WISH LIST CHALKBOARD,6471.2,6331,438
23103,JINGLE BELL HEART DECORATION,6459.159999999999,3820,356
22414,DOORMAT NEIGHBOURHOOD WITCH,6457.9800000000005,1096,169
22065,CHRISTMAS PUDDING TRINKET POT,6457.96,8738,456
82486,3 DRAWER ANTIQUE WHITE WOOD CABINET,6457.94,734,202
22578,WOODEN STAR CHRISTMAS SCANDINAVIAN,6457.94,13338,766
21242,RED RETROSPOT PLATE,6456.2,3770,368
47559B,TEA TIME OVEN GLOVE,6455.54,5221,701
23553,LANDMARK FRAME CAMDEN TOWN,6444.65,568,68
22783,SET 3 WICKER OVAL BASKETS W LIDS,6443.95,489,45
23134,LARGE ZINC HEART WALL ORGANISER,6431.110000000001,1065,38
23571,TRADITIONAL NAUGHTS & CROSSES,6406.91,2841,257
22979,PANTRY WASHING UP BRUSH,6391.82,4090,381
22063,CERAMIC BOWL WITH STRAWBERRY DESIGN,6391.46,2315,356
22582,PACK OF 6 SWEETIE GIFT BOXES,6380.71,2540,295
84520B,PACK 20 ENGLISH ROSE PAPER NAPKINS,6378.37,7452,722
23307,SET OF 60 PANTRY DESIGN CAKE CASES,6371.89,12049,629
22827,RUSTIC  SEVENTEEN DRAWER SIDEBOARD,6365.0,41,29
22906,12 MESSAGE CARDS WITH ENVELOPES,6362.639999999999,3443,445
21746,SMALL RED RETROSPOT WINDMILL,6360.68,5117,412
22460,EMBOSSED GLASS TEALIGHT HOLDER,6356.45,4821,376
23172,REGENCY TEA PLATE PINK,6344.409999999999,3861,305
47591D,PINK FAIRY CAKE CHILD'S APRON,6339.17,3438,389
22830,UTILTY CABINET WITH HOOKS,6324.05,309,18
84884A,ANT WHITE WIRE HEART SPIRAL,6312.62,1722,312
22435,SET OF 9 HEART SHAPED BALLOONS,6296.49,5002,537
22849,BREAD BIN DINER STYLE MINT,6286.98,400,158
22278,OVERNIGHT BAG VINTAGE ROSE PAISLEY,6277.16,1063,383
21124,SET/10 BLUE POLKADOT PARTY CANDLES,6275.85,5183,308
22185,SLATE TILE NATURAL HANGING,6269.329999999999,3922,462
22848,BREAD BIN DINER STYLE PINK,6265.15,390,148
22196,SMALL HEART MEASURING SPOONS,6260.0,6701,980
22855,FINE WICKER HEART,6257.8,5007,427
20754,RETRO RED SPOTTY WASHING UP GLOVES,6257.39,3139,420
22898,CHILDRENS APRON APPLES DESIGN,6253.22,2958,445
72802C,VANILLA SCENT CANDLE JEWELLED BOX,6242.94,2226,269
84832,ZINC WILLIE WINKIE  CANDLE STICK,6228.98,6883,630
21730,GLASS STAR FROSTED T-LIGHT HOLDER,6228.89,1269,293
85178,VICTORIAN SEWING KIT,6212.07,5623,313
22826,LOVE SEAT ANTIQUE WHITE METAL,6210.0,58,41
22222,CAKE PLATE LOVEBIRD WHITE,6205.39,1498,403
21078,SET/20 STRAWBERRY PAPER NAPKINS,6200.639999999999,7227,741
21714,CITRONELLA CANDLE GARDEN POT,6188.66,4286,522
21586,KINGS CHOICE GIANT TUBE MATCHES,6185.85,2657,238
23169,CLASSIC GLASS COOKIE JAR,6183.39,1437,300
21591,COSY HOUR CIGAR BOX MATCHES,6135.58,4084,365
22331,WOODLAND PARTY BAG + STICKER SET,6135.5,3732,437
21667,GLASS CAKE COVER AND PLATE,6126.25,354,163
23192,BUNDLE OF 3 ALPHABET EXERCISE BOOKS,6114.24,3516,345
20751,FUNKY WASHING UP GLOVES ASSORTED,6103.080000000001,2875,471
23118,PARISIENNE JEWELLERY DRAWER,6102.18,813,258
20979,36 PENCILS TUBE RED RETROSPOT,6090.95,4818,434
22737,RIBBON REEL CHRISTMAS PRESENT,6077.2699999999995,3379,493
21918,SET 12 KIDS COLOUR  CHALK STICKS,6077.099999999999,14730,788
22361,GLASS JAR DAISY FRESH COTTON WOOL,6074.67,1852,496
22772,PINK DRAWER KNOB ACRYLIC EDWARDIAN,6067.61,4480,313
22491,PACK OF 12 COLOURED PENCILS,6056.82,7541,390
85038,6 CHOCOLATE LOVE HEART T-LIGHTS,6040.84,2897,382
23534,WALL ART STOP FOR TEA,6036.2,869,219
21832,CHOCOLATE CALCULATOR,6020.99,3431,459
21407,BROWN CHECK CAT DOORSTOP,6002.09,1314,453
23296,SET OF 6 TEA TIME BAKING CASES,5985.55,4979,378
21980,PACK OF 12 RED SPOTTY TISSUES,5981.8099999999995,22721,271
21124,SET/10 BLUE SPOTTY PARTY CANDLES,5966.95,4901,321
23312,VINTAGE CHRISTMAS GIFT SACK,5964.150000000001,1423,214
21452,TOADSTOOL MONEY BOX,5960.76,1944,408
22964,3 PIECE SPACEBOY COOKIE CUTTER SET,5957.85,2849,408
23535,WALL ART BICYCLE SAFETY,5954.15,845,173
23052,RECYCLED ACAPULCO MAT TURQUOISE,5949.34,654,278
22348,TEA BAG PLATE RED SPOTTY,5934.19,7126,465
22841,ROUND CAKE TIN VINTAGE GREEN,5915.68,756,302
21313,GLASS HEART T-LIGHT HOLDER,5903.599999999999,6862,415
22660,DOORMAT I LOVE LONDON,5901.54,888,194
21561,DINOSAUR LUNCH BOX WITH CUTLERY,5896.92,2407,409
22441,GROW YOUR OWN BASIL IN ENAMEL MUG,5891.31,2717,472
21498,RED RETROSPOT WRAP,5884.42,14451,440
85132C,CHARLIE AND LOLA FIGURES TINS,5881.19,2069,302
84997A,GREEN 3 PIECE POLKADOT CUTLERY SET,5880.25,1616,165
23113,PANTRY CHOPPING BOARD,5868.5,1154,57
22595,CHRISTMAS GINGHAM HEART,5849.69,6869,383
22971,QUEENS GUARD COFFEE MUG,5849.29,2431,272
22200,FRYING PAN PINK POLKADOT,5848.64,1310,354
21988,PACK OF 6 SKULL PAPER PLATES,5847.83,7854,416
23485,BOTANICAL GARDENS WALL CLOCK,5843.92,262,83
23154,SET OF 4 JAM JAR MAGNETS,5842.88,2701,235
21577,SAVE THE PLANET COTTON TOTE BAG,5825.62,2592,464
37495,FAIRY CAKE BIRTHDAY CANDLE SET,5807.6,1580,330
22687,DOORMAT CHRISTMAS VILLAGE,5784.67,895,149
22115,METAL SIGN EMPIRE TEA,5777.77,2910,500
21703,BAG 125g SWIRLY MARBLES,5741.47,14795,561
22119,PEACE WOODEN BLOCK LETTERS,5738.47,924,340
22073,RED RETROSPOT STORAGE JAR,5733.84,1431,319
22241,GARLAND WOODEN HAPPY EASTER,5731.03,4246,463
22341,LOVE GARLAND PAINTED ZINC,5725.41,3481,240
21528,DAIRY MAID TRADITIONAL TEAPOT,5721.52,904,257
22653,BUTTON BOX,5712.74,3076,381
22060,LARGE CAKE STAND HANGING HEARTS,5711.3099999999995,735,158
22899,CHILDREN'S APRON DOLLY GIRL,5711.08,2733,404
22335,HEART DECORATION PAINTED ZINC,5707.360000000001,8740,510
22854,CREAM SWEETHEART EGG HOLDER,5700.99,1173,244
22045,SPACEBOY GIFT WRAP,5698.14,13867,446
82599,FANNY'S REST STOPMETAL SIGN,5677.120000000001,2571,506
20676,RED SPOTTY BOWL,5660.1900000000005,4629,422
21207,SKULL AND CROSSBONES  GARLAND,5627.24,3617,282
21900,"KEY FOB , SHED",5622.950000000001,8458,835
84968B,S/16 VINTAGE IVORY CUTLERY,5617.66,423,130
22156,HEART DECORATION WITH PEARLS,5611.28,6237,581
40016,CHINESE DRAGON PAPER LANTERNS,5599.1,15682,244
20682,RED RETROSPOT CHILDRENS UMBRELLA,5597.74,1640,342
22670,FRENCH WC SIGN BLUE METAL,5588.11,4490,425
20677,PINK POLKADOT BOWL,5587.21,4322,412
84971S,SMALL HEART FLOWERS HOOK,5585.5199999999995,6587,459
22801,ANTIQUE GLASS PEDESTAL BOWL,5572.25,1363,299
22186,RED STAR CARD HOLDER,5570.16,2040,345
85232B,SET OF 3 BABUSHKA STACKING TINS,5569.34,1114,168
21041,RED RETROSPOT OVEN GLOVE DOUBLE,5564.360000000001,1440,352
21749,LARGE RED SPOT WINDMILL,5554.92,2945,52
22168,ORGANISER WOOD ANTIQUE WHITE,5552.43,668,310
22763,KEY CABINET MA CAMPAGNE,5550.47,673,135
22443,GROW YOUR OWN HERBS SET OF 3,5545.400000000001,698,264
23531,WALL ART BIG LOVE,5538.26,976,112
22203,MILK PAN RED RETROSPOT,5533.74,1415,392
23133,LARGE IVORY HEART WALL ORGANISER,5525.4,782,155
21242,RED SPOTTY PLATE,5523.2,3350,289
23177,TREASURE ISLAND BOOK BOX,5521.29,2532,267
85061W,WHITE JEWELLED HEART DECORATION,5516.009999999999,6380,469
23158,SET OF 5 LUCKY CAT MAGNETS,5513.83,2633,255
22483,RED GINGHAM TEDDY BEAR,5511.370000000001,1895,349
21955,DOOR MAT UNION JACK GUNS AND ROSES,5510.39,797,226
84509A,SET OF 4 ENGLISH ROSE PLACEMATS,5503.21,1417,372
22534,MAGIC DRAWING SLATE SPACEBOY,5502.9400000000005,12868,577
22437,SET OF 9 BLACK SKULL BALLOONS,5502.01,6562,443
23583,LUNCH BAG PAISLEY PARK,5497.33,3385,325
37446,MINI CAKE STAND WITH HANGING CAKES,5483.23,3800,410
21587,COSY HOUR GIANT TUBE MATCHES,5482.95,2201,260
20978,36 PENCILS TUBE SKULLS,5479.83,4149,557
21069,VINTAGE BILLBOARD TEA MUG,5474.43,5148,279
79029,GLASS HONEYPOT WASP CATCHER,5473.82,2944,343
72756,FAIRY CAKE CANDLES,5459.48,4012,129
21363,HOME SMALL WOOD LETTERS,5455.530000000001,1010,401
16161P,WRAP ENGLISH ROSE,5445.9,13223,440
21749,LARGE RED RETROSPOT WINDMILL,5442.900000000001,2716,234
22571,ROCKING HORSE RED CHRISTMAS,5436.08,6080,511
21432,SET OF 3 CASES WOODLAND DESIGN,5435.91,942,237
22350,ILLUSTRATED CAT BOWL,5430.7699999999995,1914,210
85063,CREAM SWEETHEART MAGAZINE RACK,5426.74,308,180
22951,60 CAKE CASES DOLLY GIRL DESIGN,5416.55,10250,609
22476,EMPIRE UNION JACK TV DINNER TRAY,5416.32,1356,269
23135,SMALL ZINC HEART WALL ORGANISER,5416.18,1541,45
23205,CHARLOTTE BAG VINTAGE ALPHABET,5405.88,5457,445
84937,KASHMIR FOLKART TUMBLERS,5394.54,2542,124
22333,RETRO SPORT PARTY BAG + STICKER SET,5370.08,3444,254
21491,SET OF THREE VINTAGE GIFT WRAPS,5367.009999999999,2878,248
22218,CAKE STAND LACE WHITE,5365.66,1232,264
23494,VINTAGE DOILY DELUXE SEWING KIT,5354.01,809,205
21993,FLORAL FOLK STATIONERY SET,5350.19,2898,577
35832,WOOLLY HAT SOCK GLOVE ADVENT STRING,5341.85,1737,188
22775,PURPLE DRAWERKNOB ACRYLIC EDWARDIAN,5303.81,3721,283
22564,ALPHABET STENCIL CRAFT,5287.650000000001,4623,343
21155,RED SPOTTY PEG BAG,5282.89,2662,364
20975,12 PENCILS SMALL TUBE RED SPOTTY,5278.030000000001,8219,367
21718,RED METAL BEACH SPADE,5270.32,4044,467
22998,TRAVEL CARD WALLET KEEP CALM,5262.82,12366,534
22030,SWALLOWS GREETING CARD,5253.28,12867,685
84950,ASSORTED COLOUR T-LIGHT HOLDER,5251.85,7919,274
85132A,CHARLIE + LOLA BISCUITS TINS,5249.68,1359,250
22842,BISCUIT TIN VINTAGE RED,5246.78,806,230
22244,3 HOOK HANGER MAGIC GARDEN,5241.62,2786,223
22180,RETROSPOT LAMP,5238.79,493,214
22472,TV DINNER TRAY DOLLY GIRL,5226.4400000000005,1105,249
22117,METAL SIGN HER DINNER IS SERVED,5222.49,1769,230
21071,VINTAGE BILLBOARD DRINK ME MUG,5221.45,4450,472
22894,TABLECLOTH RED APPLES DESIGN,5220.28,568,192
22509,SEWING BOX RETROSPOT DESIGN,5207.11,392,187
22691,DOORMAT WELCOME SUNRISE,5206.55,759,218
21872,GLAMOROUS  MUG,5204.74,5118,330
22426,ENAMEL WASH BOWL CREAM,5195.24,1347,372
22374,AIRLINE BAG VINTAGE JET SET RED,5180.47,1038,430
21713,CITRONELLA CANDLE FLOWERPOT,5179.06,2747,391
22180,RETRO SPOT LAMP,5164.42,511,196
22412,METAL SIGN NEIGHBOURHOOD WITCH,5163.96,2408,402
23263,SET OF 3 WOODEN HEART DECORATIONS,5147.19,3863,445
22610,PENS ASSORTED FUNNY FACE,5146.44,12721,287
23162,REGENCY TEA STRAINER,5143.6900000000005,1412,176
23157,SET OF 6 NATIVITY MAGNETS,5143.06,2557,163
23165,LARGE CERAMIC TOP STORAGE JAR,5141.0599999999995,3114,280
20977,36 PENCILS TUBE WOODLAND,5138.74,3847,485
23132,SMALL IVORY HEART WALL ORGANISER,5138.6,1020,152
22433,WATERING CAN GREEN DINOSAUR,5136.509999999999,2749,417
21471,STRAWBERRY RAFFIA FOOD COVER,5125.63,1414,319
22593,CHRISTMAS GINGHAM STAR,5122.41,5757,415
21544,SKULLS  WATER TRANSFER TATTOOS,5117.139999999999,6128,503
21498,RED SPOTS  WRAP,5115.5,12675,362
22595,GINGHAM HEART DECORATION,5114.41,6139,413
22175,PINK OWL SOFT TOY,5113.22,1749,362
22956,36 FOIL HEART CAKE CASES,5110.530000000001,2607,256
22075,6 RIBBONS ELEGANT CHRISTMAS,5105.33,3355,358
22318,FIVE HEART HANGING DECORATION,5102.01,1620,389
22632,HAND WARMER RED POLKA DOT,5101.2,2712,46
23397,FOOT STOOL HOME SWEET HOME,5097.65,489,217
22276,WASH BAG VINTAGE ROSE PAISLEY,5097.53,1950,373
21578,WOODLAND DESIGN  COTTON TOTE BAG,5088.17,2215,380
23234,BISCUIT TIN VINTAGE CHRISTMAS,5079.78,1722,277
21056,DOCTOR'S BAG SOFT TOY,5077.679999999999,558,195
23295,SET OF 12 MINI LOAF BAKING CASES,5073.45,6134,444
48189,DOORMAT FRIENDSHIP,5067.0199999999995,854,95
23198,PANTRY MAGNETIC  SHOPPING LIST,5062.599999999999,3342,475
23126,FELTCRAFT GIRL AMELIE KIT,5059.14,1007,275
46000S,POLYESTER FILLER PAD 40x40cm,5054.7,3486,380
22107,PIZZA PLATE IN BOX,5037.51,1276,369
22957,SET 3 PAPER VINTAGE CHICK PAPER EGG,5014.650000000001,1775,214
23314,VINTAGE CHRISTMAS TABLECLOTH,5012.96,407,117
23109,PACK OF SIX LED TEA LIGHTS,5008.26,1752,203
22583,PACK OF 6 HANDBAG GIFT BOXES,5004.0,1887,349
22688,DOORMAT PEACE ON EARTH BLUE,5000.599999999999,899,93
84796B,BLUE SAVANNAH PICNIC HAMPER FOR 2,4999.79,600,180
23310,BUBBLEGUM RING ASSORTED,4997.28,12050,245
23543,WALL ART KEEP CALM,4994.790000000001,967,83
47568,ENGLISH ROSE DESIGN PEG BAG,4983.02,2384,410
21896,POTTING SHED TWINE,4975.610000000001,2395,290
22604,SET OF 4 NAPKIN CHARMS CUTLERY,4957.62,2017,244
23556,LANDMARK FRAME COVENT GARDEN,4937.01,436,53
20963,APPLE BATH SPONGE,4932.62,3642,509
23570,TRADITIONAL PICK UP STICKS GAME,4931.87,2772,276
22574,HEART WOODEN CHRISTMAS DECORATION,4926.61,5382,415
22243,"HOOK, 5 HANGER ,MAGIC TOADSTOOL RED",4908.799999999999,3152,175
22800,ANTIQUE TALL SWIRLGLASS TRINKET POT,4905.87,1206,268
22199,FRYING PAN RED POLKADOT,4890.14,1210,188
20961,STRAWBERRY BATH SPONGE,4886.57,3672,514
23010,CIRCUS PARADE BABY GIFT SET,4879.599999999999,315,111
23351,ROLL WRAP 50'S CHRISTMAS,4875.65,3535,354
22128,PARTY CONES CANDY ASSORTED,4864.59,4007,195
23503,PLAYING CARDS KEEP CALM & CARRY ON,4860.55,3643,335
22027,TEA PARTY BIRTHDAY CARD,4846.87,11387,845
22442,GROW YOUR OWN FLOWERS SET OF 3,4836.87,875,172
84270,ASSTD DESIGN BUBBLE GUM RING,4827.87,22953,476
21249,WOODLAND  HEIGHT CHART STICKERS,4823.6900000000005,1673,258
21328,BALLOONS  WRITING SET,4816.33,2523,643
21588,RETROSPOT GIANT TUBE MATCHES,4813.05,2095,182
23554,LANDMARK FRAME OXFORD STREET,4805.53,422,57
21916,SET 12 RETRO WHITE CHALK STICKS,4803.17,11124,713
22304,COFFEE MUG BLUE PAISLEY DESIGN,4801.68,2422,167
22474,SPACEBOY TV DINNER TRAY,4800.51,978,253
85049G,CHOCOLATE BOX RIBBONS,4798.65,3890,510
22242,"HOOK, 5 HANGER , MAGIC TOADSTOOL",4795.95,2982,258
22434,BALLOON PUMP WITH 10 BALLOONS,4795.89,2579,281
22399,MAGNETS PACK OF 4 CHILDHOOD MEMORY,4794.6,4088,277
21534,DAIRY MAID LARGE MILK JUG,4793.66,942,342
20682,RED SPOTTY CHILDS UMBRELLA,4791.04,1483,247
72807B,SET/3 OCEAN SCENT CANDLE JEWEL BOX,4790.28,1090,225
23555,LANDMARK FRAME NOTTING HILL,4780.57,421,50
22672,FRENCH BATHROOM SIGN BLUE METAL,4774.299999999999,2869,370
22348,TEA BAG PLATE RED RETROSPOT,4774.139999999999,5440,496
22305,COFFEE MUG PINK PAISLEY DESIGN,4772.73,2291,144
23184,BULL DOG BOTTLE OPENER,4764.5,874,264
23286,BLUE VINTAGE SPOT BEAKER,4747.62,5048,222
22601,CHRISTMAS RETROSPOT ANGEL WOOD,4729.84,5422,417
84508A,CAMOUFLAGE DESIGN TEDDY,4727.66,2225,64
20675,BLUE POLKADOT BOWL,4723.22,3715,385
23569,TRADTIONAL ALPHABET STAMP SET,4717.66,954,192
22562,MONSTERS STENCIL CRAFT,4714.8,4004,393
23159,SET OF 5 PANCAKE DAY MAGNETS,4713.52,2293,223
23558,LANDMARK FRAME LONDON BRIDGE,4703.87,415,52
84031A,CHARLIE+LOLA RED HOT WATER BOTTLE,4700.62,1151,314
23389,SPACEBOY MINI BACKPACK,4697.54,1102,233
23176,ABC TREASURE BOOK BOX,4693.08,2165,226
48197,DOOR MAT BIRD ON THE WIRE,4691.77,667,202
82581,TOILET METAL SIGN,4687.85,8463,913
21864,UNION JACK FLAG PASSPORT COVER,4681.58,1960,411
21156,RED SPOTTY CHILDS APRON,4678.23,2506,296
22721,SET OF 3 CAKE TINS SKETCHBOOK,4671.81,1020,297
23241,TREASURE TIN GYMKHANA DESIGN,4669.55,2165,363
21506,"FANCY FONT BIRTHDAY CARD,",4662.0199999999995,11194,665
22743,MAKE YOUR OWN FLOWERPOWER CARD KIT,4660.610000000001,1531,351
15044B,BLUE PAPER PARASOL,4655.94,1673,189
21243,PINK  SPOTTY PLATE,4645.09,2864,239
10135,COLOURING PENCILS BROWN TUBE,4640.1,4271,324
21042,RED SPOTTY APRON,4638.110000000001,794,204
21990,MODERN FLORAL STATIONERY SET,4635.78,2493,497
22926,IVORY GIANT GARDEN THERMOMETER,4632.17,758,216
22573,STAR WOODEN CHRISTMAS DECORATION,4627.08,5122,405
37447,CERAMIC CAKE DESIGN SPOTTED PLATE,4619.53,2930,364
22736,RIBBON REEL MAKING SNOWMEN,4618.48,2558,403
22594,CHRISTMAS GINGHAM TREE,4597.42,5008,412
22760,"TRAY, BREAKFAST IN BED",4596.11,360,120
21878,PACK OF 6 SANDCASTLE FLAGS ASSORTED,4591.54,5591,403
21244,BLUE POLKADOT PLATE,4589.0599999999995,2755,241
22747,POPPY'S PLAYHOUSE BATHROOM,4588.02,2081,402
21068,VINTAGE BILLBOARD LOVE/HATE MUG,4585.41,4396,373
51014A,"FEATHER PEN,HOT PINK",4585.2,6700,376
22908,PACK OF 20 NAPKINS RED APPLES,4583.75,5666,485
21564,PINK  HEART SHAPE LOVE BUCKET,4577.620000000001,1967,294
23285,PINK VINTAGE SPOT BEAKER,4572.41,4807,191
15044D,RED PAPER PARASOL,4565.56,1597,227
23404,HOME SWEET HOME BLACKBOARD,4561.76,1011,169
21064,BOOM BOX SPEAKER BOYS,4557.84,904,171
84968C,SET OF 16 VINTAGE PISTACHIO CUTLERY,4553.94,382,133
85184D,S/4 BLUE ROUND DECOUPAGE BOXES,4546.78,8311,66
21614,SET OF 12 ROSE BOTANICAL T-LIGHTS,4538.17,1627,194
84279P,CHERRY BLOSSOM  DECORATIVE FLASK,4525.55,1153,299
23275,SET OF 3 HANGING OWLS OLLIE BEAK,4521.72,3720,325
22312,OFFICE MUG WARMER POLKADOT,4516.700000000001,1312,269
23163,REGENCY SUGAR TONGS,4515.22,1832,209
22070,SMALL RED RETROSPOT MUG IN BOX,4511.7,1524,236
23112,PARISIENNE CURIO CABINET,4507.08,546,241
22299,PIG KEYRING WITH LIGHT & SOUND,4505.88,3966,202
20966,SANDWICH BATH SPONGE,4500.68,3151,420
23309,SET OF 60 I LOVE LONDON CAKE CASES,4495.85,8275,407
21143,ANTIQUE GLASS HEART DECORATION,4483.88,2233,182
21967,PACK OF 12 SKULL TISSUES,4478.9,15898,479
23167,SMALL CERAMIC TOP STORAGE JAR,4476.009999999999,5847,231
22548,HEADS AND TAILS SPORTING FUN,4475.6,3579,428
72807A,SET/3 ROSE CANDLE IN JEWELLED BOX,4472.37,971,216
21810,CHRISTMAS HANGING STAR WITH BELL,4455.8099999999995,7009,344
21012,ANTIQUE ALL GLASS CANDLESTICK,4450.7,2362,299
23288,GREEN VINTAGE SPOT BEAKER,4444.2300000000005,4625,185
79341,WILLOW BRANCH LIGHTS.,4423.6900000000005,725,79
21913,VINTAGE SEASIDE JIGSAW PUZZLES,4423.2,1155,298
22367,CHILDS APRON SPACEBOY DESIGN,4412.87,2325,310
23530,WALL ART ONLY ONE PERSON,4406.57,1050,86
22896,PEG BAG APPLES DESIGN,4401.82,1700,338
47580,TEA TIME DES TEA COSY,4395.26,1693,344
22744,MAKE YOUR OWN MONSOON CARD KIT,4392.75,1557,300
72802B,OCEAN SCENT CANDLE IN JEWELLED BOX,4390.69,1589,212
85184C,S/4 VALENTINE DECOUPAGE HEART BOX,4384.31,2119,283
85053,FRENCH ENAMEL CANDLEHOLDER,4382.22,2037,378
21535,RETRO SPOT SMALL MILK JUG,4380.61,1719,297
21523,FANCY FONT HOME SWEET HOME DOORMAT,4378.65,663,164
22797,CHEST OF DRAWERS GINGHAM HEART,4375.26,250,140
84598,BOYS ALPHABET IRON ON PATCHES,4360.46,20799,217
15039,SANDALWOOD FAN,4360.03,5117,306
79320,FLAMINGO LIGHTS,4357.38,904,150
20677,PINK SPOTTY BOWL,4348.93,3566,348
22611,VINTAGE UNION JACK SHOPPING BAG,4348.8,908,195
20754,RETROSPOT RED WASHING UP GLOVES,4347.16,2018,432
22497,SET OF 2 TINS VINTAGE BATHROOM,4345.08,946,279
21844,RETRO SPOT MUG,4343.01,1481,154
23349,ROLL WRAP VINTAGE CHRISTMAS,4342.6,3221,337
22353,LUNCH BOX WITH CUTLERY FAIRY CAKES,4320.21,1588,297
20967,GREY FLORAL FELTCRAFT SHOULDER BAG,4320.08,1139,296
22600,CHRISTMAS RETROSPOT STAR WOOD,4317.5,4958,429
23168,CLASSIC CAFE SUGAR DISPENSER,4311.35,3075,325
21355,TOAST ITS - I LOVE YOU,4308.08,3521,341
21556,CERAMIC STRAWBERRY MONEY BOX,4305.45,1626,293
21243,PINK  POLKADOT PLATE,4300.54,2573,239
20982,12 PENCILS TALL TUBE SKULLS,4298.2,4915,576
21153,RED SPOTTY TABLECLOTH,4294.6900000000005,393,139
23050,RECYCLED ACAPULCO MAT GREEN,4286.55,497,205
22723,SET OF 6 HERB TINS SKETCHBOOK,4262.820000000001,1164,295
22530,MAGIC DRAWING SLATE DOLLY GIRL,4262.52,10078,464
21470,FLOWER VINE RAFFIA FOOD COVER,4258.67,1118,319
20979,36 PENCILS TUBE RED SPOTTY,4252.11,3395,275
21238,RED RETROSPOT CUP,4249.23,4822,469
21042,RED RETROSPOT APRON,4246.62,706,195
21609,SET 12 LAVENDER  BOTANICAL T-LIGHTS,4230.55,1513,218
70006,LOVE HEART POCKET WARMER,4229.62,4476,290
22851,SET 20 NAPKINS FAIRY CAKES DESIGN,4228.01,5195,523
23089,GLASS BON BON JAR,4215.78,2354,225
22807,SET OF 6 T-LIGHTS TOADSTOOLS,4213.47,1412,294
23144,ZINC T-LIGHT HOLDER STARS SMALL,4197.83,5089,274
21743,STAR PORTABLE TABLE LIGHT,4197.77,1443,182
23012,GLASS APOTHECARY BOTTLE PERFUME,4197.110000000001,1071,246
21474,SWEETHEART CREAM STEEL FOLDIN BENCH,4189.5,210,94
22127,PARTY CONES CARNIVAL ASSORTED,4183.11,3492,155
84580,MOUSE TOY WITH PINK T-SHIRT,4148.45,1082,442
23110,PARISIENNE KEY CABINET,4147.18,700,255
23486,ANTIQUE HEART SHELF UNIT,4145.47,275,74
21539,RETRO SPOTS BUTTER DISH,4142.87,867,173
21901,"KEY FOB , BACK DOOR",4141.96,6274,688
21590,KINGS CHOICE CIGAR BOX MATCHES,4141.28,3448,286
21349,IVY HEART WREATH,4125.83,565,171
23283,DOORMAT VINTAGE LEAF,4122.2,564,142
21911,GARDEN METAL SIGN,4120.69,2566,344
20981,12 PENCILS TALL TUBE WOODLAND,4118.34,4773,513
72349B,SET/6 PURPLE BUTTERFLY T-LIGHTS,4117.2,2021,287
21472,LADYBIRD + BEE RAFFIA FOOD COVER,4111.57,1065,285
84596B,SMALL DOLLY MIX DESIGN ORANGE BOWL,4105.94,6244,725
23255,CHILDRENS CUTLERY CIRCUS PARADE,4097.22,1014,158
22125,UNION JACK HOT WATER BOTTLE,4089.09,653,183
21679,SKULLS  STICKERS,4088.7499999999995,4931,370
22778,GLASS CLOCHE SMALL,4087.89,1037,193
22314,OFFICE MUG WARMER CHOC+BLUE,4085.88,1162,249
23009,I LOVE LONDON BABY GIFT SET,4082.5199999999995,263,103
22639,SET OF 4 NAPKIN CHARMS HEARTS,4082.24,1673,275
23193,BUFFALO BILL TREASURE BOOK BOX,4079.28,1922,175
84968A,SET OF 16 VINTAGE ROSE CUTLERY,4077.8399999999997,343,119
21812,GARLAND WITH HEARTS AND BELLS,4076.9700000000003,833,205
22788,BROCANTE COAT RACK,4073.41,486,84
35924,HANGING FAIRY CAKE DECORATION,4062.02,2168,188
18097C,WHITE TALL PORCELAIN T-LIGHT HOLDER,4049.83,1811,211
22245,"HOOK, 1 HANGER ,MAGIC GARDEN",4046.49,4697,413
21717,EASTER TIN BUCKET,4044.69,1555,176
21648,ASSORTED TUTTI FRUTTI SMALL PURSE,4044.21,2987,231
22777,GLASS CLOCHE LARGE,4041.0600000000004,477,99
22284,HEN HOUSE DECORATION,4040.8999999999996,2478,300
21192,WHITE BELL HONEYCOMB PAPER,4040.5899999999997,2235,216
22057,CERAMIC PLATE STRAWBERRY DESIGN,4035.57,3076,260
23340,VINTAGE CHRISTMAS CAKE FRILL,4034.08,2500,151
21055,TOOL BOX SOFT TOY,4032.31,404,222
85206A,CREAM FELT EASTER EGG BASKET,4022.5099999999998,2351,318
22053,EMPIRE DESIGN ROSETTE,4020.8899999999994,4551,87
23129,HEART SHAPED HOLLY WREATH,3999.5000000000005,950,172
21238,RED SPOTTY CUP,3999.45,4746,434
21987,PACK OF 6 SKULL PAPER CUPS,3999.11,6434,385
85123a,WHITE HANGING HEART T-LIGHT HOLDER,3992.39,597,99
21955,UNION JACK GUNS & ROSES  DOORMAT,3987.11,765,102
22612,TEA COSY VINTAGE UNION JACK,3984.99,1001,109
23306,SET OF 36 DOILIES PANTRY DESIGN,3983.6,2741,244
22244,"HOOK, 3 HANGER ,MAGIC GARDEN",3979.2,2028,208
21524,SPOTTY  HOME SWEET HOME DOORMAT,3978.34,666,120
22959,WRAP CHRISTMAS VILLAGE,3976.92,9726,283
22359,GLASS JAR KINGS CHOICE,3975.52,1248,194
22356,CHARLOTTE BAG PINK WITH WHITE SPOTS,3959.52,4343,319
21813,GARLAND WITH STARS AND BELLS,3957.7000000000003,842,184
22118,JOY WOODEN BLOCK LETTERS,3953.9,816,271
23526,WALL ART DOG LICENCE,3939.76,604,114
46000M,POLYESTER FILLER PAD 45x45cm,3932.3500000000004,2537,353
23557,LANDMARK FRAME BAKER STREET,3930.27,350,32
22272,FELTCRAFT DOLL MARIA,3928.01,1396,300
37340,MULTICOLOUR SPRING FLOWER MUG,3927.08,13674,204
22475,SKULL DESIGN TV DINNER TRAY,3925.63,778,256
22445,PENCIL CASE LIFE IS BEAUTIFUL,3919.3700000000003,1276,271
21351,CINAMMON & ORANGE WREATH,3911.1,1132,177
22980,PANTRY SCRUBBING BRUSH,3910.0099999999998,2363,291
22179,SET 10 NIGHT OWL LIGHTS,3908.73,505,170
21846,PINK DIAMANTE PEN IN GIFT BOX,3907.4,1625,264
23081,GREEN METAL BOX ARMY SUPPLIES,3906.25,467,135
72802A,ROSE SCENT CANDLE IN JEWELLED BOX,3904.65,941,182
23049,RECYCLED ACAPULCO MAT RED,3896.84,456,186
22843,BISCUIT TIN VINTAGE GREEN,3892.26,600,176
22790,"MIRROR, ARCHED GEORGIAN",3884.0000000000005,200,1
23552,BICYCLE PUNCTURE REPAIR KIT,3881.91,1863,116
22892,SET OF SALT AND PEPPER TOADSTOOLS,3880.71,3159,265
21034,REX CASH+CARRY JUMBO SHOPPER,3876.0,4080,1902
21067,VINTAGE RED TEATIME MUG,3873.2200000000003,4792,266
22962,JAM JAR WITH PINK LID,3872.0499999999997,4630,354
21627,ELEPHANT CARNIVAL POUFFE,3870.7799999999997,200,115
21447,12 IVORY ROSE PEG PLACE SETTINGS,3868.89,2796,336
22162,HEART GARLAND RUSTIC PADDED,3868.61,1258,260
21181,PLEASE ONE PERSON  METAL SIGN,3868.0700000000006,1867,178
22591,CARDHOLDER GINGHAM CHRISTMAS TREE,3864.35,1351,208
22478,BIRDHOUSE GARDEN MARKER,3859.69,2778,317
21244,BLUE  SPOTTY PLATE,3859.6299999999997,2404,204
22494,EMERGENCY FIRST AID TIN,3855.98,2859,468
21329,DINOSAURS  WRITING SET,3845.6499999999996,2119,555
22732,3D VINTAGE CHRISTMAS STICKERS,3844.76,2794,299
85040B,SET/4 BLUE FLOWER CANDLES IN BOWL,3840.2999999999997,2465,252
22579,WOODEN TREE CHRISTMAS SCANDINAVIAN,3839.2999999999997,7190,550
23111,PARISIENNE SEWING BOX,3839.2400000000002,312,138
22589,CARDHOLDER GINGHAM STAR,3835.3199999999997,1385,238
22425,ENAMEL COLANDER CREAM,3834.6800000000003,744,278
21899,"KEY FOB , GARAGE DESIGN",3832.2700000000004,6006,475
22544,MINI JIGSAW SPACEBOY,3825.2999999999997,9541,341
22765,NEWSPAPER STAND,3825.25,338,53
71038,WHITE HANGING BEADS CANDLE HOLDER,3821.9500000000003,723,144
22458,CAST IRON HOOK GARDEN FORK,3815.85,1530,173
23194,GYMKHANA TREASURE BOOK BOX,3815.5299999999997,1715,200
21100,CHARLIE AND LOLA CHARLOTTE BAG,3812.58,2546,269
21845,DAIRY MAID STRIPE MUG,3811.51,2539,158
22774,RED DRAWER KNOB ACRYLIC EDWARDIAN,3811.28,2945,184
22355,"CHARLOTTE BAG , SUKI DESIGN",3796.59,4406,339
22769,CHALKBOARD KITCHEN ORGANISER,3795.68,179,45
85049C,ROMANTIC PINKS RIBBONS,3793.8,3018,500
84016,FLAG OF ST GEORGE CAR FLAG,3791.67,1004,62
22398,MAGNETS PACK OF 4 SWALLOWS,3791.2599999999998,4319,430
84558A,3D DOG PICTURE PLAYING CARDS,3787.4300000000003,1311,199
21486,PINK HEART DOTS HOT WATER BOTTLE,3786.5499999999997,1152,294
23253,16 PIECE CUTLERY SET PANTRY DESIGN,3785.06,254,69
21154,RED SPOTTY OVEN GLOVE,3778.37,2816,339
84356,POMPOM CURTAIN,3777.9900000000002,751,133
23299,FOOD COVER WITH BEADS SET 2,3761.63,1009,145
23092,LARGE ANTIQUE WHITE PHOTO FRAME,3757.78,523,135
22356,"CHARLOTTE BAG , PINK/WHITE SPOTS",3740.38,4453,359
21795,SET OF 3 BLUE STRIPE BASKET,3734.9400000000005,441,80
85114B,IVORY ENCHANTED FOREST PLACEMAT,3731.39,2066,223
22461,SAVOY ART DECO CLOCK,3722.5299999999997,416,146
23064,CINDERELLA CHANDELIER,3717.56,221,23
21495,SKULLS AND CROSSBONES WRAP,3716.3,9115,267
21240,BLUE POLKADOT CUP,3715.75,4244,399
21041,RED SPOTTY OVEN GLOVE DOUBLE,3715.23,1284,173
22782,SET 3 WICKER STORAGE BASKETS,3712.2999999999997,254,84
22536,MAGIC DRAWING SLATE PURDEY,3705.19,9514,351
23236,STORAGE TIN VINTAGE DOILY,3704.78,1272,190
85232D,SET/3 DECOUPAGE STACKING TINS,3696.8700000000003,710,223
23182,TOILET SIGN OCCUPIED OR VACANT,3688.2099999999996,3741,433
84352,SILVER CHRISTMAS TREE BAUBLE STAND,3684.1299999999997,216,126
20692,FLORAL ELEPHANT SOFT TOY,3682.76,908,139
21866,UNION JACK FLAG LUGGAGE TAG,3681.14,2209,453
23130,MISTLETOE HEART WREATH GREEN,3676.1800000000003,882,179
23013,GLASS APOTHECARY BOTTLE TONIC,3674.1600000000003,924,223
20785,FUSCHIA RETRO BAR STOOL,3672.35,102,36
22080,RIBBON REEL SPOTS DESIGN,3668.58,2211,277
22823,CHEST NATURAL WOOD 20 DRAWERS,3655.0,32,18
21592,RETRO SPOT  CIGAR BOX MATCHES,3652.0,3104,190
85040A,S/4 PINK FLOWER CANDLES IN BOWL,3646.6099999999997,2067,400
22902,TOTE BAG I LOVE LONDON,3643.0800000000004,1779,199
22602,CHRISTMAS RETROSPOT HEART WOOD,3636.7,4420,289
22603,CHRISTMAS RETROSPOT TREE WOOD,3633.8599999999997,4223,388
21509,COWBOYS AND INDIANS BIRTHDAY CARD,3631.99,8805,628
21499,BLUE POLKADOT WRAP,3631.84,9052,264
22944,CHRISTMAS METAL POSTCARD WITH BELLS,3631.6200000000003,4901,158
22095,LADS ONLY TISSUE BOX,3628.17,3368,284
21784,SHOE SHINE BOX,3617.8799999999997,298,178
21112,"SWISS ROLL TOWEL, PINK  SPOTS",3617.8100000000004,1528,150
22704,WRAP RED APPLES,3617.26,8803,295
21191,LARGE WHITE HONEYCOMB PAPER BELL,3610.52,1544,201
21054,NURSE'S BAG SOFT TOY,3609.6,390,182
23294,SET OF 6 SNACK LOAF BAKING CASES,3607.81,4392,354
22353,LUNCHBOX WITH CUTLERY FAIRY CAKES,3597.68,1451,196
23032,DRAWER KNOB CRACKLE GLAZE IVORY,3595.3799999999997,2154,194
21787,RAIN PONCHO WITH RED SPOTS,3592.9700000000003,4727,161
21794,CLASSIC FRENCH STYLE BASKET NATURAL,3585.98,716,178
23085,ANTIQUE SILVER BAUBLE LAMP,3583.23,376,78
71477,COLOURED GLASS STAR T-LIGHT HOLDER,3580.96,1012,52
22334,DINOSAUR PARTY BAG + STICKER SET,3578.7599999999998,2246,264
23497,CLASSIC CHROME BICYCLE BELL,3578.62,2498,193
20886,BOX OF 9 PEBBLE CANDLES,3577.7999999999997,1787,308
20784,RED RETRO BAR STOOL,3570.87,101,37
22320,BIRDS MOBILE VINTAGE DESIGN,3562.8700000000003,601,180
21179,NO JUNK MAIL METAL SIGN,3559.23,4312,505
23210,WHITE ROCKING HORSE HAND PAINTED,3551.53,2849,192
82494l,WOODEN FRAME ANTIQUE WHITE,3545.55,424,86
23332,IVORY WICKER HEART LARGE,3542.7099999999996,2059,287
22076,6 RIBBONS EMPIRE,3535.8299999999995,2376,375
20786,BLACK RETRO BAR STOOL,3533.9,99,31
22428,ENAMEL FIRE BUCKET CREAM,3533.63,479,191
23191,BUNDLE OF 3 RETRO NOTE BOOKS,3529.8899999999994,2141,276
47505,MINATURE COLOURED GARDENING SET,3527.42,737,178
22822,CREAM WALL PLANTER HEART SHAPED,3522.8700000000003,606,183
21466,RED FLOWER CROCHET FOOD COVER,3517.29,937,275
23091,ZINC HERB GARDEN CONTAINER,3516.64,556,204
21469,POLKA DOT RAFFIA FOOD COVER,3512.01,1173,210
23353,6 GIFT TAGS VINTAGE CHRISTMAS,3510.0499999999997,4007,327
22309,TEA COSY RED  STRIPE,3509.68,1341,266
23189,SET OF 12 FORK CANDLES,3507.51,1249,141
22531,MAGIC DRAWING SLATE CIRCUS PARADE,3506.3,8110,402
22862,LOVE HEART NAPKIN BOX,3500.51,781,221
22352,LUNCHBOX WITH CUTLERY RETROSPOT,3481.89,1412,231
21327,SKULLS WRITING SET,3468.6899999999996,1962,495
22762,CUPBOARD 3 DRAWER MA CAMPAGNE,3468.1,216,133
22183,CAKE STAND VICTORIAN FILIGREE MED,3465.2200000000003,613,209
22764,"RUSTIC WOODEN CABINET, GLASS DOORS",3462.49,183,25
21902,"KEY FOB , FRONT  DOOR",3461.69,5440,474
37501,TEA TIME TEA SET IN GIFT BOX,3457.81,487,177
20675,BLUE SPOTTY BOWL,3455.94,2849,308
21559,STRAWBERRY LUNCHBOX WITH CUTLERY,3454.0899999999997,1448,183
22172,METAL SHELF WITH RAIL,3451.82,378,185
22503,CABIN BAG VINTAGE PAISLEY,3447.2,149,54
23350,ROLL WRAP VINTAGE SPOT,3445.08,2712,305
23426,METAL SIGN DROP YOUR PANTS,3444.4300000000003,1275,206
21364,PEACE SMALL WOOD LETTERS,3441.4700000000003,473,167
20983,12 PENCILS TALL TUBE RED RETROSPOT,3434.12,3968,383
23354,6 GIFT TAGS 50'S CHRISTMAS,3429.3999999999996,3740,322
22440,BALLOON WATER BOMB PACK OF 35,3425.87,8586,292
84031B,CHARLIE LOLA BLUE HOT WATER BOTTLE,3423.9900000000002,867,271
23156,SET OF 5 MINI GROCERY MAGNETS,3423.29,1665,205
23127,FELTCRAFT GIRL NICOLE KIT,3422.4,668,182
48189,DOOR MAT FRIENDSHIP,3420.2400000000002,468,179
22459,CAST IRON HOOK GARDEN TROWEL,3420.18,1386,172
23014,GLASS APOTHECARY BOTTLE ELIXIR,3419.5800000000004,856,209
23388,WOODLAND MINI BACKPACK,3411.34,816,152
22059,CERAMIC STRAWBERRY DESIGN MUG,3405.79,2703,243
84472,PINK AND LILAC QUILTED THROW,3402.32,87,30
22794,SWEETHEART WIRE MAGAZINE RACK,3399.2400000000002,402,209
22154,ANGEL DECORATION 3 BUTTONS,3396.63,7881,317
22059,CERAMIC STRWBERRY DESIGN MUG,3393.1,2347,215
21211,SET OF 72 SKULL PAPER  DOILIES,3385.94,2419,237
22477,WATERING CAN GARDEN MARKER,3385.5299999999997,2433,276
44230,SQUARE MIRROR CURTAIN,3381.6200000000003,347,53
23188,VINTAGE  2 METRE FOLDING RULER,3374.0499999999997,1627,152
22776,SWEETHEART 3 TIER CAKE STAND,3371.58,284,158
22419,LIPSTICK PEN RED,3370.77,7058,509
22223,CAKE PLATE LOVEBIRD PINK,3369.83,727,175
84508A,CAMOFLAGE DESIGN TEDDY,3368.92,1586,44
22366,DOOR MAT AIRMAIL,3366.71,455,139
21500,PINK POLKADOT WRAP,3366.0,8300,260
84813,SET OF 4 DIAMOND NAPKIN RINGS,3364.5,426,99
21239,PINK  POLKADOT CUP,3364.1,3760,382
84797A,PINK HAWAIIAN PICNIC HAMPER FOR 4,3361.25,481,44
22891,TEA FOR ONE POLKADOT,3353.94,686,230
23239,SET OF 4 KNICK KNACK TINS POPPIES,3353.84,842,178
22733,3D TRADITIONAL CHRISTMAS STICKERS,3352.77,2543,302
20702,PINK PADDED MOBILE,3351.95,795,245
22047,EMPIRE GIFT WRAP,3351.0,8250,261
22792,FLUTED ANTIQUE CANDLE HOLDER,3349.8999999999996,3596,262
84968D,S/16 VINTAGE RED CUTLERY,3349.7599999999998,287,38
22176,BLUE OWL SOFT TOY,3348.1000000000004,1103,257
21917,SET 12 KIDS  WHITE CHALK STICKS,3345.73,8052,467
21352,EUCALYPTUS & PINECONE  WREATH,3340.71,917,158
22136,LOVE HEART SOCK HANGER,3340.6699999999996,1995,265
18098C,PORCELAIN BUTTERFLY OIL BURNER,3340.36,1252,236
22167,"WALL MIRROR , DIAMANTE OVAL SHAPE",3331.91,425,129
21830,ASSORTED CREEPY CRAWLIES,3320.46,7975,256
22572,ROCKING HORSE GREEN CHRISTMAS,3311.47,3668,362
84849B,FAIRY SOAP SOAP HOLDER,3309.99,1972,293
23065,LARGE DECO JEWELLERY STAND,3302.44,263,95
21111,"SWISS ROLL TOWEL, CHOCOLATE  SPOTS",3299.35,1408,214
84510A,SET OF 4 ENGLISH ROSE COASTERS,3299.21,2431,474
22863,SOAP DISH BROCANTE,3293.4700000000003,1149,169
20681,PINK SPOTTY CHILDS UMBRELLA,3292.86,1000,206
22122,SET OF 2 FANCY FONT TEA TOWELS,3290.0800000000004,1095,191
37410,BLACK AND WHITE PAISLEY FLOWER MUG,3288.65,25707,33
22281,EASTER TREE YELLOW BIRDS,3285.86,511,149
22963,JAM JAR WITH GREEN LID,3284.83,3928,317
21467,CHERRY CROCHET FOOD COVER,3278.75,1029,254
22773,GREEN DRAWER KNOB ACRYLIC EDWARDIAN,3276.2799999999997,2459,226
84975,HEART SHAPED MIRROR,3274.85,1995,212
23308,SET OF 60 VINTAGE LEAF CAKE CASES,3272.61,6139,382
22967,SET 3 SONG BIRD PAPER EGGS ASSORTED,3271.4100000000003,1171,138
21829,DINOSAUR KEYRINGS ASSORTED,3270.2,15137,409
21820,GLITTER HEART GARLAND WITH BELLS,3267.75,828,180
22972,CHILDREN'S SPACEBOY MUG,3263.3599999999997,1896,238
21333,CLASSIC WHITE FRAME,3262.9,1080,222
20992,JAZZ HEARTS PURSE NOTEBOOK,3262.7,6196,433
23395,BELLE JARDINIERE CUSHION COVER,3257.08,748,210
22313,OFFICE MUG WARMER PINK,3255.2200000000003,1022,137
23053,RECYCLED ACAPULCO MAT PINK,3254.32,364,164
21537,RED RETROSPOT PUDDING BOWL,3253.33,755,182
21557,SET OF 6 FUNKY BEAKERS,3251.04,953,302
21477,STRING OF 20 ROSE LIGHTS,3248.94,273,45
22194,BLACK DINER WALL CLOCK,3246.1,377,160
22965,3 TRADITIONAl BISCUIT CUTTERS  SET,3236.15,1522,250
79164,BLACK WINE GLASS,3235.61,3677,91
84944,SET OF 6 KASHMIR FOLKART BAUBLES,3234.63,1154,194
21949,SET OF 6 STRAWBERRY CHOPSTICKS,3224.28,2636,269
23051,RECYCLED ACAPULCO MAT BLUE,3223.49,365,162
22927,GREEN GIANT GARDEN THERMOMETER,3221.9100000000003,502,162
23230,WRAP ALPHABET DESIGN,3217.92,7976,235
21628,TRIANGULAR POUFFE VINTAGE,3215.18,166,87
21732,RED HANGING METAL STAR TLIGHT HLDR,3214.57,925,58
84969,BOX OF 6 ASSORTED COLOUR TEASPOONS,3213.36,730,255
21473,SWEETHEART CREAM STEEL TABLE RECT,3212.16,157,90
21705,BAG 500g SWIRLY MARBLES,3210.66,2563,225
22473,TV DINNER TRAY VINTAGE PAISLEY,3210.17,833,209
84837,WHITE SWEETHEARTS CABINET 4 DRAWERS,3210.04,251,143
79323GR,GREEN CHERRY LIGHTS,3209.36,532,83
84596F,SMALL MARSHMALLOWS PINK BOWL,3208.97,4726,600
23393,HOME SWEET HOME CUSHION COVER,3207.91,801,229
21519,GIN & TONIC DIET GREETING CARD,3195.35,7458,553
21986,PACK OF 12 PINK SPOT TISSUES,3194.19,8317,197
21584,RETRO SPOT SMALL TUBE MATCHES,3183.45,2005,131
22700,BLACK AND WHITE DOG BOWL,3181.96,1392,98
22816,CARD MOTORBIKE SANTA,3180.75,7350,436
84968C,S/16 VINTAGE PISTACHIO CUTLERY,3177.2999999999997,262,58
22325,MOBILE VINTAGE HEARTS,3168.6800000000003,702,224
22805,BLUE DRAWER KNOB ACRYLIC EDWARDIAN,3165.23,2316,231
21936,RED/WHITE SPOT PICNIC BAG,3164.5899999999997,1125,111
22702,BLACK AND WHITE CAT BOWL,3160.5199999999995,1591,94
20956,PORCELAIN T-LIGHT HOLDERS ASSORTED,3160.25,2381,236
23342,MINT DINER WALL CLOCK,3159.41,371,162
82578,KITCHEN METAL SIGN,3154.8900000000003,5635,704
21272,SALLE DE BAIN HOOK,3153.65,2376,339
22372,AIRLINE BAG VINTAGE WORLD CHAMPION,3149.75,616,287
23035,DRAWER KNOB CERAMIC IVORY,3147.79,2155,190
23323,WHITE WICKER STAR,3146.78,1469,294
21239,PINK  SPOTTY CUP,3145.4900000000002,3684,369
21500,PINK SPOTS  WRAP,3144.5,7825,232
84912B,GREEN ROSE WASHBAG,3141.4,1145,259
47504K,ENGLISH ROSE GARDEN SECATEURS,3135.75,2671,312
21408,SPOTTY PINK DUCK DOORSTOP,3134.29,715,240
22406,MONEY BOX KINGS CHOICE DESIGN,3130.61,2471,214
22757,LARGE RED BABUSHKA NOTEBOOK,3116.58,2718,308
23346,SPACEBOY BEAKER,3112.34,2628,184
22754,SMALL RED BABUSHKA NOTEBOOK,3111.0899999999997,3980,492
22208,WOOD STAMP SET THANK YOU,3103.5499999999997,2396,433
22925,BLUE GIANT GARDEN THERMOMETER,3102.51,505,191
22177,5 HOOK BLACKBOARD ORGANISER,3101.46,325,125
21206,STRAWBERRY HONEYCOMB  GARLAND,3089.35,2168,238
79072,TEATIME CAKE TIN WITH HANDLE,3083.2,284,107
22375,AIRLINE BAG VINTAGE JET SET BROWN,3079.58,609,284
21707,"FOLDING UMBRELLA , BLACK/BLUE  SPOT",3077.01,775,69
84279B,CHERRY BLOSSOM DECORATIVE FLASK,3076.92,808,215
21765,HANGING METAL BIRD BATH,3076.39,371,143
22037,ROBOT BIRTHDAY CARD,3076.08,7144,634
22067,CHOC TRUFFLE GOLD TRINKET POT,3075.5399999999995,1887,252
22347,PIZZA SLICE DISH,3074.18,2680,113
23188,VINTAGE  2 METER FOLDING RULER,3073.72,1844,181
20985,HEART CALCULATOR,3070.5099999999998,2386,291
35001W,HAND OPEN SHAPE DECO.WHITE,3064.71,969,190
21626,VINTAGE UNION JACK PENNANT,3053.1,1511,204
21354,TOAST ITS - BEST MUM,3048.32,2532,217
22755,SMALL PURPLE BABUSHKA NOTEBOOK,3048.19,3825,499
22930,BAKING MOULD HEART MILK CHOCOLATE,3046.45,1199,189
15044C,PURPLE PAPER PARASOL,3042.03,970,231
22576,SWALLOW WOODEN CHRISTMAS DECORATION,3041.8399999999997,3360,330
23461,SWEETHEART BIRD HOUSE,3041.21,847,94
23329,DECORATIVE WICKER HEART LARGE,3038.1899999999996,1767,233
22712,CARD DOLLY GIRL,3037.29,7375,508
21588,RETRO SPOT GIANT  TUBE MATCHES,3034.95,1295,102
22402,MAGNETS PACK OF 4 VINTAGE COLLAGE,3032.8,3445,250
23242,TREASURE TIN BUFFALO BILL,3024.63,1470,214
22277,COSMETIC BAG VINTAGE ROSE PAISLEY,3024.1400000000003,1441,250
23237,SET OF 4 KNICK KNACK TINS LEAF,3020.61,747,123
22519,CHILDS GARDEN BRUSH PINK,3019.23,1443,258
21592,RETROSPOT CIGAR BOX MATCHES,3019.21,2867,286
21507,"ELEPHANT, BIRTHDAY CARD,",3015.58,7200,489
22349,"DOG BOWL , CHASING BALL DESIGN",3014.3,754,136
22202,MILK PAN PINK RETROSPOT,3011.2400000000002,743,184
22449,SILK PURSE BABUSHKA PINK,3008.1200000000003,910,218
22132,RED LOVE HEART SHAPE CUP,3008.1099999999997,3357,388
84912A,PINK ROSE WASHBAG,3007.69,1097,231
22664,TOY TIDY DOLLY GIRL DESIGN,3006.78,1445,266
22452,MEASURING TAPE BABUSHKA PINK,3006.6000000000004,1165,207
23236,DOILEY STORAGE TIN,3004.46,1094,122
21584,RETROSPOT SMALL TUBE MATCHES,3003.75,1835,221
22905,CALENDAR IN SEASON DESIGN,2995.53,1089,194
22071,SMALL WHITE RETROSPOT MUG IN BOX,2993.62,1163,175
23390,DOLLY GIRL MINI BACKPACK,2992.3900000000003,739,161
22184,CAKE STAND VICTORIAN FILIGREE LARGE,2988.71,401,146
22674,FRENCH TOILET SIGN BLUE METAL,2978.84,2394,297
22811,SET OF 6 T-LIGHTS CACTI,2978.66,1040,140
22974,CHILDRENS DOLLY GIRL MUG,2977.7899999999995,1738,211
21688,SILVER PLATE CANDLE BOWL SMALL,2975.4600000000005,955,142
85049D,BRIGHT BLUES RIBBONS,2975.46,2372,400
21706,"FOLDING UMBRELLA , RED/WHITE SPOT",2962.82,916,104
22731,3D CHRISTMAS STAMPS STICKERS,2953.66,2114,232
22955,36 FOIL STAR CAKE CASES,2952.4700000000003,1479,185
22080,RIBBON REEL POLKADOTS,2950.55,1736,242
21948,SET OF 6 CAKE CHOPSTICKS,2950.19,2308,267
22518,CHILDS GARDEN BRUSH BLUE,2939.7500000000005,1412,266
22581,WOOD STOCKING CHRISTMAS SCANDISPOT,2937.52,3642,380
21821,GLITTER STAR GARLAND WITH BELLS,2935.06,723,153
23211,RED ROCKING HORSE HAND PAINTED,2930.57,2329,160
22480,RED TEA TOWEL CLASSIC DESIGN,2925.58,2416,263
22803,IVORY EMBROIDERED QUILT,2925.4900000000002,78,36
21214,SET OF 72 IVORY PAPER DOILIES,2920.8199999999997,2006,199
22696,WICKER WREATH LARGE,2918.8199999999997,1476,288
22990,COTTON APRON PANTRY DESIGN,2917.4300000000003,633,164
23290,SPACEBOY CHILDRENS BOWL,2890.3500000000004,2430,214
23345,DOLLY GIRL BEAKER,2886.25,2451,174
22818,CARD CHRISTMAS VILLAGE,2884.2599999999998,6634,404
21465,PINK FLOWER CROCHET FOOD COVER,2883.1400000000003,795,187
23283,DOORMAT VINTAGE LEAVES DESIGN,2881.18,430,91
21439,BASKET OF TOADSTOOLS,2880.09,2288,240
23056,FLOWERS CHANDELIER T-LIGHT HOLDER,2879.37,960,38
21240,BLUE  SPOTTY CUP,2877.47,3390,370
21324,HANGING MEDINA LANTERN SMALL,2875.2200000000003,1023,175
22914,BLUE COAT RACK PARIS FASHION,2871.4,598,170
21682,LARGE MEDINA STAMPED METAL BOWL,2866.59,579,152
22072,TEA CUP AND SAUCER RETRO SPOT,2866.34,700,137
21424,WOODLAND STORAGE BOX LARGE,2861.64,955,142
22242,5 HOOK HANGER MAGIC TOADSTOOL,2861.49,1830,110
23427,STOOL HOME SWEET HOME,2860.58,237,114
22671,FRENCH LAUNDRY SIGN BLUE METAL,2859.2499999999995,1716,246
22285,"DECORATION HEN ON NEST, HANGING",2855.7099999999996,1891,147
47480,HANGING PHOTO CLIP ROPE LADDER,2854.83,1735,150
22073,RETRO SPOT STORAGE JAR,2853.29,729,155
85199S,SMALL HANGING IVORY/RED WOOD BIRD,2849.99,6143,486
23504,PLAYING CARDS JUBILEE UNION JACK,2848.89,1927,208
22101,MIRROR MOSAIC VOTIVE HOLDER,2847.28,1934,116
23212,HEART WREATH DECORATION WITH BELL,2845.89,2284,185
22217,T-LIGHT HOLDER HANGING LACE,2839.85,2390,214
21683,MEDIUM MEDINA STAMPED METAL BOWL,2837.13,962,152
51014C,"FEATHER PEN,COAL BLACK",2836.42,4366,265
21508,VINTAGE KID DOLLY CARD,2834.08,6778,541
22710,WRAP I LOVE LONDON,2831.78,7209,173
22161,HEART DECORATION RUSTIC HANGING,2824.3500000000004,6837,489
22315,200 RED + WHITE BENDY STRAWS,2820.77,2192,387
22145,CHRISTMAS CRAFT HEART STOCKING,2815.6600000000003,1336,197
22167,OVAL WALL MIRROR DIAMANTE,2812.45,271,174
84519A,TOMATO CHARLIE+LOLA COASTER SET,2812.06,1207,203
22155,STAR DECORATION RUSTIC,2810.7,6226,340
21360,JOY LARGE WOOD LETTERS,2810.31,443,100
84754,S/15 SILVER GLASS BAUBLES IN BAG,2808.45,2211,218
21188,3D HEARTS  HONEYCOMB PAPER GARLAND,2806.8,918,128
22651,GENTLEMAN SHIRT REPAIR KIT,2806.44,3249,270
22081,RIBBON REEL FLORA + FAUNA,2805.5099999999998,1573,302
22525,CHILDRENS GARDEN GLOVES PINK,2803.66,1971,328
22650,CERAMIC PIRATE CHEST MONEY BANK,2802.37,1839,282
22949,36 DOILIES DOLLY GIRL,2801.8199999999997,1971,162
85183B,CHARLIE & LOLA WASTEPAPER BIN FLORA,2799.2599999999998,1775,171
84909A,PINK PAISLEY QUILT,2797.55,209,30
22482,BLUE TEA TOWEL CLASSIC DESIGN,2796.93,2365,214
85132B,CHARLIE AND LOLA TABLE TINS,2795.9,922,123
85015,SET OF 12  VINTAGE POSTCARD SET,2787.89,2923,254
21744,SNOWFLAKE PORTABLE TABLE LIGHT,2782.7500000000005,923,217
21796,SET OF 3 RED STRIPE BASKETS,2782.19,324,67
22675,FRENCH KITCHEN SIGN BLUE METAL,2775.03,2235,270
21728,METAL MEDINA LANTERN,2773.11,298,40
22365,DOOR MAT RESPECTABLE HOUSE,2765.69,379,123
21808,"CHRISTMAS GARLAND STARS,TREES",2764.28,1014,144
23190,BUNDLE OF 3 SCHOOL EXERCISE BOOKS,2761.8999999999996,1702,202
21693,SMALL HAMMERED SILVER CANDLEPOT,2757.8,905,120
23542,WALL ART 70'S ALPHABET,2757.06,356,74
15058C,ICE CREAM DESIGN GARDEN PARASOL,2753.72,470,122
22231,JIGSAW TREE WITH BIRDHOUSE,2753.08,2163,297
84795C,OCEAN STRIPE HAMMOCK,2752.59,325,131
23147,SINGLE ANTIQUE ROSE HOOK IVORY,2752.2,1868,261
22199,FRYING PAN RED RETROSPOT,2748.03,651,217
21788,KIDS RAIN MAC BLUE,2745.49,3399,206
23266,SET OF 3 WOODEN STOCKING DECORATION,2743.82,2053,319
47503J,SET/3 FLORAL GARDEN TOOLS IN BAG,2743.23,347,75
16161U,WRAP SUKI AND FRIENDS,2742.92,6726,208
23341,PINK DINER WALL CLOCK,2741.35,307,121
85035C,ROSE 3 WICK MORRIS BOX CANDLE,2740.54,1365,197
22451,SILK PURSE BABUSHKA RED,2740.17,789,150
21224,SET/4 SKULL BADGES,2739.45,2205,312
23100,SILVER BELLS TABLE DECORATION,2739.38,2166,257
22524,CHILDRENS GARDEN GLOVES BLUE,2736.2,1940,293
72800E,4 IVORY DINNER CANDLES SILVER FLOCK,2734.87,1436,286
21980,PACK OF 12 RED RETROSPOT TISSUES,2731.18,8825,405
22828,REGENCY MIRROR WITH SHUTTERS,2730.0,18,11
22495,SET OF 2 ROUND TINS CAMEMBERT,2729.5400000000004,954,237
22066,LOVE HEART TRINKET POT,2729.16,3435,273
22436,12 COLOURED PARTY BALLOONS,2724.75,4273,289
22376,AIRLINE BAG VINTAGE JET SET WHITE,2721.22,543,246
23164,REGENCY CAKE SLICE,2718.65,578,92
21096,SET/6 FRUIT SALAD  PAPER PLATES,2711.71,15919,143
23407,SET OF 2 TRAYS HOME SWEET HOME,2709.43,265,133
22479,DAISY GARDEN MARKER,2699.96,1944,214
23333,IVORY WICKER HEART MEDIUM,2695.45,2089,233
22667,RECIPE BOX RETRO SPOT DESIGN,2694.65,959,178
23264,SET OF 3 WOODEN SLEIGH DECORATIONS,2690.81,1963,299
85227,SET OF 6 3D KIT CARDS FOR KIDS,2688.33,2928,392
22152,PLACE SETTING WHITE STAR,2687.52,6331,241
22500,SET OF 2 TINS JARDIN DE PROVENCE,2686.9100000000003,588,198
21204,DAISIES  HONEYCOMB GARLAND,2686.35,1609,205
22028,PENNY FARTHING BIRTHDAY CARD,2683.65,6384,507
72799E,IVORY PILLAR CANDLE SILVER FLOCK,2678.57,1258,178
22471,TV DINNER TRAY AIR HOSTESS,2678.31,643,176
90057,DIAMANTE RING ASSORTED IN BOX.,2675.88,1804,37
21742,LARGE ROUND WICKER PLATTER,2665.9500000000003,439,193
85049F,BABY BOOM RIBBONS,2662.75,2133,314
21923,RED/CREAM STRIPE FRINGE HAMMOCK,2662.64,337,119
21109,LARGE CAKE TOWEL CHOCOLATE SPOTS,2661.67,925,104
85049B,LUSH GREENS RIBBONS,2660.8,2132,338
22190,LOCAL CAFE MUG,2660.31,1428,242
22758,LARGE PURPLE BABUSHKA NOTEBOOK,2655.93,2459,314
21422,PORCELAIN ROSE SMALL,2655.72,3203,147
22713,CARD I LOVE LONDON,2655.65,6173,368
22735,RIBBON REEL SOCKS AND MITTENS,2646.1,1484,231
23146,TRIPLE HOOK ANTIQUE IVORY ROSE,2645.26,798,227
84849D,HOT BATHS SOAP HOLDER,2641.93,1572,260
22439,6 ROCKET BALLOONS,2641.8900000000003,3956,363
21897,POTTING SHED CANDLE CITRONELLA,2641.36,866,106
85034B,3 WHITE CHOC MORRIS BOXED CANDLES,2640.64,1191,152
82600,N0 SINGING METAL SIGN,2639.42,1225,49
22270,HAPPY EASTER HANGING DECORATION,2638.67,685,153
85034C,3 ROSE MORRIS BOXED CANDLES,2638.12,1321,197
84012,MAGIC SHEEP WOOL GROWING FROM PAPER,2633.5299999999997,1839,179
22146,EASTER CRAFT IVY WREATH WITH CHICK,2633.13,1413,107
90062,CARNIVAL BRACELET,2629.67,207,109
22933,BAKING MOULD EASTER EGG MILK CHOC,2621.32,952,122
22046,TEA PARTY  WRAPPING PAPER,2613.5,6375,208
47585A,PINK FAIRY CAKE CUSHION COVER,2612.88,1084,148
23054,RECYCLED ACAPULCO MAT LAVENDER,2604.93,295,130
21215,IVORY PAPER CUP CAKE CASES,2603.4500000000003,4497,291
23196,VINTAGE LEAF MAGNETIC NOTEPAD,2601.15,1707,274
37502,TEA TIME MUG IN GIFT BOX,2599.79,868,171
22939,APRON APPLE DELIGHT,2599.62,521,136
21171,BATHROOM METAL SIGN,2599.0299999999997,1858,260
22937,BAKING MOULD CHOCOLATE CUPCAKES,2598.94,986,157
22415,WHITE TISSUE REAM,2591.7000000000003,326,204
21288,STRIPEY CHOCOLATE NESTING BOXES,2586.9900000000002,990,224
85035B,CHOCOLATE 3 WICK MORRIS BOX CANDLE,2586.01,996,131
84968E,S/16 VINTAGE BLACK CUTLERY,2585.45,225,40
21642,ASSORTED TUTTI FRUTTI PEN,2584.37,4420,251
21589,SWALLOW GIANT TUBE MATCHES,2583.4500000000003,1119,88
21262,WHITE GOOSE FEATHER CHRISTMAS TREE,2574.2200000000003,637,132
23534,STOP FOR TEA WALL ART,2572.7,518,41
20960,WATERMELON BATH SPONGE,2570.92,1908,215
82597,BOMBS AWAY METAL SIGN,2569.6600000000003,1210,215
21653,GLASS ETCHED T-LIGHT HOLDER LARGE,2565.67,1246,111
23292,SPACEBOY CHILDRENS CUP,2557.57,2050,216
21499,BLUE SPOTS  WRAP,2555.0,6350,196
82567,"AIRLINE LOUNGE,METAL SIGN",2553.63,1228,489
20668,DISCO BALL CHRISTMAS DECORATION,2550.65,21748,367
21680,WOODLAND  STICKERS,2543.95,2927,268
21898,POTTING SHED ROSE CANDLE,2538.81,827,113
22829,SWEETHEART WIRE WALL TIDY,2538.22,248,117
23131,MISTLETOE HEART WREATH CREAM,2535.48,624,110
20787,BLUE RETRO BAR STOOL,2535.1,69,30
22197,"POPCORN HOLDER , SMALL",2531.64,3189,112
21792,CLASSIC FRENCH STYLE BASKET GREEN,2531.4500000000003,495,141
22342,HOME GARLAND PAINTED ZINC,2531.33,1820,230
84968F,SET OF 16 VINTAGE SKY BLUE CUTLERY,2530.3399999999997,217,80
21203,BUTTERFLIES  HONEYCOMB GARLAND,2526.9999999999995,1539,145
23681,LUNCH BAG RED VINTAGE DOILY,2525.04,1576,132
22350,CAT BOWL,2521.24,946,121
22742,MAKE YOUR OWN PLAYTIME CARD KIT,2516.63,1013,180
22153,ANGEL DECORATION STARS ON DRESS,2512.57,5793,283
21431,GREEN GINGHAM FLOWER JEWELLERY BOX,2511.3599999999997,1483,278
84968A,S/16 VINTAGE ROSE CUTLERY,2511.24,190,85
23424,GINGHAM RECIPE BOOK BOX,2509.62,462,135
22091,EMPIRE TISSUE BOX,2508.42,3191,324
21323,HANGING MEDINA LANTERN LARGE,2506.89,740,80
85054,FRENCH ENAMEL POT W LID,2506.8300000000004,919,204
22911,PAPER CHAIN KIT LONDON,2504.5,870,164
23316,RED REFECTORY CLOCK,2501.64,250,110
21686,MEDINA STAMPED METAL STOOL,2500.09,66,33
21616,4 PEAR BOTANICAL DINNER CANDLES,2499.83,1163,191
22291,"SPRING DEC , HANGING CHICK CREAM",2499.58,1900,142
23367,SET 12 COLOUR PENCILS SPACEBOY,2491.2000000000003,3278,282
85041,SET/4 PINK ORCHID CANDLES IN BOWL,2489.87,1853,92
21924,BLUE/CREAM STRIPE FRINGE HAMMOCK,2486.6600000000003,315,123
84840,SWEETHEART CARRY-ALL BASKET,2481.76,285,140
85116,BLACK CANDELABRA T-LIGHT HOLDER,2480.9,2040,181
21809,CHRISTMAS HANGING TREE WITH BELL,2479.25,3045,207
22129,PARTY CONES CANDY TREE DECORATION,2478.2599999999998,2798,107
85206B,PINK FELT EASTER EGG BASKET,2477.2999999999997,1538,183
21823,PAINTED METAL HEART WITH HOLLY BELL,2474.14,2482,212
22021,BLUE FELT EASTER EGG BASKET,2469.91,1437,233
21462,"NURSERY A,B,C PAINTED LETTERS",2465.91,419,171
22540,MINI JIGSAW CIRCUS PARADE,2464.09,6286,189
21789,KIDS RAIN MAC PINK,2461.64,2947,218
22362,GLASS JAR PEACOCK BATH SALTS,2460.6800000000003,764,253
23352,ROLL WRAP 50'S RED CHRISTMAS,2459.2,1800,212
21106,CREAM SLICE FLANNEL CHOCOLATE SPOT,2455.09,801,169
21330,WOODLAND ANIMAL  WRITING SET,2454.0699999999997,1452,201
21747,SMALL SKULL WINDMILL,2452.35,2049,153
22789,T-LIGHT HOLDER SWEETHEART HANGING,2451.36,1252,196
22306,SILVER MUG BONE CHINA TREE OF LIFE,2450.37,1692,163
23489,VINTAGE BELLS GARLAND,2443.35,821,149
84795B,SUNSET CHECK HAMMOCK,2442.69,306,96
22454,MEASURING TAPE BABUSHKA RED,2440.67,861,115
22897,OVEN MITT APPLES DESIGN,2436.01,1629,264
21873,IF YOU CAN'T STAND THE HEAT MUG,2430.87,2065,199
22613,PACK OF 20 SPACEBOY NAPKINS,2429.0699999999997,3061,273
21973,SET OF 36 MUSHROOM PAPER DOILIES,2428.73,1676,210
22609,PENS ASSORTED SPACEBALL,2424.5,7093,201
23406,HOME SWEET HOME KEY HOLDER,2422.6600000000003,456,111
21274,EMBOSSED HEART 3 DRAWER SHELF,2420.69,175,105
20674,GREEN POLKADOT BOWL,2420.11,1873,249
85035A,GARDENIA 3 WICK MORRIS BOXED CANDLE,2412.81,659,178
23400,SHELF WITH 4 HOOKS HOME SWEET HOME,2409.34,461,107
85034A,3 GARDENIA MORRIS BOXED CANDLES,2407.32,856,135
35001G,HAND OPEN SHAPE GOLD,2406.1,758,103
23265,SET OF 3 WOODEN TREE DECORATIONS,2404.79,1769,293
85059,FRENCH ENAMEL WATER BASIN,2403.64,702,211
10133,COLOURING PENCILS BROWN TUBE,2402.97,3871,289
85036A,GARDENIA 1 WICK MORRIS BOXED CANDLE,2401.96,622,165
21187,WHITE BELL HONEYCOMB PAPER GARLAND,2399.4199999999996,1440,144
22421,LIPSTICK PEN FUSCHIA,2397.37,4814,406
21741,COSY SLIPPER SHOES LARGE GREEN,2394.07,733,190
22983,CARD BILLBOARD FONT,2385.1,5592,451
84818,DANISH ROSE PHOTO FRAME,2384.7999999999997,1789,214
21531,RETRO SPOT SUGAR JAM BOWL,2382.24,921,196
21824,PAINTED METAL STAR WITH HOLLY BELLS,2379.0899999999997,2800,211
22537,MAGIC DRAWING SLATE DINOSAUR,2376.84,5753,347
21811,HANGING HEART WITH BELL,2374.7999999999997,4619,219
21826,EIGHT PIECE DINOSAUR SET,2373.24,1825,240
47570,ENGLISH ROSE TABLE CLOTH,2373.01,220,78
23498,CLASSIC BICYCLE CLIPS,2372.68,1640,99
84997d,CHILDRENS CUTLERY POLKADOT PINK,2372.33,285,65
23535,BICYCLE SAFTEY WALL ART,2371.94,458,39
21464,DISCO BALL ROTATOR BATTERY OPERATED,2371.75,559,217
21468,BUTTERFLY CROCHET FOOD COVER,2368.89,671,142
23048,SET OF 10 LANTERNS FAIRY LIGHT STAR,2368.37,577,99
21126,SET OF 6 GIRLS CELEBRATION CANDLES,2367.98,2339,285
22642,SET OF 4 NAPKIN CHARMS STARS,2366.3199999999997,996,141
22973,CHILDREN'S CIRCUS PARADE MUG,2364.1299999999997,1386,152
84459B,YELLOW METAL CHICKEN HEART,2358.5699999999997,1480,213
23401,RUSTIC MIRROR WITH LACE HEART,2354.87,459,83
23412,HEART MIRROR ANTIQUE WHITE,2354.8,358,76
21437,24 HANGING EASTER EGGS FLORAL TUB,2350.92,677,109
21811,CHRISTMAS HANGING HEART WITH BELL,2348.74,1827,163
85172,HYACINTH BULB T-LIGHT CANDLES,2348.48,4447,150
84536A,ENGLISH ROSE NOTEBOOK A7 SIZE,2346.22,5190,613
23396,LE JARDIN BOTANIQUE CUSHION COVER,2345.0,559,166
85199L,LARGE HANGING IVORY & RED WOOD BIRD,2344.15,3545,272
23437,50'S CHRISTMAS GIFT BAG LARGE,2343.63,1915,129
85114A,BLACK ENCHANTED FOREST PLACEMAT,2341.8399999999997,1410,103
22566,FELTCRAFT HAIRBAND PINK AND PURPLE,2340.5499999999997,2794,289
16237,SLEEPING CAT ERASERS,2337.0299999999997,10935,580
84509F,SET OF 4 NEW ENGLAND PLACEMATS,2336.1,2749,36
85114C,RED ENCHANTED FOREST PLACEMAT,2335.7799999999997,1221,161
22251,BIRDHOUSE DECORATION MAGIC GARDEN,2335.15,1884,298
ADJUST,Adjustment by john on 26/01/2010 16,2334.43,20,20
85176,SEWING SUSAN 21 NEEDLE SET,2331.3799999999997,2776,306
21615,4 LAVENDER BOTANICAL DINNER CANDLES,2331.17,1174,169
21947,SET OF 6 HEART CHOPSTICKS,2326.59,1691,298
85106,CUT GLASS HEXAGON T-LIGHT HOLDER,2318.44,1202,59
22539,MINI JIGSAW DOLLY GIRL,2313.24,5744,247
21696,SMALL SILVER TRELLIS CANDLEPOT,2310.15,768,107
22363,GLASS JAR MARMALADE,2309.3,782,169
21804,WHITE CHRISTMAS GARLAND STARS TREES,2308.85,612,137
85107,CUT GLASS T-LIGHT HOLDER OCTAGON,2305.39,1215,70
23371,SET 36 COLOUR PENCILS SPACEBOY,2304.78,1705,185
22133,PINK LOVE HEART SHAPE CUP,2304.11,2508,327
22831,WHITE BROCANTE SOAP DISH,2304.0,780,138
71459,HANGING JAM JAR T-LIGHT HOLDERS,2298.0499999999997,2813,92
17091J,VANILLA INCENSE IN TIN,2297.99,4086,178
22310,IVORY KNITTED MUG COSY,2297.37,1204,165
21482,MUSHROOM BLUE HOT WATER BOTTLE,2296.76,740,184
22336,DOVE DECORATION PAINTED ZINC,2296.27,4734,214
22935,BAKING MOULD ROSE MILK CHOCOLATE,2294.07,771,65
22948,METAL DECORATION NAUGHTY CHILDREN,2292.77,2243,180
22163,HEART STRING MEMO HOLDER HANGING,2291.9100000000003,1287,197
21819,GLITTER CHRISTMAS STAR,2289.6,3896,248
84997b,CHILDRENS CUTLERY RETROSPOT RED,2287.37,273,55
84913A,SOFT PINK ROSE TOWEL,2287.26,629,266
23330,DECORATIVE WICKER HEART MEDIUM,2286.97,1794,216
22024,RAINY LADIES BIRTHDAY CARD,2284.75,5454,439
23029,DRAWER KNOB CRACKLE GLAZE GREEN,2284.12,1340,154
20665,RED SPOTTY PURSE,2278.17,736,156
21655,HANGING RIDGE GLASS T-LIGHT HOLDER,2277.5,1396,89
85183A,CHARLIE & LOLA WASTEPAPER BIN BLUE,2275.75,1512,141
21638,ASSORTED TUTTI FRUTTI NOTEBOOK,2275.61,1039,142
85014C,BLUE/BROWN DOTS RUFFLED UMBRELLA,2270.73,547,72
21651,HANGING GLASS ETCHED TEALIGHT,2266.4799999999996,1399,124
22227,HANGING HEART MIRROR DECORATION,2266.11,3153,356
22409,MONEY BOX BISCUITS DESIGN,2265.48,1664,160
85045,GREEN CHRISTMAS TREE STRING 20LIGHT,2264.09,476,83
20931,BLUE POT PLANT CANDLE,2260.9300000000003,676,157
21125,SET 6 FOOTBALL CELEBRATION CANDLES,2260.14,2161,246
15056n,EDWARDIAN PARASOL NATURAL,2259.44,180,116
22716,CARD CIRCUS PARADE,2254.7,5318,447
23197,SKETCHBOOK MAGNETIC SHOPPING LIST,2253.7,1442,246
84469,ROSE DES PADDED FLOOR CUSHION,2249.41,664,44
23093,SMALL PARISIENNE HEART PHOTO FRAME,2239.2400000000002,939,142
23326,HANGING MINI COLOURED BOTTLES,2237.08,3442,76
21681,GIANT MEDINA STAMPED METAL BOWL,2234.81,233,79
22920,HERB MARKER BASIL,2234.21,3521,252
51014L,"FEATHER PEN,LIGHT PINK",2232.5499999999997,3457,226
23252,VINTAGE RED ENAMEL TRIM JUG,2231.61,595,136
22824,3 TIER SWEETHEART GARDEN SHELF,2225.8500000000004,63,48
84691,PACK 20 DOLLY PEGS,2225.5,2747,235
23079,TOADSTOOL BEDSIDE LIGHT,2225.45,251,106
22074,6 RIBBONS SHIMMERING PINKS,2224.5899999999997,2161,287
22514,CHILDS GARDEN SPADE BLUE,2223.92,1092,233
22069,BROWN  PIRATE TREASURE CHEST,2221.7799999999997,984,267
21476,STEEL SWEETHEART ROUND TABLE CREAM,2219.5099999999998,142,85
23501,KEY RING BASEBALL BOOT UNION JACK,2217.87,1821,112
84997c,CHILDRENS CUTLERY POLKADOT BLUE,2216.2099999999996,265,56
20770,ABSTRACT CIRCLE JOURNAL,2215.81,1055,201
22711,WRAP CIRCUS PARADE,2210.34,5377,181
23403,LETTER HOLDER HOME SWEET HOME,2204.11,625,134
85039B,S/4 IVORY MINI ROSE CANDLE IN BOWL,2200.0499999999997,1666,266
17084R,ASSORTED INCENSE PACK,2198.85,12065,66
22338,STAR DECORATION PAINTED ZINC,2197.3500000000004,6150,264
21774,DECORATIVE CATS BATHROOM BOTTLE,2196.2599999999998,1744,368
21617,4 LILY  BOTANICAL DINNER CANDLES,2195.01,850,169
21195,PINK  HONEYCOMB PAPER BALL,2194.2000000000003,1017,150
22952,72 CAKE CASES VINTAGE CHRISTMAS,2191.34,4370,101
22182,CAKE STAND VICTORIAN FILIGREE SMALL,2190.13,569,172
23436,VINTAGE CHRISTMAS GIFT BAG LARGE,2182.39,1831,105
21611,SET OF 12 LILY BOTANICAL T-LIGHTS,2182.19,750,148
23302,KNEELING MAT HOUSEWORK  DESIGN,2181.4199999999996,1536,230
22913,RED COAT RACK PARIS FASHION,2179.3900000000003,462,122
22714,CARD BIRTHDAY COWBOY,2174.73,5315,359
22292,"SPRING DEC , HANGING CHICK  YELLOW",2164.88,1640,109
21421,PORCELAIN ROSE LARGE,2163.23,1807,105
85216,ASSORTED CAKES FRIDGE MAGNETS,2162.02,2861,187
21643,ASSORTED TUTTI FRUTTI MIRROR,2161.81,1536,204
22708,WRAP DOLLY GIRL,2161.5,5375,159
23445,ICE CREAM BUBBLES,2161.24,2668,101
22227,"DECORATION, HANGING HEART+MIRROR",2161.0,2983,287
22515,CHILDS GARDEN SPADE PINK,2159.1800000000003,1056,208
21905,MORE BUTTER METAL SIGN,2157.87,1623,263
21245,GREEN  SPOTTY PLATE,2155.17,1308,146
22932,BAKING MOULD TOFFEE CUP CHOCOLATE,2154.63,957,71
20764,ABSTRACT CIRCLES SKETCHBOOK,2153.51,690,193
85103,SILVER T-LIGHT SETTING,2153.43,317,87
22802,FAUX FUR CHOCOLATE THROW,2153.1,120,62
22931,BAKING MOULD HEART WHITE CHOCOLATE,2152.75,900,129
21246,RED SPOTTY BIG BOWL,2150.8500000000004,423,101
21359,RELAX LARGE WOOD LETTERS,2150.48,209,73
22695,WICKER WREATH SMALL,2145.87,1500,225
23161,REGENCY CAKE FORK,2145.3,1715,98
23028,DRAWER KNOB CRACKLE GLAZE BLUE,2138.6299999999997,1207,134
23213,STAR WREATH DECORATION WITH BELL,2138.42,1682,152
22852,DOG BOWL VINTAGE CREAM,2132.63,481,155
23031,DRAWER KNOB CRACKLE GLAZE PINK,2132.4999999999995,1266,153
21232,STRAWBERRY CERAMIC TRINKET POT,2131.2200000000003,1369,125
21245,GREEN POLKADOT PLATE,2130.09,1269,158
84670,JAPANESE CROCHETED ANIMAL,2128.72,5196,182
23005,TRAVEL CARD WALLET I LOVE LONDON,2126.55,4733,241
21706,FOLDING UMBRELLA RED/WHITE POLKADOT,2124.14,439,150
21709,FOLDING UMBRELLA  CHOC/WHITE  SPOT,2115.77,533,49
22308,TEA COSY BLUE STRIPE,2115.41,683,214
85099b,JUMBO BAG RED RETROSPOT,2111.64,419,25
23046,PAPER LANTERN 9 POINT DELUXE STAR,2111.4900000000002,349,36
72799F,IVORY PILLAR CANDLE GOLD FLOCK,2110.11,1134,102
23232,WRAP VINTAGE LEAF DESIGN,2109.42,5251,134
21070,VINTAGE BILLBOARD MUG,2108.5,2050,229
22279,POCKET BAG BLUE PAISLEY RED SPOT,2108.37,1443,214
22859,EASTER TIN BUNNY BOUQUET,2105.6699999999996,1260,165
23233,WRAP POPPIES  DESIGN,2105.5,5175,158
84854,GIRLY PINK TOOL SET,2104.2200000000003,386,110
21865,PINK UNION JACK  PASSPORT COVER,2102.46,902,297
84676,BATH DUCK WATERING CAN,2102.46,848,110
22023,EMPIRE BIRTHDAY CARD,2101.18,5028,430
40018F,CHERRY DESIGN PAPERLANTERNS,2100.33,1092,117
22996,TRAVEL CARD WALLET VINTAGE TICKET,2094.93,4801,408
23315,IVORY REFECTORY CLOCK,2094.24,213,86
20665,RED RETROSPOT PURSE,2093.3,630,192
23251,VINTAGE RED ENAMEL TRIM MUG,2090.75,1700,119
23438,RED SPOT GIFT BAG LARGE,2089.92,1713,103
79323S,SILVER CHERRY LIGHTS,2084.32,334,56
22453,MEASURING TAPE BABUSHKA BLUE,2083.46,763,116
23526,DOG LICENCE WALL ART,2081.64,408,29
23152,IVORY SWEETHEART WIRE LETTER RACK,2080.65,554,159
85049H,URBAN BLACK RIBBONS,2079.69,2075,334
22928,YELLOW GIANT GARDEN THERMOMETER,2077.02,301,118
21619,4 VANILLA BOTANICAL CANDLES,2076.64,1132,212
84509B,SET OF 4 FAIRY CAKE PLACEMATS,2076.6,550,168
21803,CHRISTMAS TREE STAR DECORATION,2074.56,4780,322
20983,12 PENCILS TALL TUBE RED SPOTTY,2074.06,2358,258
84796A,PINK HAWAIIAN PICNIC HAMPER FOR 2,2072.9500000000003,284,111
23536,VILLAGE SHOW WALL ART,2072.42,386,18
21058,PARTY INVITES WOODLAND,2070.85,2413,275
21356,TOAST ITS - FAIRY FLOWER,2070.55,1623,349
23370,SET 36 COLOURING PENCILS DOILY,2070.35,1485,147
21200,MULTICOLOUR HONEYCOMB PAPER GARLAND,2070.11,1424,126
23360,SET 8 CANDLES VINTAGE DOILY,2070.1,1060,107
23227,FILIGREE HEART BUTTERFLY WHITE,2070.06,1642,117
84968D,SET OF 16 VINTAGE RED CUTLERY,2069.45,187,68
35953,FOLKART STAR CHRISTMAS DECORATIONS,2068.47,3917,155
21802,CHRISTMAS TREE HEART DECORATION,2067.58,4731,323
22191,EAU DE NIL DINER WALL CLOCK,2067.2,248,119
37476,CONDIMENT TRAY 4 BOWLS AND 4 SPOONS,2066.64,212,77
21657,MILK BOTTLE WITH GLASS STOPPER,2065.21,270,118
23020,GLASS  SONGBIRD STORAGE JAR,2065.14,169,73
22400,MAGNETS PACK OF 4 HOME SWEET HOME,2064.56,2462,234
84990,60 GOLD AND SILVER FAIRY CAKE CASES,2062.19,4248,193
84459A,PINK METAL CHICKEN HEART,2061.85,1269,201
20686,DOLLY MIXTURE CHILDREN'S UMBRELLA,2059.44,602,186
23291,DOLLY GIRL CHILDRENS CUP,2059.03,1634,195
21077,SET/20 WOODLAND PAPER NAPKINS,2058.1,2790,192
85016,SET OF 6 VINTAGE NOTELETS KIT,2056.16,1688,167
21640,ASSORTED TUTTI FRUTTI  FOB NOTEBOOK,2053.5699999999997,2228,205
84763,ZINC FINISH 15CM PLANTER POTS,2039.79,1638,170
23500,KEY RING BASEBALL BOOT ASSORTED,2038.33,1626,98
21630,FLOOR CUSHION ELEPHANT CARNIVAL,2037.6,167,95
22261,FELT EGG COSY WHITE RABBIT,2035.1599999999999,2112,243
23490,T-LIGHT HOLDER HANGING LOVE BIRD,2032.77,542,101
22719,GUMBALL MONOCHROME COAT RACK,2031.1000000000001,1496,231
21348,PINK SPOTS CHOCOLATE NESTING BOXES,2030.8400000000001,842,133
21504,SKULLS GREETING CARD,2030.22,4973,329
22799,SWEETHEART WIRE FRUIT BOWL,2029.34,254,108
22211,WOOD STAMP SET FLOWERS,2028.9499999999998,1535,291
21612,SET 12 WILDFLOWER BOTANICAL T-LIGHT,2025.7700000000002,698,113
22201,FRYING PAN BLUE POLKADOT,2021.65,506,163
23268,SET OF 2 CERAMIC CHRISTMAS REINDEER,2018.1399999999999,1447,89
23543,KEEP CALM WALL ART,2015.97,269,20
22068,BLACK PIRATE TREASURE CHEST,2015.86,1124,276
23289,DOLLY GIRL CHILDRENS BOWL,2013.7,1622,191
22853,CAT BOWL VINTAGE CREAM,2012.02,582,141
21389,IVORY HANGING DECORATION  BIRD,2011.4099999999999,2301,261
22520,CHILDS GARDEN TROWEL BLUE,2011.28,2294,369
23358,HOT STUFF HOT WATER BOTTLE,2008.38,594,89
79323G,GOLD  CHERRY LIGHTS,2007.88,314,61
84828,JUNGLE POPSICLES ICE LOLLY HOLDERS,2007.68,1556,200
23066,SMALL DECO JEWELLERY STAND,2005.81,243,79
23274,STAR T-LIGHT HOLDER WILLIE WINKIE,2004.9999999999998,1180,119
47591C,BLUE FAIRY CAKE CHILD'S APRON,2004.6299999999999,1047,155
79160,HEART SHAPE WIRELESS DOORBELL,2004.5700000000002,959,210
22903,CALENDAR FAMILY FAVOURITES,2003.8200000000002,727,78
22405,MONEY BOX POCKET MONEY DESIGN,2003.4,1648,215
22614,PACK OF 12 SPACEBOY TISSUES,2002.2599999999998,5878,368
20846,ZINC HEART LATTICE T-LIGHT HOLDER,1999.48,1470,169
22496,SET OF 2 ROUND TINS DUTCH CHEESE,1999.0400000000002,732,193
22098,BOUDOIR SQUARE TISSUE BOX,1998.37,2894,309
35971,ROSE FOLKART HEART DECORATIONS,1994.02,1997,217
20703,BLUE PADDED SOFT MOBILE,1993.47,471,169
22521,CHILDS GARDEN TROWEL PINK,1992.1,2291,370
22599,CHRISTMAS MUSICAL ZINC STAR,1991.29,3135,189
21695,SMALL SILVER FLOWER CANDLE POT,1987.5800000000002,642,102
84872A,TEATIME FUNKY FLOWER BACKPACK FOR 2,1983.54,177,102
23357,HOT WATER BOTTLE SEX BOMB,1982.0500000000002,450,102
85217,ASSORTED ICE CREAM FRIDGE MAGNETS,1981.8500000000001,2869,164
22466,FAIRY TALE COTTAGE NIGHT LIGHT,1979.34,976,115
20871,OPULENT VELVET SET/3 CANDLES,1978.0500000000002,1273,127
85231B,CINAMMON SET OF 9 T-LIGHTS,1977.3799999999999,2153,384
22262,FELT EGG COSY CHICKEN,1975.31,2045,306
22451,SILK PURSE RUSSIAN DOLL RED,1975.27,605,88
22832,BROCANTE SHELF WITH HOOKS,1975.05,179,82
21991,BOHEMIAN COLLAGE STATIONERY SET,1966.07,1118,289
20674,GREEN SPOTTY BOWL,1963.44,1564,214
23374,RED SPOT PAPER GIFT BAG,1962.83,2456,131
21082,SET/20 FRUIT SALAD PAPER NAPKINS,1960.45,7183,163
23228,FILIGREE HEART BIRD WHITE,1960.0,1492,125
23145,ZINC T-LIGHT HOLDER STAR LARGE,1956.6799999999998,2060,167
22166,WALL MIRROR RECTANGLE DIAMANTE PINK,1950.76,234,98
22753,SMALL YELLOW BABUSHKA NOTEBOOK,1950.55,2365,404
22438,BALLOON ART MAKE YOUR OWN FLOWERS,1950.27,1478,170
22210,WOOD STAMP SET BEST WISHES,1949.6899999999998,1615,287
46775D,SUNSET COLOUR CHUNKY KNITTED THROW,1949.2099999999998,154,95
20984,12 PENCILS TALL TUBE POSY,1947.7599999999998,5875,245
21538,DAIRY MAID  PUDDING BOWL,1943.26,1313,51
84581,DOG TOY WITH PINK CROCHET SKIRT,1940.15,511,234
21773,DECORATIVE ROSE BATHROOM BOTTLE,1936.99,1663,308
21692,SILVER LATTICE VANILLA CANDLE POT,1936.62,510,111
21581,SKULLS  DESIGN  COTTON TOTE BAG,1935.17,1188,203
20716,PARTY FOOD SHOPPER BAG,1933.81,1538,246
20684,STRAWBERRY DREAM CHILDS UMBRELLA,1933.62,584,176
15058B,PINK POLKADOT GARDEN PARASOL,1932.97,234,100
22307,GOLD MUG BONE CHINA TREE OF LIFE,1930.48,1266,118
23231,WRAP DOILEY DESIGN,1927.26,4703,164
23094,LE GRAND TRAY CHIC SET,1924.92,152,79
21983,PACK OF 12 BLUE PAISLEY TISSUES,1924.7199999999998,6272,325
21043,APRON MODERN VINTAGE COTTON,1921.03,677,141
40001,WHITE BAMBOO RIBS LAMPSHADE,1920.8799999999999,2492,121
22513,DOORSTOP FOOTBALL DESIGN,1917.32,590,170
21112,SWISS ROLL TOWEL PINK  SPOTS,1913.6899999999998,706,39
22291,HANGING CHICK CREAM DECORATION,1913.35,1293,122
21677,HEARTS  STICKERS,1909.2099999999998,2176,279
21445,12 PINK ROSE PEG PLACE SETTINGS,1907.23,1535,146
22522,CHILDS GARDEN FORK BLUE,1905.81,2239,334
85162B,BLACK RETRODISC LAMPSHADE,1905.15,977,13
84968E,SET OF 16 VINTAGE BLACK CUTLERY,1905.03,162,58
23155,KNICKERBOCKERGLORY MAGNET ASSORTED,1904.77,2221,135
21647,ASSORTED TUTTI FRUTTI LARGE PURSE,1903.4800000000002,850,144
84519B,CARROT CHARLIE+LOLA COASTER SET,1901.27,869,214
23491,VINTAGE JINGLE BELLS HEART,1897.76,228,78
21287,SCENTED VELVET LOUNGE CANDLE,1893.75,4134,93
16169E,WRAP 50'S  CHRISTMAS,1892.46,4563,149
23068,ALUMINIUM STAMPED HEART,1892.2300000000002,779,130
21659,GLASS CAKE STAND,1891.7,120,66
16016,LARGE CHINESE STYLE SCISSOR,1891.1,2338,106
21109,"LARGE CAKE TOWEL, CHOCOLATE SPOTS",1889.28,256,119
22602,RETROSPOT WOODEN HEART DECORATION,1886.28,2076,246
23235,STORAGE TIN VINTAGE LEAF,1886.1000000000001,712,102
21540,DAIRY MAID BUTTER DISH,1885.33,1209,39
22523,CHILDS GARDEN FORK PINK,1884.8,2185,352
23128,FELTCRAFT BOY JEAN-PAUL KIT,1884.76,366,127
23434,3 RAFFIA RIBBONS 50'S CHRISTMAS,1884.17,2095,199
21547,CERAMIC BIRDHOUSE CRESTED TIT SMALL,1877.9800000000002,728,119
23394,POSTE FRANCE CUSHION COVER,1877.65,435,150
21894,POTTING SHED SEED ENVELOPES,1877.47,1345,247
22858,EASTER TIN KEEPSAKE,1877.34,1135,139
84856S,SMALL TAHITI BEACH BAG,1877.21,467,33
22565,FELTCRAFT HAIRBANDS PINK AND WHITE,1875.7599999999998,2053,272
21761,WOOD AND GLASS MEDICINE CABINET,1874.65,67,24
21613,S/12 VANILLA  BOTANICAL T-LIGHTS,1873.2500000000002,636,145
21085,SET/6 WOODLAND PAPER CUPS,1872.68,13731,66
21687,SILVER PLATE CANDLE BOWL LARGE,1871.23,477,101
23090,VINTAGE GLASS T-LIGHT HOLDER,1870.0299999999997,2237,149
23075,PARLOUR CERAMIC WALL HOOK,1869.0000000000002,450,75
21091,SET/6 WOODLAND PAPER PLATES,1868.7,13700,47
20772,GARDEN PATH JOURNAL,1863.9499999999998,974,161
79302M,"ART LIGHTS,FUNK MONKEY",1860.6000000000001,654,107
21841,BABY MOUSE RED GINGHAM DRESS,1857.47,437,132
21123,SET/10 IVORY POLKADOT PARTY CANDLES,1852.09,1520,172
22586,FELTCRAFT HAIRBAND PINK AND BLUE,1848.9399999999998,2122,295
70007,HI TEC ALPINE HAND WARMER,1848.62,1365,205
84797B,BLUE SAVANNAH PICNIC HAMPER FOR 4,1845.2,323,33
21161,KEEP OUT BOYS DOOR HANGER,1843.22,2383,206
84006,MAGIC TREE -PAPER FLOWERS,1842.7499999999998,1962,212
21618,4 WILDFLOWER BOTANICAL CANDLES,1842.61,702,139
85162C,WHITE RETRODISC LAMPSHADE,1841.7,904,46
85173,SET/6 FROG PRINCE T-LIGHT CANDLES,1841.25,1021,150
23378,PACK OF 12 50'S CHRISTMAS TISSUES,1840.08,3997,176
22317,FIVE CATS HANGING DECORATION,1839.4600000000003,589,167
84997b,RED 3 PIECE RETROSPOT CUTLERY SET,1832.7700000000002,217,23
21357,TOAST ITS - DINOSAUR,1832.76,1392,211
22770,MIRROR CORNICE,1829.52,114,71
21158,MOODY GIRL DOOR HANGER,1827.85,2606,310
23109,LED TEA LIGHTS,1826.76,634,65
85164B,BLACK BAROQUE CUCKOO CLOCK,1825.1799999999998,140,65
22533,MAGIC DRAWING SLATE BAKE A CAKE,1824.6,4622,230
72816,SET/3 CHRISTMAS DECOUPAGE CANDLES,1823.84,1454,136
84327A,PINK JUMPER LARRY THE LAMB,1820.2700000000002,959,123
22922,FRIDGE MAGNETS US DINER ASSORTED,1819.8,2109,113
21088,SET/6 FRUIT SALAD PAPER CUPS,1816.73,16615,136
21384,IVORY HANGING DECORATION  BUTTERFLY,1810.1899999999998,1917,150
90167,BEADED LOVE HEART JEWELLERY SET,1809.6699999999998,2207,111
22254,FELT TOADSTOOL LARGE,1807.21,1410,148
22422,TOOTHPASTE TUBE PEN,1803.99,2785,354
47566b,TEA TIME PARTY BUNTING,1803.61,217,113
21280,VINTAGE KITCHEN PRINT VEGETABLES,1800.44,3333,70
21039,RED SPOTTY SHOPPING BAG,1798.04,686,116
22454,MEASURING TAPE RUSSIAN DOLL RED,1796.42,654,64
23160,REGENCY TEA SPOON,1794.48,1450,76
85185B,PINK HORSE SOCK PUPPET,1793.3600000000001,571,168
22975,SPACEBOY CHILDRENS EGG CUP,1788.51,1322,193
21163,DO NOT TOUCH MY STUFF DOOR HANGER,1788.3,2817,253
85127,SMALL SQUARE CUT GLASS CANDLESTICK,1785.46,289,81
84748,FOLK FELT HANGING MULTICOL GARLAND,1781.12,1170,93
20729,RED SPOTTY CANDY BAG,1778.12,5262,121
23317,BLUE REFECTORY CLOCK,1777.46,173,82
22209,WOOD STAMP SET HAPPY BIRTHDAY,1777.1,1428,257
21662,VINTAGE GLASS COFFEE CADDY,1776.6100000000001,273,106
21548,CERAMIC BIRDHOUSE FINCH BLUE ROOF,1776.1200000000001,682,107
23148,MINIATURE ANTIQUE ROSE HOOK IVORY,1775.5099999999998,2091,243
21241,GREEN SPOTTY CUP,1774.72,2102,250
21294,ETCHED GLASS COASTER,1773.75,2342,139
21205,MULTICOLOUR 3D BALLS GARLAND,1772.3899999999999,677,144
84535B,FAIRY CAKES NOTEBOOK A6 SIZE,1766.53,2711,327
84507B,STRIPES DESIGN MONKEY DOLL,1764.03,1349,115
21000,ROSE DU SUD COSMETICS BAG,1762.67,695,94
22103,MIRROR MOSAIC T-LIGHT HOLDER ROUND,1760.6399999999999,1746,71
21927,BLUE/CREAM STRIPE CUSHION COVER,1758.24,1284,192
10125,MINI FUNKY DESIGN TAPES,1755.65,2148,167
21189,WHITE HONEYCOMB PAPER GARLAND,1752.6399999999999,813,123
23372,SET 36 COLOUR PENCILS DOLLY GIRL,1750.29,1389,147
21652,GLASS ETCHED T-LIGHT HOLDER MEDIUM,1747.9399999999998,896,78
23359,SET OF 12 T-LIGHTS VINTAGE DOILY,1747.51,929,73
21281,VINTAGE KITCHEN PRINT SEAFOOD,1747.28,3689,67
22166,"WALL MIRROR , RECT DIAMANTE, PINK/",1746.78,219,61
20767,BLUE PAISLEY JOURNAL,1746.71,814,179
22676,FRENCH BLUE METAL DOOR SIGN 1,1746.1,1268,226
21780,MA CAMPAGNE 4 DRAWER WALL SHELF,1745.85,203,32
85060,WOOD FAN WITH FLOWER DESIGN,1745.62,1448,87
23399,HOME SWEET HOME HANGING HEART,1745.55,1914,225
22587,FELTCRAFT HAIRBAND RED AND BLUE,1745.0,1973,302
84509G,SET OF 4 FAIRY CAKE PLACEMATS,1744.9,724,132
22535,MAGIC DRAWING SLATE BUNNIES,1744.9,4173,292
84843,WHITE SOAP RACK WITH 2 BOTTLES,1742.96,282,110
21637,ASSORTED SANSKRIT MINI NOTEBOOK,1741.72,1358,93
21760,FRENCH STYLE WALL DRESSER,1740.0,15,12
23101,SILVER STARS TABLE DECORATION,1739.6299999999999,2031,213
22035,VINTAGE CARAVAN GREETING CARD,1737.98,4097,360
23096,PETIT TRAY CHIC,1736.6899999999998,1033,146
23181,BULL DOG BOTTLE TOP WALL CLOCK,1733.57,201,82
21620,SET OF 4 ROSE BOTANICAL CANDLES,1733.36,961,184
21275,ZINC TOP  2 DOOR WOODEN SHELF,1731.43,250,55
21895,POTTING SHED SOW 'N' GROW SET,1731.35,557,85
21090,SET/6 COLLAGE PAPER PLATES,1730.79,3109,278
22123,PING MICROWAVE APRON,1729.0,660,166
22026,BANQUET BIRTHDAY  CARD,1728.4,4054,366
23122,PARTY CHARMS 50 PIECES,1726.09,2251,133
22354,RETRO SPOT PADDED SEAT CUSHION,1718.93,475,56
22706,WRAP COWBOYS,1714.24,4272,125
21576,LETS GO SHOPPING COTTON TOTE BAG,1711.5,742,205
22516,CHILDS GARDEN RAKE BLUE,1711.1200000000001,842,162
22934,BAKING MOULD EASTER EGG WHITE CHOC,1707.47,589,78
21629,SQUARE FLOOR CUSHION VINTAGE RED,1706.8,160,91
23073,GEORGIAN TRINKET BOX,1706.5,143,61
20990,SPRING FLOWER CHOPSTICKS SET/5,1706.1399999999999,895,103
22319,HAIRCLIPS FORTIES FABRIC ASSORTED,1705.8400000000001,2999,174
20996,JAZZ HEARTS ADDRESS BOOK,1705.28,6337,335
22673,FRENCH GARDEN SIGN BLUE METAL,1703.77,1347,195
21251,DINOSAUR HEIGHT CHART STICKER SET,1701.66,598,132
21394,RED POLKADOT BEAKER,1698.8799999999999,3920,134
22286,"DECORATION , WOBBLY RABBIT , METAL",1696.2899999999997,1107,128
22198,"POPCORN HOLDER , LARGE",1696.2099999999998,1008,92
84795A,PASTEL STRIPE HAMMOCK,1696.02,208,70
82615,PINK MARSHMALLOW SCARF KNITTING KIT,1695.77,618,90
21786,RAIN HAT WITH RED SPOTS,1688.2,4457,157
85039A,SET/4 RED MINI ROSE CANDLE IN BOWL,1687.9299999999998,1464,251
22416,SET OF 36 DOILIES SPACEBOY DESIGN,1687.0,1212,112
85131A,BEADED PEARL HEART WHITE ON STICK,1686.8799999999999,2082,199
85221,ASSORTED COLOUR SILK COIN PURSE,1685.46,3558,47
21446,12 RED ROSE PEG PLACE SETTINGS,1683.61,1266,232
18098c,PORCELAIN BUTTERFLY OIL BURNER,1682.01,332,135
22450,SILK PURSE BABUSHKA BLUE,1679.7900000000002,495,111
23368,SET 12 COLOUR PENCILS DOLLY GIRL,1679.5500000000002,2379,232
72817,SET OF 2 CHRISTMAS DECOUPAGE CANDLE,1679.1,1550,208
46776F,WOVEN ROSE GARDEN CUSHION COVER,1675.73,487,157
21382,SET/4 SPRING FLOWER DECORATION,1674.51,1241,152
84913B,MINT GREEN ROSE TOWEL,1672.3700000000001,442,200
35809A,ENAMEL PINK TEA CONTAINER,1670.99,1138,177
23214,JINGLE BELL HEART ANTIQUE GOLD,1670.0800000000002,777,102
85049a,TRADITIONAL CHRISTMAS RIBBONS,1669.6399999999999,499,51
15058A,BLUE POLKADOT GARDEN PARASOL,1668.49,200,89
22804,PINK HANGING HEART T-LIGHT HOLDER,1664.16,880,76
21694,SMALL REGAL  SILVER CANDLEPOT,1663.96,580,70
21633,SUNFLOWER DECORATIVE PARASOL,1663.11,175,72
21162,TOXIC AREA  DOOR HANGER,1660.6899999999998,2404,285
20752,RETRO BLUE SPOTTY WASHING UP GLOVES,1655.74,965,156
21278,VINTAGE KITCHEN PRINT PUDDINGS,1654.4499999999998,2758,118
35241,ENAMEL BLUE RIM BISCUIT BIN,1651.49,312,130
23505,PLAYING CARDS I LOVE LONDON,1651.29,1200,115
22025,RING OF ROSES BIRTHDAY CARD,1650.93,3987,288
21426,WOODLAND STORAGE BOX SMALL,1649.17,1029,99
23273,HEART T-LIGHT HOLDER WILLIE WINKIE,1649.0499999999997,969,112
21448,12 DAISY PEGS IN WOOD BOX,1648.4799999999998,959,211
21039,RED RETROSPOT SHOPPING BAG,1647.6299999999999,633,112
23270,SET OF 2 CERAMIC PAINTED HEARTS,1646.32,1174,125
21332,MOROCCAN BEATEN METAL MIRROR,1644.17,270,50
21645,ASSORTED TUTTI FRUTTI ROUND BOX,1642.6499999999999,969,133
85036C,ROSE 1 WICK MORRIS BOXED CANDLE,1641.77,881,128
21545,CERAMIC BIRDHOUSE BUTTERFLY SMALL,1640.1200000000001,697,82
37441,ASSORTED WHITE EMBOSSED CHINA MUGS,1639.8000000000002,700,54
22410,MONEY BOX HOUSEKEEPING DESIGN,1637.46,1339,196
21279,VINTAGE KITCHEN PRINT FRUITS,1637.01,3530,101
85180A,RED HEARTS LIGHT CHAIN,1636.42,629,99
23483,HANGING  BUTTERFLY T-LIGHT HOLDER,1636.36,1328,73
21541,DINOSAURS WATER TRANSFER TATTOOS,1636.24,1907,201
23366,SET 12 COLOURING PENCILS DOILY,1636.1000000000001,2200,191
23348,CHILDRENS TOY COOKING UTENSIL SET,1633.81,746,168
20802,SMALL GLASS SUNDAE DISH CLEAR,1630.05,1067,116
22597,CHRISTMAS MUSICAL ZINC HEART,1629.3999999999999,1890,115
21593,SWALLOW CIGAR BOX MATCHES,1629.31,1391,94
21283,NATURAL BARK CANDLE SMALL,1629.2,512,81
21656,RIDGED GLASS POSY VASE,1627.98,989,140
21793,CLASSIC FRENCH STYLE BASKET BROWN,1627.3600000000001,353,102
21818,GLITTER CHRISTMAS HEART,1625.76,1921,143
23391,I LOVE LONDON MINI BACKPACK,1624.02,388,86
84619,BLUE GINGHAM ROSE QUILT,1622.96,72,29
21837,CROSS STITCH ALPHABET CUSHION COVER,1622.64,244,91
22705,WRAP GREEN PEARS,1620.36,3858,151
22106,MIRROR MOSAIC HURRICANE LAMP,1620.34,515,79
22559,SEASIDE FLYING DISC,1620.09,1277,176
22292,HANGING CHICK  YELLOW DECORATION,1619.09,1145,113
21801,CHRISTMAS TREE DECORATION WITH BELL,1618.71,3753,258
22099,CARAVAN SQUARE TISSUE BOX,1614.23,2144,291
22260,FELT EGG COSY BLUE RABBIT,1613.9599999999998,1571,241
23217,LAUREL HEART ANTIQUE SILVER,1613.82,1309,97
48195,DOOR MAT GREEN PAISLEY,1613.56,268,86
21986,PACK OF 12 PINK POLKADOT TISSUES,1612.06,5211,272
35471D,SET OF 3 BIRD LIGHT PINK FEATHER,1611.9199999999998,2251,348
21675,BUTTERFLIES STICKERS,1610.6399999999999,1817,268
22912,YELLOW COAT RACK PARIS FASHION,1606.98,338,108
35810A,ENAMEL PINK COFFEE CONTAINER,1604.74,1205,171
23287,RED VINTAGE SPOT BEAKER,1603.3899999999999,1879,198
21849,SILVER DIAMANTE PEN IN GIFT BOX,1602.08,658,134
21542,WOODLAND WATER TRANSFER TATTOOS,1600.75,1877,190
21383,PACK OF 12 STICKY BUNNIES,1599.53,2218,323
22517,CHILDS GARDEN RAKE PINK,1597.8300000000002,808,152
23226,FILIGREE HEART DAISY WHITE,1596.67,1247,98
23244,ROUND STORAGE TIN VINTAGE LEAF,1593.58,864,103
21867,PINK UNION JACK  LUGGAGE TAG,1591.6299999999999,1166,288
35160,BUDDHA INCENSE HOLDER ASSORTED,1590.6399999999999,2180,56
20735,BLACK MINI TAPE MEASURE,1589.03,1545,202
20902,VINTAGE KEEPSAKE BOX PARIS DAYS,1588.8,212,116
85170A,SET/6 IVORY BIRD T-LIGHT CANDLES,1587.16,849,84
20986,BLUE CALCULATOR RULER,1584.84,1246,204
84536B,FAIRY CAKES NOTEBOOK A7 SIZE,1583.91,3541,399
21579,LOLITA  DESIGN  COTTON TOTE BAG,1583.9099999999999,1038,136
15056bl,EDWARDIAN PARASOL BLACK,1583.52,126,87
23369,SET 36 COLOUR PENCILS LOVE LONDON,1581.06,1105,126
85222,ASSORTED COLOUR SILK COSMETIC PURSE,1579.68,1406,50
21123,SET/10 IVORY SPOTTY PARTY CANDLES,1578.47,1261,80
37342,POLKADOT COFFEE CUP & SAUCER PINK,1577.6200000000001,1589,117
21925,UNION STRIPE CUSHION COVER,1577.33,1213,167
22976,CIRCUS PARADE CHILDRENS EGG CUP,1576.57,1210,149
22608,PENS ASSORTED FUNKY JEWELED,1575.47,5736,170
72803A,ROSE SCENT CANDLE JEWELLED DRAWER,1574.75,729,97
21289,LARGE STRIPES CHOCOLATE GIFT BAG,1573.06,1432,102
21631,HIPPY CHIC DECORATIVE PARASOL,1571.75,221,54
21092,SET/6 STRAWBERRY PAPER PLATES,1571.5,12846,28
20766,GARDEN PATH SKETCHBOOK,1571.09,523,155
22915,ASSORTED BOTTLE TOP  MAGNETS,1570.76,3461,194
23462,ROCOCO WALL MIRROR WHITE,1567.1399999999999,78,45
15059A,ENGLISH ROSE EDWARDIAN PARASOL,1567.0,509,4
20681,PINK POLKADOT CHILDRENS UMBRELLA,1566.93,429,135
84789,ENCHANTED BIRD PLANT CAGE,1566.01,446,124
79323B,BLACK CHERRY LIGHTS,1565.7,242,58
21550,CERAMIC BIRDHOUSE CRESTED TIT LARGE,1565.51,295,64
21972,SET OF 36 DINOSAUR PAPER DOILIES,1560.82,1055,171
85194L,HANGING SPRING FLOWER EGG LARGE,1560.6299999999999,1818,147
21276,TWO EMBOSSED HEART MINI DRAWERS,1558.94,677,29
85036B,CHOCOLATE 1 WICK MORRIS BOX CANDLE,1555.6599999999999,604,87
22343,PARTY PIZZA DISH RED RETROSPOT,1551.6699999999998,2809,153
22337,ANGEL DECORATION PAINTED ZINC,1550.96,2509,146
75131,METAL TUBE CHIME ON BAMBOO,1549.77,1220,68
21710,FOLDING UMBRELLA  PINK/WHITE  SPOT,1549.34,584,49
21002,ROSE DU SUD DRAWSTRING BAG,1547.54,429,184
84919,BLUE CUSHION COVER WITH FLOWER,1545.53,283,39
21246,RED RETROSPOT BIG BOWL,1544.68,328,108
21851,LILAC DIAMANTE PEN IN GIFT BOX,1544.62,644,149
16033,MINI HIGHLIGHTER PENS,1544.52,15121,50
22982,PANTRY PASTRY BRUSH,1543.77,1154,212
21610,SET 12 PEAR BOTANICAL T-LIGHTS,1543.67,542,97
20768,GREEN FERN JOURNAL,1541.84,770,149
84795D,SEASIDE STRIPE HAMMOCK,1538.79,189,83
20893,HANGING BAUBLE T-LIGHT HOLDER SMALL,1535.39,667,76
85177,BASKET OF FLOWERS SEWING KIT,1533.28,1837,143
85136C,RED SHARK HELICOPTER,1533.27,189,122
23267,SET OF 4 SANTA PLACE SETTINGS,1531.95,1202,108
72008,FROSTED BOX 9 WHITE T-LIGHT CANDLES,1531.3999999999999,3819,215
22449,SILK PURSE RUSSIAN DOLL PINK,1530.6200000000001,460,90
21282,NATURAL BARK CANDLE LARGE,1522.28,356,69
84659A,WHITE TRAVEL ALARM CLOCK,1522.2199999999998,609,224
85125,SMALL ROUND CUT GLASS CANDLESTICK,1520.19,313,62
21785,RAIN PONCHO,1517.99,2008,100
22293,"SPRING DEC , HANGING CHICK  GREEN",1516.9199999999998,1128,100
21099,SET/6 STRAWBERRY PAPER CUPS,1516.64,13290,33
22340,NOEL GARLAND PAINTED ZINC,1514.4099999999999,1800,184
21146,ANTIQUE GLASS RIDGED HANGING BALL,1513.6699999999998,789,58
21634,ASSORTED MINI MADRAS NOTEBOOK,1512.76,1773,69
21661,VINTAGE GLASS TEA CADDY,1511.3100000000002,239,98
22137,BATHROOM SET LOVE HEART DESIGN,1511.23,607,43
84856L,LARGE TAHITI BEACH BAG,1504.15,239,81
84526,GIANT BLACK SUNGLASSES,1503.6399999999999,538,34
85159B,"WHITE TEA,COFFEE,SUGAR JARS",1503.5,659,88
22677,FRENCH BLUE METAL DOOR SIGN 2,1501.68,1080,203
23250,VINTAGE RED TRIM ENAMEL BOWL,1501.03,1155,108
21190,PINK HEARTS PAPER GARLAND,1500.3899999999999,918,111
21066,VINTAGE RED MUG,1499.69,2286,131
21051,RIBBONS PURSE,1498.7800000000002,758,127
21786,POLKADOT RAIN HAT,1498.67,3328,293
22815,CARD PSYCHEDELIC APPLES,1496.28,3496,340
21739,COSY SLIPPER SHOES SMALL GREEN,1496.1000000000001,509,177
21199,PINK  HEART CONFETTI IN TUBE,1495.6999999999998,1305,149
21807,WHITE CHRISTMAS STAR DECORATION,1495.57,3395,172
23280,FOLDING BUTTERFLY MIRROR HOT PINK,1495.24,1867,152
21009,ETCHED GLASS STAR TREE DECORATION,1494.99,1047,102
85160A,WHITE BIRD GARDEN DESIGN MUG,1493.75,8816,32
85167B,BLACK GRAND BAROQUE PHOTO FRAME,1493.53,727,59
22052,VINTAGE CARAVAN GIFT WRAP,1492.0,3600,128
23334,IVORY WICKER HEART SMALL,1491.75,2271,130
20734,SILVER MINI TAPE MEASURE,1485.6799999999998,1598,117
15058A,BLUE WHITE SPOTS GARDEN PARASOL,1485.24,276,59
22393,PAPERWEIGHT VINTAGE COLLAGE,1484.6699999999998,839,120
85055,FRENCH ENAMEL UTENSIL HOLDER,1484.31,369,107
22546,MINI JIGSAW PURDEY,1483.6599999999999,3709,171
23271,CHRISTMAS TABLE SILVER CANDLE SPIKE,1483.61,1715,103
23559,WOODLAND BUNNIES LOLLY MAKERS,1482.41,649,124
84510B,SET OF 4 FAIRY CAKES COASTERS,1481.05,1171,147
20733,GOLD MINI TAPE MEASURE,1477.7,1957,294
23392,SPACEBOY ROCKET LOLLY MAKERS,1475.03,662,113
22157,ANGEL DECORATION WITH LACE PADDED,1474.35,1725,124
21065,BOOM BOX SPEAKER GIRLS,1473.18,610,118
84616,SILVER ROCCOCO CHANDELIER,1472.62,72,25
21198,WHITE HEART CONFETTI IN TUBE,1472.3,1282,118
22094,RED RETROSPOT TISSUE BOX,1470.43,2589,232
35965,FOLKART HEART NAPKIN RINGS,1470.26,643,174
21869,POTTING SHED COFFEE MUG,1469.5800000000002,1264,111
85198,ASSORTED FARMYARD ANIMALS IN BUCKET,1469.4999999999998,3859,51
84637,KITCHEN FLOWER POTS WALL PLAQUE,1467.21,586,114
22986,GINGHAM ROSE WRAP,1466.98,3569,122
21410,COUNTRY COTTAGE  DOORSTOP GREEN,1466.75,313,150
35637A,IVORY STRING CURTAIN WITH POLE,1464.58,552,53
21317,GLASS SPHERE CANDLE STAND MEDIUM,1464.42,358,74
21644,ASSORTED TUTTI FRUTTI HEART BOX,1463.97,1089,137
22390,PAPERWEIGHT CHILDHOOD MEMORIES,1463.82,819,83
23365,SET 12 COLOUR PENCILS LOVE LONDON,1463.0800000000002,1857,169
21159,MOODY BOY  DOOR HANGER,1462.77,2117,250
47591d,PINK FAIRY CAKE CHILDRENS APRON,1461.6,290,72
23470,CARD HOLDER LOVE BIRD LARGE,1460.5,232,84
20761,BLUE PAISLEY SKETCHBOOK,1460.2,466,146
85135C,RED DRAGONFLY HELICOPTER,1459.8300000000002,179,111
22929,SCHOOL DESK AND CHAIR,1459.75,23,17
22093,MOTORING TISSUE BOX,1457.38,2367,275
85098B,BLUE FLYING SINGING CANARY,1456.94,366,114
22228,BUNNY WOODEN PAINTED WITH BIRD,1456.6,1727,275
21292,SMALL STRIPES CHOCOLATE GIFT BAG,1450.9099999999999,2477,91
22316,200 BENDY SKULL STRAWS,1450.32,1271,119
23034,DRAWER KNOB CERAMIC BLACK,1448.6699999999998,979,88
22396,MAGNETS PACK OF 4 RETRO PHOTO,1448.35,1910,184
84596G,SMALL CHOCOLATES PINK BOWL,1447.83,2231,348
37343,SPOTS DESIGN MUG W PINK INSIDE,1445.78,917,74
35004G,SET OF 3 GOLD FLYING DUCKS,1444.9099999999999,363,76
22817,CARD SUKI BIRTHDAY,1442.49,3407,355
84313C,ORANGE TV TRAY TABLE,1442.3899999999999,548,73
23086,ZINC  STAR T-LIGHT HOLDER,1441.43,1217,46
22249,DECORATION WHITE CHICK MAGIC GARDEN,1434.6599999999999,1636,243
22324,BLUE POLKADOT KIDS BAG,1433.51,585,151
85071A,BLUE CHARLIE+LOLA PERSONAL DOORSIGN,1433.39,1913,147
20801,LARGE PINK GLASS SUNDAE DISH,1432.12,1094,111
22819,"BIRTHDAY CARD, RETRO SPOT",1431.6,3379,331
21561,DINOSAUR LUNCHBOX WITH CUTLERY,1429.8999999999999,570,113
20840,FRENCH FLORAL CUSHION COVER,1428.4099999999999,886,93
22071,SMALL RETRO SPOT MUG IN BOX  WHITE,1426.13,383,81
21495,SKULLS WRAP,1424.0,3400,109
85169A,IVORY LOVE BIRD CANDLE,1423.33,1281,151
15034,PAPER POCKET TRAVELING FAN,1422.45,10182,255
21358,TOAST ITS - HAPPY BIRTHDAY,1421.22,1146,222
23057,BEADED CHANDELIER T-LIGHT HOLDER,1420.97,695,38
21822,GLITTER CHRISTMAS TREE WITH BELLS,1420.06,1048,142
21532,DAIRY MAID SUGAR JAM BOWL,1419.71,1387,90
22285,HANGING HEN ON NEST DECORATION,1418.82,828,114
22917,HERB MARKER ROSEMARY,1418.42,2034,252
20780,BLACK EAR MUFF HEADPHONES,1417.25,247,98
21828,EIGHT PIECE SNAKE  SET,1414.18,1113,180
85135B,BLUE DRAGONFLY HELICOPTER,1413.0,174,115
22333,RETRO SPOT PARTY BAG + STICKER SET,1412.25,938,34
85032D,YULETIDE IMAGES GIFT WRAP SET,1411.48,1190,133
22756,LARGE YELLOW BABUSHKA NOTEBOOK,1409.72,1215,215
22924,FRIDGE MAGNETS LA VIE EN ROSE,1407.48,1563,95
85017B,ENVELOPE 50 BLOSSOM IMAGES,1407.3899999999999,2251,317
22339,CHRISTMAS TREE PAINTED ZINC,1406.8500000000001,3551,145
23249,VINTAGE RED ENAMEL TRIM PLATE,1406.2999999999997,830,80
90200D,PINK SWEETHEART BRACELET,1406.22,335,150
47503A,ASS FLORAL PRINT MULTI SCREWDRIVER,1405.51,2853,195
23119,PACK OF 6 LARGE FRUIT STRAWS,1401.7,2282,151
85087,CANDY SPOT CUSHION COVER,1401.1100000000001,421,146
21011,GLITTER SNOW PEAR TREE DECORATION,1399.8999999999999,1858,118
21910,WAY OUT METAL SIGN,1399.83,1067,111
22977,DOLLY GIRL CHILDRENS EGG CUP,1396.41,1060,140
22916,HERB MARKER THYME,1396.0900000000001,2003,249
22686,FRENCH BLUE METAL DOOR SIGN No,1395.97,1054,173
21684,SMALL MEDINA STAMPED METAL BOWL,1395.74,1735,104
23055,IVORY CHANDELIER T-LIGHT HOLDER,1395.18,657,38
15058B,PINK WHITE SPOTS GARDEN PARASOL,1394.7,204,56
23040,PAPER LANTERN 9 POINT SNOW STAR,1394.03,253,41
22923,FRIDGE MAGNETS LES ENFANTS ASSORTED,1392.2099999999998,1662,90
21738,COSY SLIPPER SHOES SMALL  RED,1390.5100000000002,442,131
84819,DANISH ROSE ROUND SEWING BOX,1389.51,913,95
47503K,ASSORTED FLORAL SECATEURS,1389.44,3177,42
22202,MILK PAN PINK POLKADOT,1388.88,347,80
84665,SQUARE CHERRY BLOSSOM CABINET,1388.5,230,47
22250,DECORATION  BUTTERFLY  MAGIC GARDEN,1387.94,1524,257
35957,SMALLFOLKART BAUBLE CHRISTMAS DEC,1387.74,3775,148
84562A,PINK/WHITE RIBBED MELAMINE JUG,1386.21,170,78
46776B,WOVEN BERRIES CUSHION COVER,1386.07,432,153
20658,RED SPOTTY LUGGAGE TAG,1385.3,1000,195
84685,BEACH HUT KEY CABINET,1385.16,438,125
23376,PACK OF 12 VINTAGE CHRISTMAS TISSUE,1384.9099999999999,3039,155
35599D,PINK AND WHITE CHRISTMAS TREE 120CM,1384.21,409,103
20762,GREEN FERN SKETCHBOOK,1381.53,466,136
84396,6 HOOK JEWELLERY STAND BLACK DRESS,1380.52,552,49
23104,IVORY CAFE HANGING LAMP,1380.42,116,45
23414,ZINC BOX SIGN HOME,1378.75,141,64
20866,BLUE ROSE FABRIC MIRROR,1377.69,1284,191
20704,MR ROBOT SOFT TOY,1371.42,361,80
23536,WALL ART VILLAGE SHOW,1369.71,240,67
21209,MULTICOLOUR HONEYCOMB FAN,1369.6899999999998,1477,137
21059,PARTY INVITES DINOSAURS,1368.9599999999998,1620,221
23000,TRAVEL CARD WALLET TRANSPORT,1368.28,3169,278
21398,RED  SPOTTY COFFEE  MUG,1367.79,710,53
23546,WRAP PAISLEY PARK,1365.0,3250,120
22050,PINK PAISLEY ROSE GIFT WRAP,1364.5,3325,115
23221,REINDEER HEART DECORATION SILVER,1363.04,1536,145
16161U,"WRAP,SUKI AND FRIENDS",1363.0,3350,110
35649,VINTAGE BEAD COSMETIC BAG,1362.8999999999999,1826,53
22269,EGG CUP NATURAL CHICKEN,1360.21,1522,204
84965B,BLUE KASHMIRI COFFEE TABLE,1359.95,27,4
35598D,PINK/WHITE CHRISTMAS TREE 60CM,1359.17,1764,103
22918,HERB MARKER PARSLEY,1356.8700000000001,1968,249
22246,"GARLAND, MAGIC GARDEN 1.8M",1355.76,668,95
23469,CARD HOLDER LOVE BIRD SMALL,1355.24,332,72
16235,RECYCLED PENCIL WITH RABBIT ERASER,1354.5,5906,310
85071B,RED CHARLIE+LOLA PERSONAL DOORSIGN,1352.96,2436,165
17129D,CLEAR COLOUR GLASS GEMS IN BAG,1351.1799999999998,1125,39
22446,PIN CUSHION BABUSHKA PINK,1349.58,503,153
22293,HANGING CHICK GREEN DECORATION,1349.24,908,125
84466,TOP SECRET PEN SET,1348.36,1256,73
21580,RABBIT  DESIGN  COTTON TOTE BAG,1347.6299999999999,550,172
21775,DECORATIVE FLORE BATHROOM BOTTLE,1346.37,882,277
21529,RETRO SPOT CERAMIC TOASTRACK,1346.0800000000002,383,103
22481,BLACK TEA TOWEL CLASSIC DESIGN,1346.06,1301,219
21945,STRAWBERRIES  DESIGN FLANNEL,1345.52,1891,240
84828,JUNGLE POPSICLES ICE LOLLY MOULDS,1338.8700000000001,960,153
21397,BLUE  SPOTTY EGG CUP,1338.3600000000001,994,99
20798,CLEAR MILKSHAKE GLASS,1337.55,565,83
85032A,ROMANTIC IMAGES GIFT WRAP SET,1336.1100000000001,1447,161
20993,JAZZ HEARTS MEMO PAD,1334.1100000000001,10967,32
21277,FRENCH STYLE EMBOSSED HEART CABINET,1331.34,55,48
22893,MINI CAKE STAND T-LIGHT HOLDER,1330.5,2774,182
23538,WALL ART VINTAGE HEART,1329.54,331,32
20933,YELLOW POT PLANT CANDLE,1329.4900000000002,505,52
22701,PINK DOG BOWL,1329.43,677,158
21219,SET/4 BADGES BALLOON GIRL,1328.32,1028,176
22051,BLUE SCANDINAVIAN PAISLEY WRAP,1328.0,3200,116
23232,WRAP VINTAGE PETALS  DESIGN,1327.5,3275,104
21926,RED/CREAM STRIPE CUSHION COVER,1325.27,1009,147
72818,CHRISTMAS DECOUPAGE CANDLE,1323.0,2439,127
22761,CHEST 7 DRAWER MA CAMPAGNE,1320.48,54,34
21157,RED SPOTTY WASHBAG,1319.96,586,132
85200,BUNNY EGG BOX,1319.09,1045,105
35648,VINTAGE BEAD PINK PURSE,1318.1499999999999,1055,143
22181,SNOWSTORM PHOTO FRAME FRIDGE MAGNET,1317.6499999999999,1567,138
20760,GARDEN PATH POCKET BOOK,1317.06,5554,81
84569D,PACK 6 HEART/ICE-CREAM PATCHES,1316.31,1044,179
84688,BEACH HUT DESIGN BLACKBOARD,1313.52,422,81
23373,VINTAGE CHRISTMAS PAPER GIFT BAG,1313.3899999999999,1608,100
23405,HOME SWEET HOME 2 DRAWER CABINET,1311.48,252,70
85232A,SET/3 POLKA DOT STACKING TINS,1311.42,262,94
85170D,SET/6 PINK BIRD T-LIGHT CANDLES,1311.09,727,151
21842,PINK HEART CANDY BUTTON CALCULATOR,1308.74,551,47
82613D,METAL SIGN CUPCAKE SINGLE HOOK,1306.96,1196,271
84609,TALL ROCOCO CANDLE HOLDER,1306.22,144,38
22097,SWALLOW SQUARE TISSUE BOX,1304.26,2081,242
85231G,ORANGE SCENTED SET/9 T-LIGHTS,1304.06,1496,253
22543,MINI JIGSAW BAKE A CAKE,1303.77,3298,118
85025C,PINK HEART SHAPE PHOTO FRAME,1302.53,728,125
20738,GREEN MINI TAPE MEASURE,1301.72,1610,74
21248,DOOR HANGER  MUM + DADS ROOM,1299.55,1043,158
22105,MIRROR MOSAIC GOBLET CANDLE HOLDER,1298.91,693,55
79191C,RETRO PLASTIC ELEPHANT TRAY,1295.46,1621,157
16225,RATTLE SNAKE EGGS,1295.18,1527,165
17091A,LAVENDER INCENSE IN TIN,1294.6399999999999,2092,117
22232,JIGSAW TOADSTOOLS 3 PIECE,1292.59,1093,156
46776A,WOVEN BUBBLE GUM CUSHION COVER,1291.65,408,121
22267,EASTER DECORATION EGG BUNNY,1291.47,1472,117
22258,FELT FARM ANIMAL RABBIT,1291.05,1342,131
85006,SET 4 NURSERY DES ROUND BOXES,1289.31,3049,37
20765,CHRYSANTHEMUM SKETCHBOOK,1287.56,448,146
84625A,PINK NEW BAROQUECANDLESTICK CANDLE,1287.49,861,81
21063,PARTY INVITES JAZZ HEARTS,1286.87,1492,238
85141,JARDIN ETCHED GLASS FRUITBOWL,1286.44,182,71
47591B,SCOTTIES CHILDRENS APRON,1286.4199999999998,809,183
20752,BLUE POLKADOT WASHING UP GLOVES,1283.94,561,202
46775E,CANDY POP CHUNKY KNITTED THROW,1282.9,101,51
20777,CHRYSANTHEMUM NOTEBOOK,1280.97,3669,169
22214,CANDLE PLATE LACE WHITE,1279.79,549,92
22919,HERB MARKER MINT,1279.3400000000001,1829,248
84816,DANISH ROSE BEDSIDE CABINET,1278.3500000000001,33,20
22389,PAPERWEIGHT SAVE THE PLANET,1276.12,659,92
84658,WHITE STITCHED CUSHION COVER,1276.11,225,64
22323,PINK POLKADOT KIDS BAG,1275.31,539,115
21425,SKULLS STORAGE BOX LARGE,1274.93,505,95
21759,METAL WALL SHELF UNIT WITH HOOKS,1274.47,30,13
23072,MARIE ANTOINETTE TRINKET BOX SILVER,1273.76,334,30
21537,RETRO SPOTS PUDDING BOWL,1273.26,294,74
21689,SILVER VANILLA  FLOWER CANDLE POT,1271.87,343,60
21549,CERAMIC BIRDHOUSE RED ROOF SMALL,1270.39,547,51
85163B,BLACK BAROQUE WALL CLOCK,1268.6599999999999,115,66
22732,3D STICKERS VINTAGE CHRISTMAS,1268.0,1060,38
22808,SET OF 6 T-LIGHTS EASTER CHICKS,1264.5300000000002,427,83
85159A,"BLACK TEA,COFFEE,SUGAR JARS",1261.68,494,82
85136A,YELLOW SHARK HELICOPTER,1261.1100000000001,155,106
77101A,UNION FLAG WINDSOCK,1260.97,1086,88
79163,BLACK CHAMPAGNE GLASS,1260.6299999999999,1845,64
21253,SET OF PICTURE FRAME  STICKERS,1260.6000000000001,341,122
21708,FOLDING UMBRELLA  CREAM/MULTI  SPOT,1260.25,379,53
40003,WHITE BAMBOO RIBS LAMPSHADE,1258.27,1151,60
23061,VINTAGE EMBOSSED HEART,1257.68,955,113
21145,ANTIQUE GLASS PLACE SETTING,1256.21,869,49
20825,GOLD WINE GLASS,1255.08,361,7
20731,POSY CANDY BAG,1254.17,4143,73
23237,SET OF 4 KNICK KNACK TINS LEAVES,1253.7800000000002,306,54
22921,HERB MARKER CHIVES,1253.29,1801,220
22545,MINI JIGSAW BUNNIES,1252.51,3048,175
22280,POCKET BAG PINK PAISELY BROWN SPOT,1252.49,880,158
23511,EMBROIDERED RIBBON REEL EMILY,1252.01,571,98
22678,FRENCH BLUE METAL DOOR SIGN 3,1250.44,909,177
84967B,BLUE KASHMIRI OCCASIONAL TABLE,1249.45,24,11
22062,CERAMIC BOWL WITH LOVE HEART DESIGN,1248.15,761,126
20707,CRAZY DAISY HEART DECORATION,1247.44,1615,199
22450,SILK PURSE RUSSIAN DOLL BLUE,1245.93,375,69
21752,GLASS CAKE STAND MIRRORED BASE,1244.81,77,37
21883,STARS GIFT TAPE,1243.75,2413,226
21291,SMALL POLKADOT CHOCOLATE GIFT BAG,1242.62,1433,76
84910A,PINK PAISLEY CUSHION COVER,1242.29,434,53
79066K,RETRO MOD TRAY,1240.12,1422,240
22827,GIANT SEVENTEEN DRAWER SIDEBOARD,1240.0,8,6
22070,SMALL RETRO SPOT MUG IN BOX  RED,1238.54,324,84
22680,FRENCH BLUE METAL DOOR SIGN 5,1237.84,901,165
21175,GIN AND TONIC DIET METAL SIGN,1237.5,498,50
23067,HANGING ENGRAVED METAL HEART,1236.66,294,78
85162A,SILVER RETRODISC LAMPSHADE,1234.27,607,20
22216,T-LIGHT HOLDER WHITE LACE,1232.43,1406,116
84969,ASSORTED COLOUR SET 6 TEASPOONS,1232.02,268,86
23138,SINGLE WIRE HOOK IVORY HEART,1231.51,879,82
22448,PIN CUSHION RUSSIAN DOLL RED,1230.67,395,36
21438,TUB 24 HANGING EASTER EGGS SPOTTY,1229.8200000000002,373,36
84559A,3D SHEET OF DOG STICKERS,1224.96,1356,230
22094,RED POLKA DOT TISSUE BOX,1224.89,1003,107
16046,TEATIME PEN CASE & PENS,1224.35,10057,59
22321,BIRD DECORATION RED RETROSPOT,1223.6699999999998,1317,164
22290,STANDING METAL RABBIT WITH EGG,1223.02,670,78
85130A,BEADED PEARL HEART WHITE LARGE,1220.84,712,86
23142,IVORY WIRE KITCHEN ORGANISER,1220.8200000000002,121,40
72819,CUPID DESIGN SCENTED CANDLES,1217.28,709,92
22403,MAGNETS PACK OF 4 VINTAGE LABELS,1217.16,1730,212
23598,PAPER BUNTING VINTAGE PARTY,1215.53,427,47
22233,JIGSAW RABBIT AND BIRDHOUSE,1215.06,952,164
21261,GREEN GOOSE FEATHER CHRISTMAS TREE,1214.7,292,77
48197,DOORMAT BIRD ON THE WIRE,1213.8700000000001,231,23
21904,HOUSE WRECKING METAL SIGN,1212.02,762,145
72232,FENG SHUI PILLAR CANDLE,1211.8200000000002,6378,118
22265,EASTER DECORATION NATURAL CHICK,1211.66,1847,168
21490,SET OF THREE 50'S GIFT WRAPS,1210.6,637,55
84823,DANISH ROSE FOLDING CHAIR,1210.0,120,29
22448,PIN CUSHION BABUSHKA RED,1209.46,362,85
20771,CHRYSANTHEMUM  JOURNAL,1209.33,609,140
84687,BEACH HUT SHELF W 3 DRAWERS,1208.06,314,73
22256,FELT FARM ANIMAL CHICKEN,1206.33,937,119
21396,RED SPOTTY EGG CUP,1205.25,948,77
21366,MIRRORED WALL ART PHOTO FRAMES,1203.57,247,77
21130,COLOURFUL STANDING GNOME,1200.93,721,49
23444,Next Day Carriage,1200.0,79,79
85129D,BEADED CRYSTAL HEART PINK SMALL,1199.83,796,168
84674,FLYING PIG WATERING CAN,1199.5400000000002,467,106
23026,DRAWER KNOB VINTAGE GLASS STAR,1198.96,556,62
84313B,BLUE TV TRAY TABLE,1198.0,229,83
21530,DAIRY MAID TOASTRACK,1196.22,904,143
84830,LARGE ENGLISH ARBORETUM,1195.15,113,7
23071,MARIE ANTOINETTE TRINKET BOX GOLD,1192.6,314,18
22204,MILK PAN BLUE RETROSPOT,1192.13,311,77
22102,MIRROR MOSAIC T-LIGHT HOLDER,1191.69,1842,59
84750A,PINK SMALL GLASS CAKE STAND,1189.23,544,105
84678,CLASSICAL ROSE SMALL VASE,1188.6399999999999,620,81
22615,PACK OF 12 CIRCUS PARADE TISSUES,1188.4899999999998,3863,188
22733,3D STICKERS TRADITIONAL CHRISTMAS,1187.0,980,36
47503E,ASS FLORAL PRINT SCISSORS,1186.9,6842,25
22786,CUSHION COVER PINK UNION JACK,1186.15,187,70
20934,SET/3 POT PLANT CANDLES,1185.07,197,74
85124C,GREEN JUICY FRUIT PHOTO FRAME,1185.05,449,121
22806,SET OF 6 T-LIGHTS WEDDING CAKE,1184.42,442,57
84815,SET OF 3 DANISH ROSE PLANTERS,1183.8200000000002,926,53
23539,WALL ART LOVES' SECRET,1180.35,239,39
22597,MUSICAL ZINC HEART DECORATION,1179.59,2763,176
21806,WHITE CHRISTMAS HEART DECORATION,1179.4299999999998,2707,128
85118,HEART T-LIGHT HOLDER,1179.42,2124,81
21312,LARGE CHUNKY GLASS ROMAN BOWL,1179.17,299,26
22048,BIRTHDAY BANQUET GIFT WRAP,1176.8,2840,102
23225,CHERUB HEART DECORATION SILVER,1176.1699999999998,1355,88
72598,SET/12 TAPER CANDLES,1175.1499999999999,1270,158
21395,BLUE POLKADOT BEAKER,1174.1599999999999,2856,92
23431,NATURAL HANGING QUILTED HEARTS,1171.23,1449,72
21650,ASSORTED TUTTI FRUTTI BRACELET,1171.02,3212,197
22321,BIRD DECORATION RED SPOT,1169.55,1267,141
22814,CARD PARTY GAMES,1168.84,2771,295
21815,STAR  T-LIGHT HOLDER,1167.37,736,92
23418,LAVENDER TOILETTE BOTTLE,1166.0,557,79
23515,EMBROIDERED RIBBON REEL DAISY,1164.98,579,71
21942,SKULLS DESIGN FLANNEL,1164.5,1689,221
22264,FELT FARM ANIMAL WHITE BUNNY,1164.08,2027,168
23508,MINI PLAYING CARDS DOLLY GIRL,1163.45,2627,120
22718,CARD CAT AND TREE,1163.22,2655,264
21649,ASSORTED TUTTI FRUTTI PHOTO FRAME,1162.89,421,29
37475,SET/4 COLOURFUL MIXING BOWLS,1160.56,116,72
20892,SET/3 TALL GLASS CANDLE HOLDER PINK,1159.08,105,38
22253,6 CROCHET STRAWBERRIES,1158.28,964,86
21763,VINTAGE WOODEN BAR STOOL,1157.8999999999999,43,17
23566,EGG CUP MILKMAID HEIDI,1156.93,881,83
23507,MINI PLAYING CARDS BUFFALO BILL,1155.67,2882,119
22255,FELT TOADSTOOL  SMALL,1155.08,1216,142
20867,PINK ROSE FABRIC MIRROR,1153.2,1140,153
23269,SET OF 2 CERAMIC CHRISTMAS TREES,1152.98,779,94
21413,PERIWINKLE T-LIGHT HOLDER,1152.47,3171,52
21316,SMALL CHUNKY GLASS ROMAN  BOWL,1152.02,694,47
84847,FLORAL BATHROOM SET,1149.73,2330,49
35962,12 ASS ZINC CHRISTMAS DECORATIONS,1148.0500000000002,487,76
22985,"WRAP, BILLBOARD FONTS DESIGN",1147.22,2941,72
21555,CERAMIC STRAWBERRY TRINKET TRAY,1146.6699999999998,431,134
20669,RED HEART LUGGAGE TAG,1145.7,818,214
84596E,SMALL LICORICE DES PINK BOWL,1145.35,1132,201
22116,METAL SIGN HIS DINNER IS SERVED,1145.2,835,198
22040,BOTANICAL ROSE GIFT WRAP,1144.3,2815,94
20932,PINK POT PLANT CANDLE,1143.97,333,81
84750B,BLACK SMALL GLASS CAKE STAND,1142.02,609,78
21817,GLITTER CHRISTMAS TREE,1139.24,1760,130
85110,BLACK SILVER FLOWER T-LIGHT HOLDER,1138.04,11520,23
22252,BIRDCAGE DECORATION TEALIGHT HOLDER,1137.01,947,110
22731,3D STICKERS CHRISTMAS STAMPS,1137.0,940,34
84360,TABLE LAMP WHITE SHADE WOOD BASE,1136.19,217,40
22598,CHRISTMAS MUSICAL ZINC TREE,1136.1,1795,144
22715,CARD WEDDING DAY,1135.6299999999999,2719,218
20700,GREEN CAT FLORAL CUSHION COVER,1135.22,421,103
37424,WHITE WITH BLACK CATS MUG,1134.68,5249,108
22230,JIGSAW TREE WITH WATERING CAN,1134.6399999999999,1657,193
20832,RED FLOCK LOVE HEART PHOTO FRAME,1134.35,1690,158
22984,CARD GINGHAM ROSE,1132.22,2778,167
22739,"RIBBON REEL, XMAS SOCK/BAUBLE",1131.0,700,46
47593B,SCOTTIE DOGS BABY BIB,1130.58,2172,304
84625C,BLUE NEW BAROQUE CANDLESTICK CANDLE,1130.37,804,71
23506,MINI PLAYING CARDS SPACEBOY,1129.1200000000001,2723,146
17021,NAMASTE SWAGAT INCENSE,1128.84,4322,76
21040,MODERN VINTAGE COTTON SHOPPING BAG,1128.3999999999999,895,68
37482B,CUBIC MUG BLUE POLKA DOT,1127.9099999999999,1251,9
21850,BLUE  DIAMANTE PEN IN GIFT BOX,1127.2,459,106
85224,ASSORTED COLOUR SILK GLASSES CASE,1120.96,2004,61
21944,KITTENS DESIGN FLANNEL,1119.29,1797,204
47504H,ENGLISH ROSE SPIRIT LEVEL,1118.92,1031,140
23510,MINI PLAYING CARDS GYMKHANA,1118.8,2521,120
23411,TRELLIS COAT RACK,1118.6100000000001,227,56
17096,ASSORTED LAQUERED INCENSE HOLDERS,1117.52,6241,76
22287,"DECORATION , WOBBLY CHICKEN, METAL",1116.61,780,76
21746,SMALL RED SPOT  WINDMILL,1116.44,852,76
21010,ETCHED GLASS BIRD TREE DECORATION,1114.76,850,83
23513,EMBROIDERED RIBBON REEL SUSIE,1114.26,566,70
23433,HANGING QUILTED PATCHWORK APPLES,1108.58,1258,89
21707,FOLDING UMBRELLA BLACKBLUE POLKADOT,1107.94,230,103
21758,VINTAGE SHELLS PRINT,1107.92,138,79
84358,FLOOR LAMP SHADE WOOD BASE,1107.43,122,29
21666,RIDGED GLASS T-LIGHT HOLDER,1106.8100000000002,1761,85
84631,FRUIT TREE AND BIRDS WALL PLAQUE,1106.16,288,50
21202,DOLLY HONEYCOMB GARLAND,1105.1299999999999,855,66
20755,BLUE PAISLEY POCKET BOOK,1104.95,5161,122
37479B,CUBIC MUG FLOCK BLUE ON BROWN,1103.5,1256,32
85212,MINI PAINTED GARDEN DECORATION,1103.1999999999998,2835,121
22679,FRENCH BLUE METAL DOOR SIGN 4,1103.1,797,168
84559B,3D SHEET OF CAT STICKERS,1102.02,1234,195
21632,VINTAGE PINK DECORATIVE PARASOL,1101.71,133,53
84638,SMALL KITCHEN FLOWER POTS PLAQUE,1101.55,400,69
23375,50'S CHRISTMAS PAPER GIFT BAG,1100.6899999999998,1342,103
47587A,PINK FAIRY CAKE COASTER,1099.88,2706,26
22709,WRAP WEDDING DAY,1099.58,2799,77
21131,GOLD STANDING GNOME,1098.86,276,49
21779,MA CAMPAGNE MINI WOODEN CHEST,1097.8000000000002,301,22
22997,TRAVEL CARD WALLET UNION JACK,1094.93,2545,222
20782,CAMOUFLAGE EAR MUFF HEADPHONES,1094.46,169,87
85093,CANDY SPOT EGG WARMER HARE,1093.72,1362,152
84989A,75 GREEN FAIRY CAKE CASES,1093.42,2120,152
84968F,S/16 VINTAGE SKY BLUE CUTLERY,1092.42,84,51
72815,3 WICK CHRISTMAS BRIAR CANDLE,1091.83,283,70
23087,ZINC  HEART T-LIGHT HOLDER,1090.66,868,69
21818,GLITTER HEART DECORATION,1088.5900000000001,2469,142
23432,PRETTY HANGING QUILTED HEARTS,1088.36,1276,74
21391,FRENCH LAVENDER SCENT HEART,1087.13,1080,108
84791,GINGHAM HEART DECORATION,1086.13,334,106
84707A,SILVER JEWELLED MIRROR TRINKET TRAY,1085.68,129,64
21839,MUMMY MOUSE RED GINGHAM RIBBON,1085.5900000000001,201,83
22532,MAGIC DRAWING SLATE LEAP FROG,1085.15,2823,173
85008,SET OF 3 CONEY ISLAND OVAL BOXES,1083.74,273,99
21708,FOLDING UMBRELLA CREAM POLKADOT,1081.18,233,76
85131D,BEADED CRYSTAL HEART PINK ON STICK,1080.11,1445,256
85078,SCANDINAVIAN 3 HEARTS NAPKIN RING,1079.44,2284,162
23347,I LOVE LONDON BEAKER,1077.3,860,97
21061,PARTY INVITES FOOTBALL,1077.1599999999999,1432,163
85099f,JUMBO BAG STRAWBERRY,1077.08,213,25
21827,EIGHT PIECE CREEPY CRAWLIE SET,1075.14,840,134
23102,SILVER HEARTS TABLE DECORATION,1075.03,1274,157
35651,VINTAGE BEAD PINK SCARF,1073.75,460,63
22821,GIFT BAG PSYCHEDELIC APPLES,1072.8000000000002,1699,186
84923,PINK BUTTERFLY HANDBAG W BOBBLES,1072.37,247,150
23041,PAPER LANTERN 9 POINT SNOW STAR,1070.5800000000002,246,48
85126,LARGE ROUND CUTGLASS CANDLESTICK,1069.16,156,34
35646,VINTAGE BEAD PINK EVENING BAG,1068.91,647,104
82001S,SILVER RECORD COVER FRAME,1067.76,287,26
21664,RIDGED GLASS STORAGE JAR CREAM LID,1064.82,267,67
22860,EASTER TIN CHICKS PINK DAISY,1064.1499999999999,614,111
20839,FRENCH PAISLEY CUSHION COVER,1063.77,642,118
21725,SWEETIES  STICKERS,1062.4199999999998,1157,173
23331,DECORATIVE WICKER HEART SMALL,1062.28,1596,109
37327,ASSTD MULTICOLOUR CIRCLES MUG,1061.83,1745,88
22740,POLKA DOT PEN,1060.8,1248,24
72800F,4 IVORY DINNER CANDLES GOLD FLOCK,1060.19,822,67
22856,ASSORTED EASTER DECORATIONS  BELLS,1059.8500000000001,877,32
23033,DRAWER KNOB CERAMIC RED,1058.8999999999999,714,74
21399,BLUE POLKADOT COFFEE MUG,1058.66,2139,83
22995,TRAVEL CARD WALLET SUKI,1058.64,2381,266
23516,EMBROIDERED RIBBON REEL SOPHIE,1058.6,296,42
21690,SILVER  CANDLEPOT JARDIN,1058.34,276,82
85163A,WHITE BAROQUE WALL CLOCK,1058.17,103,57
85179B,WHITE BITTY LIGHT CHAIN,1056.6,246,45
23529,DOLLY GIRL WALL ART,1055.94,318,11
16047,POP ART PEN CASE & PENS,1054.7,10612,31
21269,ANTIQUE CREAM CUTLERY SHELF,1053.82,115,65
23402,HOME SWEET HOME 3 PEG HANGER,1053.53,271,64
21825,PAINTED METAL TREE WITH HOLLY BELLS,1053.1899999999998,733,75
84908B,BLUE 5 PATCH FLOWER CUSHION COVER,1052.29,435,35
20783,HEART EAR MUFF HEADPHONES,1051.4,165,55
20671,BLUE TEATIME PRINT BOWL,1051.22,796,143
23327,HANGING CLEAR MINI BOTTLE,1051.14,1734,41
20622,VIPPASSPORT COVER,1050.39,543,111
84965A,PINK KASHMIRI COFFEE TABLE,1050.0,20,3
18007,ESSENTIAL BALM 3.5g TIN IN ENVELOPE,1048.58,11423,72
22857,ASSORTED EASTER GIFT TAGS,1048.28,1230,66
85104,SILVER GLASS T-LIGHT SET,1048.0900000000001,359,56
22049,WRAP CHRISTMAS SCREEN PRINT,1047.25,3575,114
84030e,ENGLISH ROSE HOT WATER BOTTLE,1047.16,128,46
84908A,PINK 5 PATCH FLOWER CUSHION COVER,1045.16,432,36
46775A,BUBBLE GUM CHUNKY KNITTED THROW,1044.23,83,32
23419,HOME SWEET HOME BOTTLE,1043.72,473,86
23542,70'S ALPHABET WALL ART,1043.1,150,15
84405A,S/3 PINK COL METAL BASKET W HANDLE,1042.16,129,50
21721,CANDY SHOP  STICKER SHEET,1041.87,1139,144
48173c,DOORMAT BLACK FLOCK,1040.81,62,25
22266,EASTER DECORATION HANGING BUNNY,1040.1100000000001,2542,161
82616C,MIDNIGHT GLAMOUR SCARF KNITTING KIT,1040.04,638,142
21814,HEART T-LIGHT HOLDER,1039.81,685,95
23231,WRAP  VINTAGE DOILY,1039.08,2474,94
21014,SWISS CHALET TREE DECORATION,1038.6599999999999,1973,189
85124A,PINK JUICY FRUIT PHOTO FRAME,1037.1299999999999,377,95
23088,ZINC HEART FLOWER T-LIGHT HOLDER,1033.28,795,79
85160B,BLACK BIRD GARDEN DESIGN MUG,1032.7,6155,36
85180B,PINK HEARTS LIGHT CHAIN,1031.48,365,67
22246,MAGIC GARDEN FELT GARLAND,1031.37,443,93
22717,CARD DOG AND BALL,1031.05,2432,215
21417,COCKLE SHELL DISH,1030.21,504,118
84985A,SET OF 72 GREEN PAPER DOILIES,1029.73,652,153
84686,BEACH HUT MIRROR,1027.79,389,76
84709B,PINK OVAL JEWELLED MIRROR,1026.38,178,86
35923,CANDY HEART HANGING DECORATION,1023.77,1545,112
21427,SKULLS STORAGE BOX SMALL,1023.02,517,119
21836,GINGHAM OVEN GLOVE RED HEART,1022.88,252,100
22247,BUNNY DECORATION MAGIC GARDEN,1022.79,1184,182
22382,LUNCHBAG SPACEBOY DESIGN,1022.6,644,45
35599B,BLACK CHRISTMAS TREE 120CM,1022.09,276,51
23452,HEART MINI PORTRAIT FRAME,1021.76,518,87
35653,VINTAGE BEAD NOTEBOOK,1020.9200000000001,320,113
23153,ZINC SWEETHEART WIRE LETTER RACK,1020.69,263,90
84596L,BISCUITS SMALL BOWL LIGHT BLUE,1020.2199999999999,1540,255
22420,LIPSTICK PEN BABY PINK,1019.85,2117,234
20619,TROPICAL PASSPORT COVER,1018.63,579,194
85031C,CURIOUS IMAGES SCRAP BOOK SET,1017.48,481,106
22643,SET OF 4 NAPKIN CHARMS LEAVES,1016.4399999999999,468,96
23544,WALL ART MID CENTURY MODERN,1015.78,164,20
22681,FRENCH BLUE METAL DOOR SIGN 6,1013.1800000000001,739,133
20730,STRAWBERRY CANDY BAG,1011.7,2218,102
23525,WALL ART BUFFALO BILL,1011.1000000000001,334,37
85170C,SET/6 EAU DE NIL BIRD T-LIGHTS,1009.85,549,107
21084,SET/6 COLLAGE PAPER CUPS,1008.8100000000001,2929,223
47589,CONGRATULATIONS BUNTING,1008.73,183,76
84929,ASSTD FRUIT+FLOWERS FRIDGE MAGNETS,1007.5200000000001,3096,93
23460,SWEETHEART WALL TIDY,1007.0799999999999,108,43
22416,36 DOILIES SPACEBOY DESIGN,1005.3699999999999,709,56
82613B,"METAL SIGN,CUPCAKE SINGLE HOOK",1004.39,904,223
21250,SET OF SKULL WALL STICKERS,1003.45,404,60
22108,PING! MICROWAVE PLATE,1002.26,320,128
23121,PACK OF 6 COCKTAIL PARASOL STRAWS,1000.4399999999999,2501,111
23533,WALL ART GARDEN HAVEN,998.64,215,36
21127,COLOURFUL FISHING GNOME,998.0300000000001,297,48
20617,FIRST CLASS PASSPORT COVER,997.2,499,105
23517,EMBROIDERED RIBBON REEL REBECCA,996.38,334,63
20705,MRS ROBOT SOFT TOY,996.19,273,53
23131,MISELTOE HEART WREATH CREAM,996.0000000000001,240,1
71279,PINK GLASS CANDLEHOLDER,995.7200000000001,300,78
84660C,PINK STITCHED WALL CLOCK,995.6,726,85
35958,FOLKART ZINC STAR CHRISTMAS DEC,994.8299999999999,1143,82
85018D,YULETIDE IMAGES S/6 PAPER BOXES,992.8499999999999,796,80
20773,BLUE PAISLEY NOTEBOOK,992.03,3356,117
82616B,FRAPPUCINO SCARF KNITTING KIT,991.4200000000001,611,126
72484,ROSES IN WHITE HEART CANDLE,991.3800000000001,1818,64
85049e,SCANDINAVIAN REDS RIBBONS,990.69,297,61
84964B,BLUE PAINTED KASHMIRI TABLE,990.0,17,2
22953,BIRTHDAY PARTY CORDON BARRIER TAPE,989.8,793,116
21335,LIBRARY LAMP,989.62,42,28
85025B,EAU DE NILE HEART SHAPE PHOTO FRAME,988.7599999999999,571,95
78124,MAGAZINE RACK GEBRA ASSORTED,986.11,736,31
23281,FOLDING BUTTERFLY MIRROR RED,985.88,1262,99
21636,MADRAS NOTEBOOK MEDIUM,985.74,1014,98
21303,FILIGREE WALL MIRROR  ANTIQUE WHITE,985.54,96,30
20878,SET/9 CHRISTMAS T-LIGHTS SCENTED,982.51,761,85
85019B,BLOSSOM  IMAGES NOTEBOOK SET,982.47,718,47
23518,EMBROIDERED RIBBON REEL RACHEL,980.41,361,44
21208,PASTEL COLOUR HONEYCOMB FAN,980.27,1079,120
23514,EMBROIDERED RIBBON REEL SALLY,977.39,478,74
20774,GREEN FERN NOTEBOOK,975.68,3492,119
23512,EMBROIDERED RIBBON REEL ROSIE,975.24,500,57
22104,MIRROR MOSAIC CANDLE PLATE,974.7199999999999,1191,99
22310,KNITTED MUG COSY IVORY COLOUR,973.5899999999999,597,58
90175A,WHITE GLASS CHUNKY CHARM BRACELET,973.4,108,62
84873a,FUNKY FLOWER PICNIC BAG FOR 4,973.36,88,59
85124B,BLUE JUICY FRUIT PHOTO FRAME,971.6199999999999,366,102
84800L,LARGE WHITE/PINK ROSE ART FLOWER,970.7900000000001,650,38
21562,HAWAIIAN GRASS SKIRT,970.2800000000001,678,73
20998,ROSE DU SUD OVEN GLOVE,969.23,332,127
85111,SILVER GLITTER FLOWER VOTIVE HOLDER,969.15,2919,77
85189,HANGING BUTTERFLY  EGG,967.9499999999999,1176,68
23183,MOTHER'S KITCHEN SPOON REST,967.17,226,84
85130D,BEADED CRYSTAL HEART PINK LARGE,967.0999999999999,793,107
22682,FRENCH BLUE METAL DOOR SIGN 7,966.83,725,124
21299,EDWARDIAN TOILET ROLL UNIT,966.35,166,34
20830,SILVER PHOTO FRAME,964.61,407,82
20758,ABSTRACT CIRCLES POCKET BOOK,964.4699999999999,5438,95
22512,DOORSTOP RACING CAR DESIGN,963.79,385,71
23107,WHITE HEARTS WIRE PLANT POT HOLDER,963.27,343,71
17012C,ORIGAMI LAVENDER INCENSE/CANDL SET,962.9499999999999,861,113
21060,PARTY INVITES BALLOON GIRL,962.75,1288,151
21691,SILVER VANILLA FLOWER CANDLE POT,960.99,249,72
21641,ASSORTED TUTTI FRUTTI KEYRING BALL,959.5899999999999,1674,111
85197,SET OF 12 MINI BUNNIES IN A BUCKET,959.46,1669,74
85032C,CURIOUS IMAGES GIFT WRAP SET,959.19,892,161
72753B,S/3 FLWR FAIRY LAVENDER CANDLES,957.73,445,14
21805,WHITE CHRISTMAS TREE DECORATION,957.63,2221,103
22994,TRAVEL CARD WALLET RETROSPOT,956.94,2194,218
21726,MULTI HEARTS  STICKERS,956.41,1105,155
23529,WALL ART DOLLY GIRL,956.0500000000002,319,26
23380,PACK OF 12 VINTAGE DOILY TISSUES,955.42,2272,119
84664,CHERRY BLOSSOM BATHROOM CABINET,955.35,193,51
22529,MAGIC DRAWING SLATE GO TO THE FAIR,955.2900000000001,2372,153
85032B,BLOSSOM IMAGES GIFT WRAP SET,953.34,982,152
21880,RED RETROSPOT TAPE,953.3100000000001,2036,258
21711,FOLDING UMBRELLA  WHITE/RED  SPOT,953.0,262,28
20778,GARDEN PATH NOTEBOOK,950.9599999999999,3615,90
84341B,SMALL PINK MAGIC CHRISTMAS TREE,950.0699999999999,1786,121
21129,SILVER FISHING GNOME,949.44,124,60
21284,RETROSPOT CANDLE  SMALL,947.61,1152,80
37492B,BLUE YELLOW FLOWER PIGGY BANK,946.7199999999999,489,44
21331,MOROCCAN BEATEN METAL DISH LARGE,946.6800000000001,110,30
22096,PINK PAISLEY SQUARE TISSUE BOX,946.38,1671,180
22939,ADULT APRON APPLE DELIGHT,945.88,184,45
22785,SQUARECUSHION COVER PINK UNION FLAG,945.3,134,52
22986,WRAP GINGHAM ROSE,943.92,2276,82
85031A,ROMANTIC IMAGES SCRAP BOOK SET,943.44,477,102
22143,CHRISTMAS CRAFT HEART DECORATIONS,942.8800000000001,446,70
21720,CAKE SHOP  STICKER SHEET,940.8599999999999,1081,112
90147,CHUNKY SILVER NECKLACE PASTEL FLOWE,937.4499999999999,93,58
84817,DANISH ROSE DECORATIVE PLATE,937.44,1059,79
84905,PINK BUTTERFLY CUSHION COVER,937.09,259,99
23178,JAM CLOCK MAGNET,936.89,327,68
85121B,RETRO LAUNDRY TUB PINK,936.74,86,48
84963A,PINK PAINTED KASHMIRI CHAIR,935.1500000000001,27,9
23540,WALL ART THE MAGIC FOREST,933.16,148,13
85226A,WHITE/BLUE PULL BACK RACING CAR,933.07,1714,144
20903,VINTAGE KEEPSAKE BOX TRAVELOGUE,932.5,189,86
85019A,ROMANTIC IMAGES NOTEBOOK SET,932.04,651,49
47504E,ENGLISH ROSE SCISSORS,931.86,4387,48
35954,SMALL FOLKART STAR CHRISTMAS DEC,931.5500000000001,2325,111
20775,DAISY NOTEBOOK,931.55,3606,112
23179,CLOCK MAGNET MUM'S KITCHEN,930.48,324,53
20831,GOLD PHOTO FRAME,927.96,474,79
79030G,"TUMBLER, NEW ENGLAND",927.78,493,68
21724,PANDA AND BUNNIES STICKER SHEET,926.4699999999999,1038,178
84918,CREAM CUSHION COVER WITH FLOWERS,925.62,198,60
23099,FRENCH CARRIAGE LANTERN,925.35,137,58
22936,BAKING MOULD ROSE WHITE CHOCOLATE,925.22,288,50
23527,ANIMALS AND NATURE WALL ART,923.97,267,17
22703,PINK CAT BOWL,923.91,514,165
21264,WHITE GOOSE FEATHER TREE 60CM,923.76,392,68
82607A,GLASS BONBON JAR PARFUME AUX FLEURE,923.72,663,159
22647,CERAMIC LOVE HEART MONEY BANK,922.99,1059,82
22683,FRENCH BLUE METAL DOOR SIGN 8,922.82,677,127
22268,EASTER DECORATION SITTING BUNNY,921.75,1074,153
85130B,BEADED CRYSTAL HEART GREEN LARGE,921.69,912,83
84826,ASSTD DESIGN 3D PAPER STICKERS,920.08,1794,51
85121C,RETRO LAUNDRY TUB PISTACHIO,918.91,98,53
72529W,WHITE ADVENT CANDLE,918.75,464,47
21702,SET 5 MINI GATEAUX  FRIDGE MAGNETS,918.6800000000001,2636,8
72045D,ROSES ON BLUE TEACUP CANDLE,918.65,539,6
21291,SMALL SPOTTY CHOCOLATE GIFT BAG,918.49,1073,77
84600,NEW BAROQUE JEWELLERY BOX,918.27,108,52
84907,PINK YELLOW PATCH CUSHION COVER,916.8299999999999,383,31
23338,EGG FRYING PAN RED,915.4000000000001,431,109
21007,ETCHED GLASS DROPLET DECORATION,914.6700000000001,1927,48
23002,TRAVEL CARD WALLET SKULLS,914.37,2119,192
85214,TUB 24 PINK FLOWER PEGS,914.2799999999999,531,169
46000P,POLYESTER FILLER PAD 65CMx65CM,913.75,215,49
46776C,WOVEN FROST CUSHION COVER,913.52,260,96
21320,GLASS CHALICE GREEN  LARGE,913.34,398,56
20658,RED RETROSPOT LUGGAGE TAG,911.13,613,158
21676,FLOWERS  STICKERS,909.87,1212,159
72349b,SET/6 PURPLE BUTTERFLY T-LIGHTS,907.35,218,112
22164,STRING OF STARS CARD HOLDER,906.8300000000002,322,49
22707,WRAP MONSTER FUN,905.94,2157,83
22288,"DECORATION , HANGING METAL RABBIT",904.02,834,60
22248,DECORATION  PINK CHICK MAGIC GARDEN,903.16,1014,173
23004,TRAVEL CARD WALLET PANTRY,903.16,2002,221
35598B,BLACK CHRISTMAS TREE 60CM,902.9200000000001,958,57
21444,BLUE CHALET BIRDFEEDER,902.0300000000001,291,36
20757,RED DAISY POCKET BOOK,901.75,5360,78
84086C,PINK/PURPLE RETRO RADIO,901.59,301,88
23532,WALL ART WORK REST AND PLAY,901.58,210,31
21318,GLASS CHALICE BLUE SMALL,900.42,972,93
21480,PINK STRIPE HOT WATER BOTTLE,899.5200000000001,285,57
84660B,BLACK STITCHED WALL CLOCK,899.48,745,61
84820,DANISH ROSE TRINKET TRAYS,899.37,323,54
20941,FROG CANDLE,898.79,999,124
21220,SET/4 BADGES DOGS,898.72,663,159
20913,SET/5 BLUE SPOTTY LID GLASS BOWLS,898.7199999999999,314,43
21147,JINGLE BELLS TREE DECORATION,896.86,488,118
17129F,BLUE GLASS GEMS IN BAG,896.76,915,81
17109B,FLOWER FAIRY INCENSE LAVENDER,896.3399999999999,4542,17
21062,PARTY INVITES SPACEMAN,896.27,1077,136
85031B,BLOSSOM IMAGES SCRAP BOOK SET,896.09,496,85
84760L,LARGE HANGING GLASS+ZINC LANTERN,896.0,560,1
90200C,BLUE SWEETHEART BRACELET,895.84,211,98
20759,CHRYSANTHEMUM POCKET BOOK,895.38,5782,63
23472,NINE DRAWER OFFICE TIDY,894.42,58,33
84666,SQUARE CHERRY BLOSSOM CABINET,892.7,226,33
20803,SMALL PINK GLASS SUNDAE DISH,891.26,1154,84
90200E,GREEN SWEETHEART BRACELET,890.95,213,91
85194S,HANGING SPRING FLOWER EGG SMALL,889.46,1760,131
23528,SPACEBOY WALL ART,885.9000000000001,306,13
17012B,ORIGAMI JASMINE INCENSE/CANDLE SET,885.02,728,126
20991,JAZZ HEARTS MAGNETIC MEMO PAD,884.5600000000002,7084,32
22486,PLASMATRONIC LAMP,881.9,106,40
23502,PLAYING CARDS VINTAGE DOILY,880.16,701,92
84974,S/2 ZINC HEART DESIGN PLANTERS,879.55,89,57
84997d,PINK 3 PIECE POLKADOT CUTLERY SET,878.36,104,16
72799A,BLACK PILLAR CANDLE SILVER FLOCK,877.8000000000001,612,18
23423,PANTRY 3 HOOK ROLLING PIN HANGER,876.9,219,66
21185,HOME SWEET HOME  BLACKBOARD,876.29,132,44
22322,BIRD DECORATION GREEN POLKADOT,875.89,944,164
84925F,PSYCHEDELIC WALL THERMOMETER,875.66,715,34
21398,RED POLKADOT COFFEE  MUG,874.62,1589,73
21270,ANTIQUE CREAM CUTLERY CUPBOARD,874.43,76,51
22896,PEG BAG APPLE DESIGN,874.3499999999999,387,29
21635,MADRAS NOTEBOOK LARGE,873.99,403,42
21338,MARAKESH LANTERN SMALL,873.25,199,13
85165,CANDY PINK FRENCH BOUDOIR CLOCK,872.76,90,58
23479,WIRE EGG BASKET,872.38,113,44
21293,MIRRORED DOVE WALL DECORATION,872.34,343,85
20897,VINTAGE NOTEBOOK PARIS DAYS,872.3100000000001,358,75
21414,SCALLOP SHELL SOAP DISH,870.89,1637,36
22547,MINI JIGSAW DINOSAUR,869.95,2032,189
21392,RED SPOTTY PUDDING BOWL,869.23,3828,31
23220,REINDEER HEART DECORATION GOLD,869.15,993,103
21128,GOLD FISHING GNOME,868.25,129,57
17033,"BROCADE PURSE,SMALL ARCH BUTTON",867.8399999999999,3280,69
20936,FORKED CACTUS CANDLE,867.0000000000001,340,76
23545,WRAP RED VINTAGE DOILY,866.0,2100,68
85166B,BLACK METAL BAROQUE PHOTO FRAME,864.1,510,38
85161,ACRYLIC GEOMETRIC LAMP,863.85,51,32
21255,"FRENCH BOTTLE , LAVENDER",860.0799999999999,476,96
84632,DECORATIVE HANGING SHELVING UNIT,859.25,15,11
84849A,HELLO SAILOR BLUE SOAP HOLDER,855.54,483,103
21376,LARGE  TALL CAMPHOR WOOD TOADSTOOL,855.36,184,46
84660A,WHITE STITCHED WALL CLOCK,855.26,860,51
84578,ELEPHANT TOY WITH BLUE T-SHIRT,854.91,222,112
21478,SILVER SKULL HOT WATER BOTTLE,854.23,204,92
22820,GIFT BAG BIRTHDAY,852.9300000000001,1365,110
23525,BUFFALO BILL WALL ART,852.72,248,16
85071C,"CHARLIE+LOLA""EXTREMELY BUSY"" SIGN",852.53,1291,141
47563A,RETRO LONGBOARD IRONING BOARD COVER,852.19,346,151
20756,GREEN FERN POCKET BOOK,851.5600000000001,5728,64
21458,2 PICTURE BOOK EGGS EASTER BUNNY,849.24,768,88
47367B,PAIR PADDED HANGERS PINK CHECK,849.1700000000001,246,95
90161C,ANT COPPER LIME BOUDICCA BRACELET,849.0,170,100
21286,RETROSPOT CANDLE  LARGE,848.93,714,52
85208,SET/12 FUNKY FELT FLOWER PEG IN BAG,845.34,424,87
22229,BUNNY WOODEN PAINTED WITH FLOWER,845.3,1007,185
21375,LARGE CAMPHOR WOOD FIELD MUSHROOM,845.0899999999999,137,61
37423,WHITE WITH BLACK CATS PLATE,843.88,6168,70
21719,LOVELY BONBON STICKER SHEET,841.9599999999999,938,141
21300,ANTIQUE EDWARDIAN DRESSER,841.7,53,12
23564,EGG CUP MILKMAID INGRID,841.31,644,76
84782A,PINK 3 TIER GLASS PLATE STAND,840.45,119,26
23551,PACK OF 12 PAISLEY PARK TISSUES,839.8399999999999,1840,136
20894,HANGING BAUBLE T-LIGHT HOLDER LARGE,839.1,271,79
85231L,LAVENDER SCENTED SET/9 T-LIGHTS,838.3499999999999,1039,116
17039,INLAID WOOD INCENSE HOLDER,837.88,3707,43
84762B,PINK PICNIC BARBECUE BUCKET,837.77,113,48
21552,CERAMIC BIRDHOUSE BLACK ROSE  LARGE,837.6,165,35
84997a,CHILDRENS CUTLERY POLKADOT GREEN,837.29,101,60
40018E,TEA TIME PAPER LANTERNS,837.02,384,81
23523,TREASURE AHOY WALL ART,833.46,270,16
20776,ABSTRACT CIRCLES NOTEBOOK,832.66,3258,84
82613C,"METAL SIGN,CUPCAKE SINGLE HOOK",832.56,775,187
85196,EASTER BUNNIES ON A STICK,831.0400000000001,1564,71
85213,MINI  ZINC GARDEN DECORATIONS,830.66,1379,80
84509a,SET OF 4 ENGLISH ROSE PLACEMATS,829.18,111,74
21654,RIDGED GLASS FINGER BOWL,828.91,1189,82
22685,FRENCH BLUE METAL DOOR SIGN 0,828.36,626,106
23017,APOTHECARY MEASURING JAR,826.28,67,22
20699,MOUSEY LONG LEGS SOFT TOY,825.81,300,88
85188A,GREEN METAL SWINGING BUNNY,824.9699999999999,944,105
21551,CERAMIC BIRDHOUSE BUTTERFLY LARGE,824.95,169,22
79342B,BROWN FLOWER LIGHTS,824.95,119,34
21374,MIRRORED WALL ART SKULLS,824.67,474,71
84534B,FAIRY CAKE NOTEBOOK A5 SIZE,824.5799999999999,870,187
84920,PINK FLOWER FABRIC PONY,824.13,206,88
22825,DECORATIVE PLANT POT WITH FRIEZE,822.87,103,38
23186,FRENCH STYLE STORAGE JAR CAFE,819.4599999999999,1982,70
20769,DAISY JOURNAL,819.01,442,79
17012A,ORIGAMI VANILLA INCENSE/CANDLE SET,818.7099999999999,731,95
85187,S/12 MINI RABBIT EASTER,818.1299999999999,480,109
21285,RETROSPOT CANDLE  MEDIUM,817.45,749,63
37333,"RETRO ""TEA FOR ONE""",815.0,147,58
84970s,HANGING HEART ZINC T-LIGHT HOLDER,813.86,387,98
20833,SHAKER THROW  QUILTED,811.8,52,5
21222,SET/4 BADGES BEETLES,809.67,623,133
85145,JARDIN ETCHED GLASS LARGE BELL JAR,809.05,91,30
16011,ANIMAL STICKERS,808.98,3858,112
47594B,SCOTTIES DESIGN WASHBAG,808.39,408,122
84922,PINK BUTTERFLY WASHBAG,808.22,342,17
23022,SMALL BONNE JAM JAR  T-LIGHT HOLDER,808.16,422,22
21454,PAINTED PINK RABBIT,807.5999999999999,937,194
20901,VINTAGE KEEPSAKE BOX PINK FLOWER,806.58,91,67
84767,ZINC POLICE BOX LANTERN,806.22,195,6
47574A,ENGLISH ROSE SCENTED HANGING FLOWER,805.48,576,129
23409,PHOTO FRAME LINEN AND LACE LARGE,801.6800000000001,215,43
85044,RED REINDEER STRING OF 20 LIGHTS,801.4,149,40
85017A,ENVELOPE 50 ROMANTIC IMAGES,799.8,1166,174
22408,MONEY BOX CONFECTIONERY DESIGN,798.67,650,94
21015,DARK BIRD HOUSE TREE DECORATION,797.3299999999999,1720,186
23524,HORSE & PONY WALL ART,797.3100000000001,256,17
21455,PAINTED YELLOW WOODEN DAISY,797.27,901,167
20997,ROSE DU SUD CUSHION COVER,796.74,170,83
21723,ALPHABET HEARTS STICKER SHEET,796.2099999999999,895,135
21558,SKULL LUNCHBOX WITH CUTLERY,796.12,298,65
22058,CERAMIC LOVE HEARTS DESIGN MUG,795.72,520,103
23487,SWEET HEART CAKE CARRIER,795.5799999999999,80,44
17129F,DEEP BLUE GLASS GEMS IN BAG,794.4599999999999,669,64
37494A,FAIRY CAKE CERAMIC BUTTER DISH,793.44,237,51
84625D,WHITE NEWBAROQUE CANDLESTICK CANDLE,793.34,650,51
35915C,PEACH KNITTED HEN,793.3199999999999,662,82
23106,ZINC HEARTS PLANT POT HOLDER,792.47,283,52
23519,EMBROIDERED RIBBON REEL CLAIRE,792.31,224,24
45008C,DECORATIVE NET CANOPY CREAM,792.0699999999999,83,34
22785,CUSHION COVER PINK UNION FLAG,792.0600000000001,120,28
84712B,PINK JEWELLED PHOTO FRAME,791.01,101,60
23335,EGG FRYING PAN IVORY,790.7800000000001,377,96
37330,SPOTS MUG,790.6999999999999,437,21
21286,RETRO SPOT CANDLE  LARGE,789.26,295,49
84247E,PACK/12 XMAS FUN CARD,789.1100000000001,273,59
23568,EGG CUP HENRIETTA HEN CREAM,787.52,630,48
90200B,BLACK SWEETHEART BRACELET,783.95,185,84
22414,DOOR MAT NEIGHBOURHOOD WITCH,783.87,95,51
72799C,PINK PILLAR CANDLE SILVER FLOCK,783.1,471,48
20989,URBAN CHIC CHOPSTICKS SET/5,782.18,407,57
22204,MILK PAN BLUE POLKADOT,782.16,226,92
20910,VINTAGE PHOTO ALBUM PARIS DAYS,781.8199999999999,108,47
37461,FUNKY MONKEY MUG,779.89,743,95
22684,FRENCH BLUE METAL DOOR SIGN 9,778.63,567,108
21456,2 PICTURE BOOK EGGS EASTER CHICKS,776.05,738,65
90200A,PURPLE SWEETHEART BRACELET,770.91,182,99
21709,FOLDING UMBRELLA CHOCOLATE POLKADOT,770.85,165,68
35095B,RED VICTORIAN FABRIC OVAL BOX,770.84,1957,177
22640,SET OF 4 NAPKIN CHARMS 3 KEYS,770.49,359,87
23115,RED APPLES CHOPPING BOARD,770.32,152,45
22985,WRAP BILLBOARD FONTS DESIGN,769.02,1831,64
84761,IVORY HANGING BIRD PLANTER,768.8499999999999,276,61
21554,CERAMIC BIRDHOUSE RED ROOF LARGE,767.75,167,22
72755C,FLOWER FAIRY OIL BURNER SET ROSE,767.0,592,14
84029C,BROWN FURRY HOT WATER BOTTLE,766.19,204,48
23140,TRIPLE WIRE HOOK IVORY HEART,766.1,182,52
16259,PIECE OF CAMO STATIONERY SET,766.09,5473,55
84952C,MIRROR LOVE BIRD T-LIGHT HOLDER,765.13,413,42
16244B,MAXWELL 2 TONE BLUE 60 PAGE PHOTO A,765.02,345,28
23550,WRAP ALPHABET POSTER,763.1,1855,64
35811A,ENAMEL PINK SUGAR CONTAINER,762.97,434,84
23006,TRAVEL CARD WALLET FLOWER MEADOW,762.75,1758,173
23458,DOLLY CABINET 3 DRAWERS,762.4499999999999,51,30
22124,SET OF 2 TEA TOWELS PING MICROWAVE,761.97,302,132
22492,MINI PAINT SET VINTAGE  BOY+ GIRL,761.4,1260,18
84762C,GREEN PICNIC BARBECUE BUCKET,761.25,105,43
21377,SMALL CAMPHOR WOOD FIELD  MUSHROOM,760.8299999999999,527,98
23025,DRAWER KNOB VINTAGE GLASS BALL,760.8000000000001,350,54
90209C,PINK ENAMEL+GLASS HAIR COMB,760.79,402,66
23524,WALL ART HORSE & PONY,760.32,225,46
23123,COCKTAIL SWORDS 50 PIECES,759.5699999999999,935,95
84663A,GRASS HOPPER WOODEN WALL CLOCK,758.21,375,64
22638,SET OF 4 NAPKIN CHARMS CROWNS,758.18,414,74
85131B,BEADED CRYSTAL HEART GREEN ON STICK,757.0899999999999,979,216
21298,EDWARDIAN 2 DRAWER WALL CABINET,755.8,52,14
85135A,YELLOW DRAGONFLY HELICOPTER,754.59,94,63
47581B,FAIRY CAKE WICKER PICNIC BASKET,753.77,46,36
17165B,ASS COL LARGE SAND GECKO P'WEIGHT,751.6800000000001,810,57
21194,PINK  HONEYCOMB PAPER FAN,751.5,578,95
23124,18PC WOODEN CUTLERY SET DISPOSABLE,751.38,567,43
84653,GREEN ROSE QUILT,750.48,14,12
21319,GLASS CHALICE GREEN  SMALL,750.3299999999999,510,65
23223,CHRISTMAS TREE HANGING SILVER,750.1899999999999,801,88
21344,MOROCCAN BEATEN METAL DISH,749.82,166,26
90209B,GREEN ENAMEL+GLASS HAIR COMB,749.65,389,97
90161B,ANT COPPER TURQ BOUDICCA BRACELET,749.4300000000001,150,76
21001,ROSE DU SUD WASHBAG,749.01,148,90
84615,PINK ROUND BUTTERFLY MIRROR,748.48,240,21
35647,VINTAGE BEAD PINK SHADE,748.24,563,74
84620,BLUE GINGHAM ROSE CUSHION COVER,746.61,121,50
21284,RETRO SPOT CANDLE  SMALL,744.75,408,60
84842,HELLO SAILOR BATHROOM SET,744.1500000000001,1505,35
72800A,S/4 BLACK DINNER CANDLE SILVER FLOC,743.26,674,46
23282,FOLDING BUTTERFLY MIRROR IVORY,742.92,794,133
84689,S/2 BEACH HUT TREASURE CHESTS,742.9,312,40
20854,BLUE PATCH PURSE PINK HEART,742.78,459,107
22676,"FRENCH BLUE METAL DOOR SIGN, 1",742.67,577,79
84997c,BLUE 3 PIECE POLKADOT CUTLERY SET,742.6600000000001,88,17
22847,"BREAD BIN, DINER STYLE, IVORY",742.55,49,10
84821,DANISH ROSE DELUXE COASTER,742.5,1318,74
21391,FRENCH EMROIDR LAVENDER SCENT HEART,741.6,341,67
21503,TOYBOX  WRAP,740.42,1801,64
23114,VINTAGE LEAF CHOPPING BOARD,737.95,149,45
85130C,BEADED CRYSTAL HEART BLUE  LARGE,737.89,659,68
84033,FLAG OF ST GEORGE,735.38,392,49
84715,SET OF 6 ICE CREAM SKITTLES,734.8900000000001,241,47
21415,CLAM SHELL SMALL,734.57,351,82
84708B,PINK JEWELLED PHOTO FRAME,732.7900000000001,142,53
85230F,JASMINE VOTIVE CANDLE,732.66,2970,62
23435,3 RAFFIA RIBBONS VINTAGE CHRISTMAS,732.4200000000001,824,99
21365,MIRRORED WALL ART STARS,731.5300000000001,476,77
ADJUST2,Adjustment by Peter on Jun 25 2010,731.0500000000001,3,3
47503F,ASS FLORAL PRINT TORCH,729.9499999999999,2567,11
22100,SKULLS SQUARE TISSUE BOX,729.55,1016,127
21378,SMALL TALL CAMPHOR WOOD TOADSTOOL,728.9699999999999,560,88
35095A,BLUE VICTORIAN FABRIC OVAL BOX,728.92,1813,166
72800B,S/4 PURPLE DINNER CANDLE BLK FLOCK,728.6700000000001,650,34
21221,SET/4 BADGES CUTE CREATURES,728.4399999999999,547,107
21443,OLIVE CHALET BIRDFEEDER,727.9300000000001,257,26
20657,TROPICAL LUGGAGE TAG,727.72,1878,118
84976,RECTANGULAR SHAPED MIRROR,726.12,675,56
23562,SET OF 6 RIBBONS PERFECTLY PRETTY,724.59,251,43
21026,SPACE OWL,724.25,553,124
85017C,ENVELOPE 50 CURIOUS IMAGES,723.92,1092,119
85088,CANDY SPOT HAND BAG,723.85,347,78
84595E,LARGE TORTILLA DESIGN RED BOWL,723.5699999999999,367,43
21393,BLUE  SPOTTY PUDDING BOWL,723.5500000000001,2679,28
84971L,LARGE HEART FLOWERS HOOK,723.51,585,58
84569A,PACK 3 IRON ON DOG PATCHES,722.4399999999999,576,112
20701,PINK CAT FLORAL CUSHION COVER,721.49,353,50
10134,COLOURING PENCILS BROWN TUBE,721.13,625,52
84684,BEACH HUT PHOTO FRAME,720.6999999999999,609,40
21379,CAMPHOR WOOD PORTOBELLO MUSHROOM,719.23,650,125
23222,CHRISTMAS TREE HANGING GOLD,718.53,799,75
35951,FOLKART BAUBLE CHRISTMAS DECORATION,717.99,1352,46
72131,COLUMBIAN CANDLE RECTANGLE,717.63,761,56
21265,PINK GOOSE FEATHER TREE 60CM,717.41,323,34
21457,2 PICTURE BOOK EGGS EASTER DUCKS,716.0,685,65
21710,FOLDING UMBRELLA PINKWHITE POLKADOT,715.91,146,61
21076,SET/20 COLLAGE PAPER NAPKIN,714.55,843,92
20763,DAISY SKETCHBOOK,714.23,269,74
20850,ZINC HEART LATTICE PLANTER BOWL,713.8000000000001,820,23
35915B,BLUE KNITTED HEN,713.7299999999999,563,67
21133,PAINTED BIRD ASSORTED CHRISTMAS,712.91,410,42
16015,MEDIUM CHINESE STYLE SCISSOR,711.88,1573,65
23042,PAPER LANTERN 7 POINT SNOW STAR,711.51,103,28
23070,EDWARDIAN HEART PHOTO FRAME,709.5400000000001,160,44
21442,GREEN BIRDHOUSE DECORATION,706.63,974,136
21308,LOUVRE VANITY MIRROR,705.9,132,6
22511,RETROSPOT BABUSHKA DOORSTOP,705.5600000000001,304,76
22981,PANTRY APPLE CORER,704.13,471,105
84869,CANDY BUTTON PHOTO ALBUM,703.54,302,26
84563A,PINK & WHITE BREAKFAST TRAY,703.0,142,62
90161D,ANT COPPER PINK BOUDICCA BRACELET,702.7900000000001,141,75
84872a,TEATIME FUNKY FLOWER BACKPACK FOR 2,702.5899999999999,64,45
84952B,BLACK LOVE BIRD T-LIGHT HOLDER,701.74,427,44
21397,BLUE POLKADOT EGG CUP,701.0999999999999,1177,81
84917,WHITE HAND TOWEL WITH BUTTERFLY,698.66,232,53
21740,COSY SLIPPER SHOES LARGE RED,698.0100000000001,201,66
84584,PINK GINGHAM CAT WITH SCARF,696.75,282,75
22965,3 TRADITIONAL COOKIE CUTTERS  SET,696.6000000000001,366,10
90082D,DIAMANTE BOW BROOCH BLACK COLOUR,696.0999999999999,108,51
85231E,STRAWBERRY SCENTED SET/9 T-LIGHTS,695.23,835,106
22036,DINOSAUR BIRTHDAY CARD,695.11,1649,135
23187,FRENCH STYLE STORAGE JAR BONBONS,695.06,2338,74
20898,VINTAGE NOTEBOOK TRAVELOGUE,693.9200000000001,327,53
72755D,FLOWER FAIRY OIL BURNER SET SUMMER,693.25,533,13
17012F,ORIGAMI SANDLEWOOD INCENSE/CAND SET,693.1999999999999,591,107
35964,FOLKART CLIP ON STARS,693.08,1189,132
85096,HILDA CANDY SPOT RABBIT,692.16,166,66
20862,PINK PATCH PENCIL CASE BLUE HEART,691.1400000000001,325,37
72753A,S/3 FLWR FAIRY LILLY CANDLES,690.24,315,14
20856,DENIM PATCH PURSE PINK BUTTERFLY,688.9399999999999,417,122
84931B,BLUE SCOTTIE DOG W FLOWER PATTERN,688.7299999999999,274,83
37444C,PINK BREAKFAST CUP AND SAUCER,688.49,1657,54
85186A,EASTER BUNNY GARLAND OF FLOWERS,688.42,1476,159
47594A,CAROUSEL DESIGN WASHBAG,684.4599999999999,346,105
22641,SET OF 4 NAPKIN CHARMS INSTRUMENT,684.4599999999999,291,67
90160C,TURQ+RED BOUDICCA LARGE BRACELET,684.22,98,45
21197,MULTICOLOUR  CONFETTI IN TUBE,683.2599999999999,466,45
62094B,TURQ ICE CREAM BUM BAG,683.05,306,67
37492D,PURPLE GREEN FLOWER PIGGY BANK,682.9899999999999,361,26
84951A,SET OF 4 PISTACHIO LOVEBIRD COASTER,682.66,516,111
23120,PACK OF 6 SMALL FRUIT STRAWS,682.39,1685,100
85023B,EAU DE NILE JEWELLED PHOTOFRAME,682.35,293,38
17165D,ASS COL LARGE SAND FROG P'WEIGHT,682.32,716,89
22033,BOTANICAL ROSE GREETING CARD,681.93,1603,128
84865,NEW BAROQUE BLACK PHOTO ALBUM,681.9,81,48
23325,RUSTIC STRAWBERRY JAM POT SMALL,681.54,426,32
85084,HOLLY TOP CHRISTMAS STOCKING,681.4,682,84
21674,RIDGED GLASS PENDANT LAMPSHADE,680.8499999999999,43,9
21386,IVORY HANGING DECORATION  EGG,680.78,1148,105
84925D,LA PALMIERA WALL THERMOMETER,680.0,453,26
21847,GREEN  DIAMANTE PEN IN GIFT BOX,679.58,348,71
23597,PAPER BUNTING PAISLEY PARK,679.07,249,31
75013B,"STRING OF 8 BUTTERFLIES,PINK",677.8699999999999,395,76
84916,HAND TOWEL PALE BLUE W FLOWERS,676.91,267,58
21750,LARGE SKULL WINDMILL,676.48,312,62
84824,DANISH ROSE UMBRELLA STAND,676.4499999999999,38,32
21263,GREEN GOOSE FEATHER TREE 60CM,676.02,302,56
23428,IVORY RETRO KITCHEN WALL CLOCK,675.91,77,33
17107D,"FLOWER FAIRY,5 SUMMER B'DRAW LINERS",675.75,265,65
22034,ROBIN CHRISTMAS CARD,674.75,1620,94
22999,TRAVEL CARD WALLET RETRO PETALS,674.11,1544,105
21879,HEARTS GIFT TAPE,672.71,1576,152
21884,CAKES AND BOWS GIFT  TAPE,672.5600000000001,1454,161
46776E,WOVEN CANDY CUSHION COVER,670.52,207,77
90184B,AMETHYST CHUNKY BEAD BRACELET W STR,670.23,74,47
72023F,RED ORGANIC CANDLE IN GLASS,669.62,640,49
85205B,PINK FELT EASTER RABBIT GARLAND,669.38,241,61
85203,HANGING WOOD AND FELT BUTTERFLY,669.27,1467,224
16169K,WRAP FOLK ART,669.25,2100,60
23024,LARGE BONNE JAM JAR  T-LIGHT HOLDER,667.8500000000001,255,11
82613A,"METAL SIGN,CUPCAKE SINGLE HOOK",667.47,492,116
21441,BLUE BIRDHOUSE DECORATION,667.3199999999999,941,133
72750B,FLOWER FAIRY SET 3 CANDLES LAVENDER,666.85,303,30
21247,SET OF RED SALAD SERVERS,664.73,422,81
85019C,CURIOUS  IMAGES NOTEBOOK SET,663.94,426,25
17012D,ORIGAMI ROSE INCENSE/CANDLE SET,663.74,522,116
22510,GINGHAM BABUSHKA DOORSTOP,663.35,280,62
71403,"PINK/WHITE ""KEEP CLEAN"" BULLET BIN",661.95,178,69
22383,LUNCHBAG SUKI  DESIGN,661.63,410,35
23547,WRAP FLOWER SHOP,661.5,1575,62
17109C,FLOWER FAIRY INCENSE ROSE,661.23,3124,15
90184C,BLACK CHUNKY BEAD BRACELET W STRAP,661.23,73,49
23482,PEARLISED IVORY HEART LARGE,661.02,418,39
37474,SET/4 2 TONE EGG SHAPE MIXING BOWLS,661.0,64,44
85188B,PINK METAL SWINGING BUNNY,660.88,748,74
84993A,75 GREEN PETIT FOUR CASES,660.79,1498,177
22322,BIRD DECORATION GREEN  SPOT,660.62,678,108
21764,VINTAGE WOODEN PLATE RACK,659.1500000000001,17,11
85186C,BUNNY EGG GARLAND,658.19,1400,152
46776D,WOVEN SUNSET CUSHION COVER,658.07,153,76
20652,BLUE SPOTTY LUGGAGE TAG,657.9,1236,80
22056,CERAMIC PLATE LOVE HEART DESIGN,656.87,607,34
85028S,FRENCH CHATEAU SMALL FRUITBOWL,656.82,430,33
22677,"FRENCH BLUE METAL DOOR SIGN, 2",656.41,509,77
22134,LADLE LOVE HEART RED,655.97,1508,145
22042,CHRISTMAS CARD SINGING ANGEL,655.52,1805,128
22054,MINI CAKE STAND HANGING HEARTS,655.01,361,74
21307,SET/4 BUTTERFLY MIRROR MAGNETS,654.2700000000001,751,72
85028L,FRENCH CHATEAU LARGE FRUIT BOWL,654.01,271,27
47310M,"SMALL POP BOX,FUNKY MONKEY",652.21,489,85
85168B,BLACK BAROQUE CARRIAGE CLOCK,652.17,72,52
20618,QUEEN OF THE SKIES PASSPORT COVER,650.64,298,137
20714,POSY SHOPPER BAG,649.8199999999999,1580,28
23224,CHERUB HEART DECORATION GOLD,649.02,738,71
85215,ASSORTED CHEESE FRIDGE MAGNETS,648.44,838,66
21350,GINGHAM HEART WREATH,647.7500000000001,225,42
21003,ROSE DU SUD CUSHION COVER,647.75,109,64
17084N,FAIRY DREAMS INCENSE,647.66,2798,187
17164B,ASS COL SMALL SAND GECKO P'WEIGHT,647.4,1622,81
21134,VICTORIAN METAL POSTCARD CHRISTMAS,646.4399999999999,377,46
22678,"FRENCH BLUE METAL DOOR SIGN, 3",645.15,501,71
47597,NEW ENGLAND TEATOWELS,644.88,322,124
23408,PHOTO FRAME LINEN AND LACE SMALL,644.8000000000001,310,59
17181,CIRCLE OF FRIENDS CANDLE HOLDER,642.66,353,65
85185D,FROG SOCK PUPPET,642.01,197,66
16169M,WRAP DAISY CARPET,640.95,2060,59
21816,CHRISTMAS TREE T-LIGHT HOLDER,640.24,424,50
84507C,BLUE CIRCLES DESIGN MONKEY DOLL,639.74,435,70
84520D,PACK OF 20 FAIRY CAKE PAPER NAPKINS,639.4699999999999,699,94
84986B,SET OF 36 SILVER PAPER DOILIES,639.06,432,75
35004P,SET OF 3 PINK FLYING DUCKS,638.97,120,43
21665,TRIANGULAR RIDGED GLASS POSY HOLDER,638.8000000000001,879,75
84601A,NEW BAROQUE IVORY CUSHION COVER,638.34,260,15
84766,SILVER ROCOCO CANDLE STICK,638.0,200,27
84707B,PINK JEWELLED MIRROR TRINKET TRAY,636.94,81,51
16169N,WRAP BLUE RUSSIAN FOLKART,636.75,2050,56
23492,VINTAGE JINGLE BELLS WREATH,635.38,76,28
20819,SILVER TEDDY BEAR,635.24,229,65
22391,PAPERWEIGHT HOME SWEET HOME,635.1899999999999,323,66
23298,"BUNTING , SPOTTY",634.7,146,7
84247G,"DECOUPAGE,GREETING CARD,",633.76,1487,107
20696,FLORAL SOFT CAR TOY,633.18,153,60
22288,HANGING METAL RABBIT DECORATION,632.01,480,59
84951B,SET OF 4 BLACK LOVEBIRD COASTERS,631.12,477,92
23216,LAUREL HEART ANTIQUE GOLD,630.73,525,44
84964A,PINK PAINTED KASHMIRI TABLE,630.0,11,2
90195A,PURPLE GEMSTONE BRACELET,629.9499999999999,75,44
22043,CHRISTMAS CARD SCREEN PRINT,629.88,2222,125
23019,SMALL APOTHECARY MEASURING JAR,629.0500000000001,81,28
15056p,EDWARDIAN PARASOL PINK,628.72,50,38
85230E,STRAWBRY SCENTED VOTIVE CANDLE,628.41,2445,66
84596J,MIXED NUTS LIGHT GREEN BOWL,628.01,813,138
23027,DRAWER KNOB VINTAGE GLASS HEXAGON,627.95,295,30
22263,FELT EGG COSY LADYBIRD,627.38,836,105
72814,SET OF 3 CHRISTMAS BRIAR CANDLES,626.39,176,31
71101E,STANDING FAIRY POLE SUPPORT,626.13,777,47
22092,BLUE PAISLEY TISSUE BOX,625.41,959,140
85218,S/5 MINI ICE CREAM FRIDGE MAGNETS,625.1999999999999,1992,2
82616A,BUBBLE GUM SCARF KNITTING KIT,624.21,316,52
22289,"DECORATION , HANGING METAL CHICKEN",623.96,616,42
90199C,5 STRAND GLASS NECKLACE CRYSTAL,623.39,105,31
85114c,RED ENCHANTED FOREST PLACEMAT,622.72,188,42
85092,CANDY SPOT TEA COSY,622.57,391,24
20694,FLORAL PINK MONSTER,622.33,166,54
22129,PARTY CONES CANDY DECORATION,621.96,454,67
23425,STORAGE TIN HOME SWEET HOME,621.44,275,56
23180,MUM'S KITCHEN CLOCK,621.09,122,49
16156N,"WRAP, FRIENDSHIP ON GREEN",619.5,1475,56
23528,WALL ART SPACEBOY,618.59,173,37
20655,QUEEN OF SKIES LUGGAGE TAG,618.5,420,189
22837,HOT WATER BOTTLE BABUSHKA LARGE,618.0,136,14
21711,FOLDING UMBRELLA WHITE/RED POLKADOT,617.7800000000001,122,43
23471,SIX DRAWER OFFICE TIDY,616.79,65,27
23453,OVAL  MINI PORTRAIT FRAME,615.98,316,47
72772,SET/4 SCENTED CANDLES IN RAMEKINS,615.84,457,9
84876D,BLUE HEART COMPACT MIRROR,615.52,335,35
84932C,SMALL ORIENTAL BLUE FOLDING STOOL,615.4,282,34
21392,RED POLKADOT PUDDING BOWL,615.2,3720,17
90143,SILVER BRACELET W PASTEL FLOWER,614.7,81,41
20689,RETRO SISTERS EXPRESSO CUPS,614.1,429,41
90198A,VINTAGE ROSE BEAD BRACELET RASPBERR,613.6700000000001,145,84
84859A,SILVER DISCO HANDBAG,613.53,293,58
47583A,SET OF 3 WICKER BASKET ROSE,612.8199999999999,71,6
37351,ORANGE FLOWER MUG,612.5099999999999,5404,11
23018,LARGE APOTHECARY MEASURING JAR,612.1600000000001,51,21
22538,MINI JIGSAW GO TO THE FAIR,612.13,1445,86
79190B,RETRO PLASTIC POLKA TRAY,611.93,1503,136
79315W,FLYING SAUCER TABLE LIGHT IN WHITE,611.5100000000001,199,13
35972,DAISY FOLKART HEART DECORATION,611.38,440,87
84051,ASS COLOUR GLOWING TIARAS,611.38,750,60
84858C,PINK RIVIERA HANDBAG,611.0699999999999,347,30
22680,"FRENCH BLUE METAL DOOR SIGN, 5",610.11,477,65
gift_0001_30,Dotcomgiftshop Gift Voucher £30.00,610.09,24,24
23454,THREE MINI HANGING FRAMES,610.0,142,50
20695,FLORAL BLUE MONSTER,608.83,143,61
21173,LOO ROLL  METAL SIGN,607.9599999999999,340,77
62096A,PINK/YELLOW FLOWERS HANDBAG,607.79,395,89
21416,CLAM SHELL LARGE,606.8100000000001,752,22
85169D,PINK LOVE BIRD CANDLE,606.49,522,88
82011C,BATHROOM SCALES FOOTPRINTS IN SAND,602.6800000000001,133,71
84932A,SMALL GREEN PEONY FOLDING STOOL,602.6,262,24
17109D,FLOWER FAIRY INCENSE BOUQUET,601.69,1259,38
20863,BLUE PATCH PENCIL CASE PINK HEART,601.53,293,50
82095,HEART BUTTONS JEWELLERY BOX,600.91,100,48
23520,EMBROIDERED RIBBON REEL RUBY,600.55,167,32
21167,WHITE SAGE INCENSE,600.17,2495,114
85146,JARDIN ETCHED GLASS SMALL BELL JAR,599.38,118,29
16236,KITTY PENCIL ERASERS,599.31,2666,260
21440,12 MINI TOADSTOOL PEGS,597.56,472,95
84846A,SCENTED CANDLE IN DIGITALIS TIN,596.97,263,54
84682,CLASSICAL ROSE DISH,596.94,295,49
90010B,BLACK/WHITE GLASS/SILVER BRACELET,596.74,65,34
20781,GOLD EAR MUFF HEADPHONES,596.4,106,61
22679,"FRENCH BLUE METAL DOOR SIGN, 4",596.34,468,62
20794,BLUE  TILE HOOK,596.0799999999999,213,48
84563B,BLUE & WHITE BREAKFAST TRAY,595.99,129,59
85117,NIGHTINGALE COATHOOK WHITE,594.3199999999999,347,61
47469,ASSORTED SHAPES PHOTO CLIP SILVER,594.28,1220,29
72122,COFFEE SCENT PILLAR CANDLE,594.28,587,120
84924A,WAKE UP COCKEREL CALENDAR SIGN,593.5,139,62
20849,ZINC HEART LATTICE DOUBLE PLANTER,593.03,674,24
23377,PACK OF 12 DOLLY GIRL TISSUES,592.4499999999999,1351,133
85113,POLKA DOT PISTACHIO PAIL,591.6600000000001,285,48
21304,ARCHED GREY MIRROR,591.58,86,18
84963B,BLUE PAINTED KASHMIRI CHAIR,591.5,18,6
21322,GLASS SPHERE CANDLE STAND LARGE,590.45,301,14
20661,BLUE SPOTTY PURSE,589.9000000000001,483,70
21256,"FRENCH BOTTLE, BRASSERIE DES ARTIST",588.64,326,65
84569B,PACK 3 FIRE ENGINE/CAR PATCHES,588.43,458,76
21893,POTTING SHED SEED TIN,587.8,172,20
21223,SET/4 BADGES WOODLAND ANIMAL,587.08,492,43
37444A,YELLOW BREAKFAST CUP AND SAUCER,587.06,2714,43
84934,ASSTD DESIGN POP ART SLIM PEN,586.5,687,13
22683,"FRENCH BLUE METAL DOOR SIGN, 8",586.36,458,63
23565,EGG CUP MILKMAID HELGA,586.31,410,63
23499,SET 12 VINTAGE DOILY CHALK,586.23,1312,110
84569C,PACK 4 FLOWER/BUTTERFLY PATCHES,584.93,415,89
72800B,4 PURPLE FLOCK DINNER CANDLES,583.81,349,57
21016,LIGHT BIRD HOUSE TREE DECORATION,582.85,834,82
47421,ASSORTED COLOUR LIZARD SUCTION HOOK,582.78,1487,74
85230B,CINNAMON SCENTED VOTIVE CANDLE,581.92,2192,68
82001s,SILVER RECORD COVER FRAME,581.88,78,15
21553,CERAMIC BIRDHOUSE FINCH BLUE  LARGE,581.27,90,39
22785,SQUARECUSHION COVER PINK UNION JACK,581.23,173,42
16238,PARTY TIME PENCIL ERASERS,579.68,2523,236
20804,GLASS CHICKEN BUTTER DISH,579.31,325,61
22999,TRAVEL CARD WALLET VINTAGE LEAF,578.48,1350,117
85232A,SET/3 POLKADOT STACKING TINS,578.46,113,44
84509C,SET OF 4 POLKADOT PLACEMATS,577.8100000000001,150,60
21419,CONCH SHELL,577.6899999999999,1259,19
85202,HANGING WOOD AND FELT HEART,577.65,1217,208
22685,"FRENCH BLUE METAL DOOR SIGN, 0",577.51,461,54
23324,RUSTIC STRAWBERRY JAM POT LARGE,577.48,279,38
35922,EASTER BUNNY WREATH,575.99,97,36
17013D,ORIGAMI ROSE INCENSE IN TUBE,575.76,1069,31
22044,CHRISTMAS CARD STACK OF PRESENTS,575.48,2000,89
85144,JARDIN ETCHED GLASS CHEESE DISH,575.45,219,40
23016,GLASS TWIST BON BON JAR,575.25,74,24
22447,PIN CUSHION BABUSHKA BLUE,575.1,184,59
23125,6PC WOOD PLATE SET DISPOSABLE,574.88,459,38
84932D,SMALL ORIENTAL RED FOLDING STOOL,574.71,239,21
20935,ROUND CACTUS CANDLE,574.48,300,46
22684,"FRENCH BLUE METAL DOOR SIGN, 9",572.58,450,54
84675,FROG KING WATERING CAN,571.71,206,62
85169B,BLACK LOVE BIRD CANDLE,571.68,481,93
20615,BLUE SPOTTY PASSPORT COVER,570.85,316,88
85119,WATERING CAN SINGLE HOOK PISTACHIO,570.84,414,39
16162L,THE KING GIFT BAG,570.4300000000001,8101,30
84773,RED ROSE AND LACE C/COVER,569.35,193,48
85169C,EAU DE NIL LOVE BIRD CANDLE,569.33,506,71
85129A,"WHITE PEARL BEADED HEART, SMALL",569.16,444,75
85086A,CANDY SPOT HEART DECORATION,568.73,587,152
23219,LAUREL STAR ANTIQUE SILVER,568.6,430,61
47559b,TEA TIME OVEN GLOVE,568.58,171,44
84806B,WHITE CANDYSTUFT ARTIFICIAL FLOWER,568.02,450,32
22425,ENAMEL COLLANDER CREAM,567.12,122,23
16169C,WRAP BLUE REINDEER,567.0,1350,43
22699,TEACUP AND SAUCER REGENCY ROSES,566.7,210,14
21285,RETRO SPOT CANDLE  MEDIUM,566.22,263,36
21899,GARAGE KEY FOB,565.8100000000001,777,147
20838,FRENCH LATTICE CUSHION COVER,565.8,446,63
85071D,CHARLIE+LOLA MY ROOM DOOR SIGN,564.16,890,112
21881,CUTE CATS TAPE,563.4,1345,118
23381,PACK OF 12 VINTAGE LEAF TISSUES,562.88,1496,80
23272,TREE T-LIGHT HOLDER WILLIE WINKIE,562.2199999999999,364,44
23413,VINTAGE COFFEE GRINDER BOX,561.23,109,30
37345,ASSTD HEARTS DESIGN MUGS,561.05,321,9
16049,TEATIME GEL PENS ASST,560.48,3169,32
22682,"FRENCH BLUE METAL DOOR SIGN, 7",560.05,443,58
72586,SET OF 6 HALLOWEEN GHOST T-LIGHTS,559.51,1248,125
85090,CANDY SPOT APRON,559.2800000000001,106,53
18094C,WHITE AND BLUE CERAMIC OIL BURNER,558.86,413,85
85020,ROUND PINK HEART MIRROR,558.69,251,58
21160,KEEP OUT GIRLS DOOR HANGER,557.49,794,58
84306,S/3 PINK SQUARE PLANTERS ROSES,557.4799999999999,48,31
22950,SET OF 36 DOILIES VINTAGE CHRISTMAS,557.4,444,2
23069,EDWARDIAN PHOTO FRAME,556.21,88,32
23451,SQUARE MINI PORTRAIT FRAME,556.17,277,52
21371,MIRRORED WALL ART POPPIES,556.01,404,64
90120D,WHITE MURANO TWIST BRACELET,554.13,134,40
84859C,PINK DISCO HANDBAG,552.72,304,39
21311,SET/4 BIRD MIRROR MAGNETS,552.27,707,94
23473,WOODLAND SMALL RED FELT HEART,552.02,678,51
22452,MEASURING TAPE RUSSIAN DOLL PINK,551.7,182,48
84805B,BLUE CLIMBING HYDRANGA ART FLOWER,551.4000000000001,340,9
79030G,TUMBLER NEW ENGLAND,551.1899999999999,1261,53
22681,"FRENCH BLUE METAL DOOR SIGN, 6",550.1,430,56
23456,MEDIUM PARLOUR PICTURE FRAME,550.0,136,34
47021G,SET/6 BEAD COASTERS GAUZE BAG GOLD,549.52,716,70
84683,CLASSICAL ROSE CANDLESTAND,549.36,562,46
22394,PAPERWEIGHT KINGS CHOICE,549.3499999999999,347,55
21373,MIRRORED WALL ART SNOWFLAKES,548.89,636,61
85091,CANDY SPOT BREAD BASKETS,548.81,343,20
22584,PACK OF 6 PANETTONE GIFT BOXES,548.63,233,18
23549,WRAP BIRD GARDEN,548.1,1305,52
20888,SET 3 JARDIN DE FEMME SCENT CANDLES,547.74,367,19
23074,EMBOSSED HEART TRINKET BOX,547.27,246,48
85027L,FRENCH CHATEAU LARGE PLATTER,546.45,191,40
85184C,SET 4 VALENTINE DECOUPAGE HEART BOX,545.75,169,62
90175D,TIGRIS EYE CHUNKY CHARM BRACELET,545.72,60,41
85129C,BEADED CRYSTAL HEART BLUE SMALL,545.24,417,65
21339,MARAKESH LANTERN LARGE,544.5,30,12
84596K,JELLY BABIES YELLOW SMALL BOWL,543.41,428,93
22983,"CARD, BILLBOARD FONT",543.34,1300,100
35969,FOLKART CROWN TABLE DECORATIONS,542.47,523,76
20615,BLUE POLKADOT PASSPORT COVER,540.62,331,107
20943,SET/6 GINGERBREAD STAR T-LIGHTS,540.21,381,71
90010E,AMBER GLASS/SILVER BRACELET,539.01,60,35
22344,PARTY PIZZA DISH PINK POLKADOT,538.5,1309,88
16048,TEATIME ROUND PENCIL SHARPENER,537.06,3461,105
84592,CROCHET ROSE PURSE WITH SUEDE BACK,536.4000000000001,173,47
84414B,FUSCHIA/GREEN STRIPE WOOLLY BLANKET,536.24,78,9
21017,RED BIRD HOUSE TREE DECORATION,535.89,659,87
23398,HANGING HEART BONHEUR,535.35,606,69
84661B,BLACK SQUARE TABLE CLOCK,535.28,244,51
20659,ECONOMY LUGGAGE TAG,534.76,370,138
23660,HENRIETTA HEN MUG,534.66,306,42
72800D,S/4 BLUE DINNER CANDLE SILVER FLOCK,534.58,418,36
85179A,GREEN BITTY LIGHT CHAIN,534.34,221,70
90203,SILVER CHARM NECKLACE 70CM,534.27,71,34
21418,STARFISH SOAP DISH,533.8399999999999,194,66
20653,CHERRY BLOSSOM LUGGAGE TAG,533.79,2006,81
16169P,WRAP GREEN RUSSIAN FOLKART,533.75,1750,48
20823,GOLD WINE GOBLET,533.71,253,19
21943,CAKES AND RABBITS DESIGN FLANNEL,532.48,593,149
22135,LADLE LOVE HEART PINK,532.03,1133,151
71270,PHOTO CLIP LINE,531.65,375,81
85030,FRENCH CHATEAU OVAL PLATTER,531.4499999999999,211,29
85039C,S/4 BLACK MINI ROSE CANDLE IN BOWL,531.2099999999999,545,114
21336,GOLD WASHBAG,530.51,1824,43
72267,PREMIUM CHURCH CANDLE,530.16,265,45
84827,ASS DES PHONE SPONGE CRAFT STICKER,530.09,1089,29
21734,SMALL MARAKESH LANTERN ON STICK,529.49,97,29
90160D,PINK BOUDICCA LARGE BRACELET,529.22,76,25
21403,BLUE EGG  SPOON,529.02,2326,157
84799,SPRIG LAVENDER ARTIFICIAL FLOWER,528.78,678,31
23139,SINGLE WIRE HOOK PINK HEART,528.6999999999999,414,27
16202B,PASTEL BLUE PHOTO ALBUM,528.56,1039,22
23060,HEART BEADED TRELLIS DECORATION,528.1700000000001,249,42
84875B,GREEN SQUARE COMPACT MIRROR,526.01,377,40
16168M,FUNKY MONKEY GIFT BAG MEDIUM,525.01,1713,101
22898,CHILDRENS APRON APPLE DESIGN,524.71,291,26
72728,ROSE SCENT CANDLES IN GLASS,523.15,643,54
22861,EASTER TIN CHICKS IN GARDEN,522.93,305,50
85226C,BLUE PULL BACK RACING CAR,522.3100000000001,989,83
46118,FUNKY MONKEY CUSHION COVER,522.05,374,72
23537,WALL ART I LOVE LONDON,521.73,99,32
21459,YELLOW EASTER EGG HUNT START POST,520.55,263,44
35810B,ENAMEL BLUE RIM COFFEE CONTAINER,519.8100000000001,326,68
23336,EGG FRYING PAN PINK,519.25,225,85
90114,SUMMER DAISIES BAG CHARM,519.1999999999999,207,111
20793,BLUE TILED TRAY,518.5,281,22
84706D,CHERRY BLOSSOM TABLE CLOCK,518.0899999999999,221,16
20868,SILVER FABRIC MIRROR,518.07,882,71
71143,SILVER BOOK MARK WITH BEADS,517.91,339,96
84657,GREEN ROSE CUSHION COVER,517.48,246,20
84762A,WHITE PICNIC BARBECUE BUCKET,517.4300000000001,59,29
84970l,SINGLE HEART ZINC T-LIGHT HOLDER,516.96,247,65
72800D,4 BLUE DINNER CANDLES SILVER FLOCK,516.23,225,50
84931A,PINK SCOTTIE DOG W FLOWER PATTERN,513.6899999999999,204,82
82605,OLD DOC RUSSEL METAL SIGN,512.13,227,101
72807c,SET/3 VANILLA SCENTED CANDLE IN BOX,511.98,60,44
79337,BLUE FLOCK GLASS CANDLEHOLDER,511.93,1200,21
23136,IVORY WIRE SWEETHEART LETTER TRAY,511.89,135,49
84989B,75 BLACK FAIRY CAKE CASES,510.15000000000003,1009,57
84782C,GREEN 3 TIER GLASS PLATE STAND,509.9,74,18
21540,DAIRY MAID CERAMIC BUTTER DISH,509.62,114,48
90058B,CRYSTAL STUD EARRINGS ASSORTED COL,509.08000000000004,1082,29
20753,RETRO PINK SPOT WASHING UP GLOVES,509.00000000000006,218,56
84915,HAND TOWEL PINK FLOWER AND DAISY,507.83,241,37
35967,FOLK ART METAL STAR T-LIGHT HOLDER,507.59000000000003,966,112
23043,PAPER LANTERN 9 POINT HOLLY STAR L,506.01,75,20
21882,SKULLS TAPE,505.65000000000003,1060,119
20654,FIRST CLASS LUGGAGE TAG,505.41,398,120
35004S,SET OF 3 SILVER FLYING DUCKS,505.4,145,24
22541,MINI JIGSAW LEAP FROG,504.77,1246,66
23527,WALL ART ANIMALS AND NATURE,504.59000000000003,153,31
37352,BIRD IN TREE MUG,504.55,4643,8
22286,DECORATION WOBBLY RABBIT METAL,504.46,830,67
84877B,GREEN ROUND COMPACT MIRROR,504.43,291,43
84218,BOX/12 CHICK & EGG IN BASKET,503.51,261,96
84247L,FAWN AND MUSHROOM GREETING CARD,503.25,1149,110
85142,JARDIN ETCHED GLASS GINGER JAR,502.58,57,34
20845,ZINC HEART LATTICE 2 WALL PLANTER,502.27,76,24
21117,BLOND DOLL DOORSTOP,502.08,328,26
84804B,BLUE DELPHINIUM ARTIFICIAL FLOWER,501.9700000000001,355,19
16219,HOUSE SHAPE PENCIL SHARPENER,501.25,3358,128
23117,POPPY FIELDS CHOPPING BOARD,501.23,93,45
47591B,SCOTTIES DES CHILD'S APRON,500.83,300,98
23021,GLASS BONNE JAM JAR,500.82000000000005,120,27
20865,PATCHWORK PENCIL CASE BUTTERFLY,500.49,251,33
84809A,WHITE CHRYSANTHEMUMS ART FLOWER,500.04,288,21
35471A,SET OF 3 BIRD L.BLUE FEATHER,499.31,421,83
23560,SET OF 6 RIBBONS COUNTRY STYLE,499.18,172,26
22031,BOTANICAL LAVENDER BIRTHDAY CARD,499.03000000000003,1137,142
20864,DENIM PATCH PENCIL CASE BUTTERFLY,498.14000000000004,252,29
47592A,CAROUSEL DES CHILD'S OVERALL,497.81,257,74
35600D,PINK AND WHITE CHRISTMAS TREE 180CM,497.70000000000005,141,13
85230A,OPIUM SCENTED VOTIVE CANDLE,497.03999999999996,1992,48
85170B,SET/6 BLACK BIRD T-LIGHT CANDLES,496.91,293,58
21399,BLUE  SPOTTY  COFFEE MUG,495.98,241,35
72800C,S/4 PINK DINNER CANDLE SILVER FLOCK,494.39,394,28
21132,SILVER STANDING GNOME,493.61,97,47
84798B,PURPLE FOXGLOVE ARTIIFCIAL FLOWER,492.90000000000003,326,10
16239,BALLERINA HEART DECORATION.,492.17,347,21
37482P,CUBIC MUG PINK POLKADOT,492.15,550,56
51020B,STRIPY DESIGN SHOWER CAP,491.86999999999995,1087,60
85014b,RED RETROSPOT UMBRELLA,491.14000000000004,39,30
90160B,RED BOUDICCA LARGE BRACELET,490.92,71,29
22346,PARTY PIZZA DISH GREEN POLKADOT,489.8,1171,68
21004,ROSE DU SUD CHILDS APRON,489.14,106,52
84876B,GREEN HEART COMPACT MIRROR,488.31,344,40
21663,VINTAGE GLASS SUGAR CADDY,488.16,76,32
22892,SALT AND PEPPER SHAKERS TOADSTOOLS,486.35,397,30
72132,COLUMBIAN CUBE CANDLE,485.55,561,28
22897,OVEN MITT APPLE DESIGN,485.0,343,34
22407,MONEY BOX FIRST ADE DESIGN,484.34000000000003,394,64
90192,JADE DROP EARRINGS W FILIGREE,484.31,97,53
84875D,BLUE SQUARE COMPACT MIRROR,483.75,371,37
23218,LAUREL STAR ANTIQUE GOLD,483.03,379,40
22259,FELT FARM ANIMAL HEN,482.95,590,72
22038,BOTANICAL LAVENDER GIFT WRAP,481.0,1150,45
84984B,RED PEONY CUSHION COVER,480.85,309,10
85227,SET/6 3D KIT CARDS FOR KIDS,480.69,592,50
72127,COLUMBIAN CANDLE ROUND,479.69,393,65
23169,CLASSIC GLASS SWEET JAR,479.45000000000005,119,14
16244A,MAXWELL 2 TONE PINK 60 PAGE PHOTO A,479.40999999999997,186,28
85144,JARDIN ETCHED GLASS BUTTER DISH,478.65,69,30
90195B,BLACK GEMSTONE BRACELET,478.59,54,26
23422,PANTRY HOOK BALLOON WHISK,477.89,213,47
37492C,GREEN BLUE FLOWER PIGGY BANK,477.29999999999995,242,24
21620,S/4 ROSE    BOTANICAL  CANDLE,477.12,127,38
72750C,"F.FAIRY S/3 CANDLE/GLASS, ROSE",476.4,232,15
20662,FIRST CLASS HOLIDAY PURSE,476.35,730,49
23561,SET OF 6 RIBBONS PARTY,476.0,170,16
72801G,S/4 BURGUNDY WINE DINNER CANDLES,475.91999999999996,786,26
85109,PINK BOUDOIR T-LIGHT HOLDER,475.43,4211,20
21507,ELEPHANT BIRTHDAY CARD,474.78,1110,95
21536,DAIRY MAID  SMALL  MILK JUG,474.74000000000007,221,61
21518,BANK ACCOUNT  GREETING  CARD,474.32,1119,109
85136B,BLUE SHARK HELICOPTER,473.77000000000004,59,47
22697,TEACUP AND SAUCER REGENCY GREEN,472.5,174,13
40046A,RED DAISY PAPER LAMPSHADE,472.07,355,62
22951,72 CAKE CASES DOLLY GIRL DESIGN,471.85,943,25
84508B,STRIPES DESIGN TEDDY,471.60999999999996,176,74
84926E,FLOWERS TILE COASTER,471.57,1081,52
84901,BLACK FACE LAMB WITH PANTS,471.13,123,74
22345,PARTY PIZZA DISH BLUE POLKADOT,471.09999999999997,1197,81
gift_0001_20,Dotcomgiftshop Gift Voucher £20.00,471.06,28,26
90120C,GREEN MURANO TWIST BRACELET,470.8,111,58
84884a,ANT WHITE WIRE HEART SPIRAL,470.18,56,35
23521,WALL ART CAT AND BIRD,469.73,143,40
22686,"FRENCH BLUE METAL DOOR SIGN, No",468.94,356,48
21393,BLUE POLKADOT PUDDING BOWL,468.16,2574,15
79030D,"TUMBLER, BAROQUE",468.07,491,21
72799B,PURPLE PILLAR CANDLE BLACK FLOCK,467.71000000000004,322,16
84952A,CLEAR LOVE BIRD T-LIGHT HOLDER,467.65,167,39
85211,S/4 GROOVY CAT MAGNETS,467.4,306,75
35911A,MULTICOLOUR RABBIT EGG WARMER,466.69,388,96
72225C,LAVENDER SCENT CAKE CANDLE,466.38,1926,38
23379,PACK OF 12 RED APPLE TISSUES,465.36,1220,76
51020A,SUMMER FUN DESIGN SHOWER CAP,464.55999999999995,1304,50
23455,SMALL PARLOUR PICTURE FRAME,462.45,165,33
84972L,GIANT PINK HEART MEMO HOLDER,462.15000000000003,117,46
20616,CHERRY BLOSSOM PASSPORT COVER,461.88,287,121
90145,SILVER HOOP EARRINGS WITH FLOWER,461.81,76,45
85204,HANGING WOOD AND FELT FLOWER,461.74,2354,154
72789,BASKET/8 SCENTED LOVE TOKEN CANDLES,461.53,122,45
23691,WRAP KEEP CALM BIRTHDAY,460.5,1125,36
90201B,BLACK ENAMEL FLOWER RING,460.23,156,54
84948,SILVER HANGING T-LIGHT HOLDER DOME,459.2099999999999,273,36
22193,RED WALL CLOCK,459.0,60,1
22191,IVORY WALL CLOCK,459.0,60,1
47422,ASSORTED MONKEY SUCTION CUP HOOK,458.76,1178,66
16207B,PINK HEART RED HANDBAG,457.65000000000003,265,46
23045,PAPER LANTERN 5 POINT STAR MOON,456.48,108,20
90120B,BLUE MURANO TWIST BRACELET,455.68,108,42
84509A,ENGLISH ROSE PLACEMATS,455.18,117,32
16012,FOOD/DRINK SPONGE STICKERS,454.86,2166,63
16218,CARTOON  PENCIL SHARPENERS,454.52,4632,98
21757,LIGHTHOUSE PRINTED METAL SIGN,454.3,80,42
72586,"S/6 HALLOWEEN GHOST T LIGHTS, 5CM H",453.99,1059,58
90010A,MIDNIGHT BLUE GLASS/SILVER BRACELET,452.79999999999995,50,30
84597C,RETRO PINK BALL ASHTRAY,452.23,365,44
22813,PACK 3 BOXES BIRD PANETTONE,451.84,204,31
20621,ECONOMY PASSPORT COVER,451.67,207,33
23548,WRAP MAGIC FOREST,451.5,1075,43
23509,MINI PLAYING CARDS FUN FAIR,451.46000000000004,1062,65
82081,PINK HEARTS PHOTO ALBUM,451.35,174,23
72128,COLUMBIAN CANDLE ROUND,450.74,724,88
16161M,WRAP  PINK FLOCK,449.5,1075,39
90014A,SILVER/MOP ORBIT NECKLACE,447.21,44,34
17164D,ASS COL SMALL SAND FROG P'WEIGHT,447.0,1150,28
90198B,VINTAGE ROSE BEAD BRACELET BLACK,446.15,105,49
90013B,BLACK VINTAGE EARRINGS,445.88,108,79
90013A,MIDNIGHT BLUE VINTAGE EARRINGS,445.7,118,77
84857C,PINK MONTE CARLO HANDBAG,445.03,197,17
21529,RED RETROSPOT TOASTRACK,444.36,120,49
62096B,PURPLE/TURQ FLOWERS HANDBAG,441.99,257,82
16243B,BROWN COZY SQUARE PHOTO ALBUM,441.77,212,8
85230G,ORANGE VOTIVE CANDLE,439.67999999999995,1728,46
90154,LAZER CUT NECKLACE W PASTEL BEADS,439.65,59,7
79030A,"TUMBLER, ENGLISH ROSE",438.25,171,33
23023,RIDGED BONNE JAM JAR T-LIGHT HOLDER,437.81999999999994,274,25
21027,NINJA RABBIT PINK,437.37,357,77
22343,PARTY PIZZA DISH RED WHITE SPOT,434.06999999999994,488,34
79071B,ENGLISH ROSE METAL WASTE BIN,433.70000000000005,142,66
84859B,BLUE DISCO HANDBAG,433.46,282,18
84510F,SET OF 4 NEW ENGLAND COASTERS,432.75,1099,38
84798A,PINK FOXGLOVE ARTIIFCIAL FLOWER,432.45000000000005,195,10
37464,ROBOT MUG IN DISPLAY BOX,432.43,317,82
84858B,BLUE RIVIERA HANDBAG,431.0,326,9
23058,CHRISTMAS HANGING SNOWFLAKE,430.86,490,48
21678,PAISLEY PATTERN  STICKERS,430.60999999999996,580,80
72800C,4 PINK DINNER CANDLE SILVER FLOCK,430.45,266,50
84422,PINK/BLUE DISC/MIRROR STRING,429.61,783,38
20851,ZINC HEART LATTICE TRAY OVAL,429.57,335,28
16045,POPART WOODEN PENCILS ASST,429.44,9312,74
22395,PAPERWEIGHT VINTAGE PAISLEY,428.94,237,53
84509c,SET OF 4 POLKADOT PLACEMATS,428.9,57,32
21520,BOOZE & WOMEN GREETING CARD,428.45,995,108
84966B,BLUE KASHMIRI BOXED MIRROR,428.0,33,4
84801A,PINK HYDRANGEA ART FLOWER,427.44000000000005,272,15
23457,LARGE PARLOUR PICTURE FRAME,427.03000000000003,85,29
21028,NINJA RABBIT BLACK,426.41,324,92
23522,DOG AND BALL WALL ART,425.87999999999994,252,4
90184A,AMBER CHUNKY BEAD BRACELET W STRAP,425.57,47,25
22776,"CAKESTAND, 3 TIER, LOVEHEART",425.4,48,7
20715,LITTLE FLOWER SHOPPER BAG,424.0,400,1
45016,DECORATIVE NET CANOPY LEOPARD,423.73,101,25
16207A,PINK STRAWBERRY HANDBAG,423.53000000000003,143,76
16008,SMALL FOLDING SCISSOR(POINTED EDGE),423.46,3143,85
47579,TEA TIME BREAKFAST BASKET,422.97,186,55
21729,SMALL MARAKESH METAL  LANTERN,422.9,124,30
22446,PIN CUSHION RUSSIAN DOLL PINK,422.45000000000005,121,33
22840,"CAKE TIN, ROUND, VINTAGE RED,CREAM",421.05,59,10
20857,BLUE ROSE PATCH PURSE PINK BUTTERFL,420.75,255,73
46126A,ELVIS WALLHANGING / CURTAIN,419.99,317,48
84967C,GREEN KASHMIRI OCCASIONAL TABLE,419.85,9,4
84770,ROUND GEORGIAN SILVER MIRROR,419.25000000000006,135,16
72780,BLACK SILOUETTE CANDLE PLATE,418.18,514,44
22032,BOTANICAL LILY GREETING CARD,418.12,980,111
72750A,FLOWER FAIRY SET OF 3 LILY CANDLES,417.7,206,8
84532B,FAIRY CAKES RECTANGLUAR BOXES,417.58,54,31
85097B,BLUE ROCKING SINGING CANARY,417.17,106,40
37482P,CUBIC MUG PINK POLKA DOT,416.71,118,27
35240,ENAMEL BLUE RIM OVAL TRAY SET/2,416.01,49,39
37444B,BLUE BREAKFAST CUP AND SAUCER,415.5,2012,28
21025,SPACE FROG,414.89,313,81
84529C,YELLOW KNITTED KIDS RUCKSACK,414.74,78,37
84997b,RED 3 PIECE MINI DOTS CUTLERY SET,414.18,49,7
84007,MAGIC GARDEN MOUNT FUJI,413.12,157,39
85112,S/3 TEAR DROP CUT GLASS DECORATION,412.77,465,34
23459,DOLLY CABINET 2 DRAWERS,412.5,33,19
20666,ECONOMY HOLIDAY PURSE,412.45000000000005,911,46
23415,HOME SWEET HOME HOOK,412.17999999999995,328,47
84711A,SILVER OVAL SHAPE TRINKET BOX,410.84999999999997,44,24
21341,KASBAH LANTERN WITH GLASS,410.64000000000004,72,29
90149,SILVER FLOWR PINK SHELL NECKLACE,410.26000000000005,62,9
84509B,FAIRY CAKE PLACEMATS,409.94,107,28
16169F,WRAP BLIZZARD,409.5,975,34
21698,MOCK LOBSTER FRIDGE MAGNET,408.96999999999997,536,112
84595B,LARGE TRIFLE DESIGN L BLUE BOWL,408.9,230,16
22786,PILLOWCUSHION COVER PINK UNION JACK,408.83000000000004,67,22
21252,SET OF MEADOW  FLOWER STICKERS,408.66,168,22
22323,BAG FOR CHILDREN VINTAGE PINK,408.0,96,1
22324,BAG FOR CHILDREN VINTAGE BLUE,408.0,96,1
72803B,OCEAN SCENT CANDLE JEWELLED DRAWER,407.88,92,36
90206C,CRYSTAL DIAMANTE STAR BROOCH,407.70000000000005,81,57
90180A,BLACK+WHITE NECKLACE W TASSEL,406.59,45,28
90082B,DIAMANTE BOW BROOCH RED COLOUR,406.4,64,25
84984A,GREEN PEONY CUSHION COVER,403.75,255,12
82076,BEECH WOOD PHOTO FRAME,403.64,290,19
79191B,RETRO PLASTIC POLKA TRAY,403.28,485,70
90124B,BLUE MURANO TWIST NECKLACE,401.34999999999997,40,30
84932B,SMALL PINK PEONY FOLDING STOOL,401.3,189,17
22134,MINI LADLE LOVE HEART RED,401.18,865,153
23339,EGG FRYING PAN BLUE,400.84000000000003,173,76
23576,SNACK TRAY RED VINTAGE DOILY,400.03999999999996,198,37
23429,RED RETRO KITCHEN WALL CLOCK,400.01,47,23
90120A,PINK MURANO TWIST BRACELET,399.92,94,41
23039,T-LIGHT HOLDER SILVER HEART HANDLE,399.71,199,28
85007,SET OF 3 VINTAGE TEA TIME BOXES,399.62,143,21
23466,TUSCAN VILLA DOVECOTE BIRD FEEDER,399.03,43,23
84497,BUTTONS AND STRIPES NOTEBOOK,398.38,100,37
20889,JARDIN DE FEMME SCENTED CANDLE,398.03999999999996,657,13
85167A,WHITE GRAND BAROQUE PHOTO FRAME,396.8,176,14
90158,ST TROPEZ NECKLACE,396.5,79,63
84673B,BLUE FLY SWAT,396.43,507,133
84804A,CREAM DELPHINIUM ARTIFICIAL FLOWER,396.38000000000005,218,18
23484,HEART TRELLIS TRIPLE T-LIGHT HOLDER,395.11,129,30
84726,LILLIES CANVAS PICTURE,394.84999999999997,233,5
90201D,GREEN ENAMEL FLOWER RING,394.33000000000004,134,57
84873A,FUNKY FLOWER PICNIC BAG FOR 4,394.15,32,16
84877D,BLUE ROUND COMPACT MIRROR,393.96,166,43
21736,GOLD SCROLL GLASS T-LIGHT HOLDER,393.69000000000005,193,27
23661,MILK MAIDS MUG,393.59,219,33
20661,BLUE POLKADOT PURSE,393.11,416,53
23150,IVORY SWEETHEART SOAP DISH,390.75000000000006,148,49
47562,ENGLISH ROSE IRONING BOARD COVER,390.0,104,41
84802B,PURPLE ANEMONE ARTIFICIAL FLOWER,389.79,411,17
84081,WHITE CERAMIC PARTY SET (5PCS),389.3,100,20
16044,POP-ART FLUORESCENT PENS,389.22,6193,3
23337,EGG FRYING PAN MINT,388.75,180,69
90002D,FLOWER BURST SILVER RING CRYSTAL,388.24,110,34
23103,BELL HEART DECORATION,387.0,252,9
84292,ROSE PINK METAL FOLDING CHAIR,385.98,44,14
90082A,DIAMANTE BOW BROOCH GREEN COLOUR,385.46,60,32
90070,RUBY GLASS CLUSTER BRACELET,385.15000000000003,63,35
22698,TEACUP AND SAUCER REGENCY PINK,384.0,144,9
84429A,MEDIUM PINK BUDDHA HEAD,383.6,111,42
22838,"CAKE TIN, 3 TIER RED/IVORY",383.4,28,8
90201A,PURPLE ENAMEL FLOWER RING,382.84000000000003,130,54
23116,VEGETABLE GARDEN CHOPPING BOARD,382.44,76,22
71053,WHITE MOROCCAN METAL LANTERN,381.54999999999995,69,26
90035B,"PEARL & SHELL 42""NECKL. PINK",380.89,43,4
72801E,S/4 FESTIVE GREEN DINNER CANDLES,380.84,718,22
72750B,"F.FAIRY S/3 CANDLE/GLASS,LAVENDER",380.35,193,9
16258A,SWIRLY CIRCULAR RUBBERS IN BAG,379.28999999999996,1068,101
20670,VIP HOLIDAY PURSE,378.85,694,48
84533B,FAIRY CAKES ROUND NESTING BOXES,377.93,59,24
84760S,SMALL HANGING GLASS+ZINC LANTERN,377.60999999999996,234,36
21243,PINK POLKADOT PLATE,377.56,220,25
20652,BLUE POLKADOT LUGGAGE TAG,376.90999999999997,284,92
20976,12 PENCILS SMALL TUBE POSY,376.34000000000003,549,76
85033G,SET/6 GOLD REINDEER T-LIGHT CANDLES,376.05,236,32
85026B,EAU DE NILE JEWELLED T-LIGHT HOLDER,376.05,310,29
23396,LA JARDIN BOTANIQUE CUSHION COVER,375.53,87,28
20663,QUEEN OF THE SKIES HOLIDAY PURSE,374.43,1076,44
23128,DOLLCRAFT BOY JEAN-PAUL,373.9,82,12
90134,OLD ROSE COMBO BEAD NECKLACE,373.88,127,96
79190A,RETRO PLASTIC 70'S TRAY,372.67,808,119
35968,FOLK ART METAL HEART T-LIGHT HOLDER,372.46000000000004,785,75
84680,CLASSICAL ROSE URN,372.3,94,17
84741C,CITRUS GARLAND FELT FLOWERS,372.14,185,51
16216,LETTER SHAPE PENCIL SHARPENER,371.64,4158,88
20906,VINTAGE NOTEBOOK BEAUTY GIRL,371.19,102,47
22511,DOORSTOP RUSSIAN DOLL RETROSPOT,371.1,101,35
78033,FLAG OF ST GEORGE CHAIR,370.6,76,16
22559,SEASIDE FRISBEE,370.54,308,26
90013C,GREEN VINTAGE EARRINGS,370.51,92,56
84926D,LA PALMIERA TILE COASTER,370.34999999999997,777,47
79336,LIGHT PINK FLOCK GLASS CANDLEHOLDER,369.78000000000003,840,21
72801C,4 ROSE PINK DINNER CANDLES,369.45,549,28
21157,RED RETROSPOT WASHBAG,368.49,127,44
84898F,YELLOW FLOWERS FELT HANDBAG KIT,367.45000000000005,172,52
47503G,ASS FLORAL PRINT TAPE MEASURE,367.36,284,35
23575,SNACK TRAY PAISLEY PARK,367.34999999999997,179,32
21038,SET/4 MODERN VINTAGE COTTON NAPKINS,367.28000000000003,170,52
47504G,ENGLISH ROSE TAPE MEASURE,366.81,266,57
35915A,CREAM KNITTED HEN,365.76,288,1
90019A,SILVER M.O.P ORBIT BRACELET,365.61,70,51
90161A,ANT COPPER RED BOUDICCA BRACELET,365.23,73,43
85094,CANDY SPOT EGG WARMER RABBIT,363.5,761,108
90164B,WHITE  ROSEBUD PEARL BRACELET,362.94,67,35
90160A,PURPLE BOUDICCA LARGE BRACELET,362.51,52,25
46000R,POLYESTER FILLER PAD 45x30cm,361.05,249,61
21880,RED AND WHITE SPOT TAPE,360.93,483,71
21946,PARTY TIME DESIGN FLANNEL,358.96999999999997,625,67
84402D,PINK DRESS JEWELLERY STAND,358.92999999999995,373,13
90036E,"FLOWER GLASS GARLD NECKL36""AMETHYST",358.87,45,28
23579,SNACK TRAY I LOVE LONDON,358.75,169,35
84711B,PINK OVAL SHAPE TRINKET BOX,357.71,39,30
84997a,GREEN 3 PIECE MINI DOTS CUTLERY SET,357.41,43,11
84800M,MEDIUM WHITE/PINK ROSE ART FLOWER,357.22,250,27
22555,PLASTERS IN TIN MR STRONG,357.0,228,11
84881,BLUE WIRE SPIRAL CANDLE HOLDER,355.64,54,24
35912B,WHITE/PINK CHICK DECORATION,355.58000000000004,288,30
20799,PINK MILKSHAKE GLASS,355.33,200,26
72487,ROSES WHITE ROUND CANDLE,355.05,827,14
47310M,SMALL POP BOX FUNKY MONKEY,353.98,258,87
20950,SET/6  ANGEL T-LIGHTS WHITE/GOLD,353.39,687,83
22039,BOTANICAL LILY GIFT WRAP,353.0,850,30
84870C,GREEN GEISHA GIRL,352.86,99,41
82011B,BATHROOM SCALES RUBBER DUCKS,352.55,94,48
84809B,PINK CHRYSANTHEMUMS ART FLOWER,351.6,296,8
23420,PANTRY HOOK TEA STRAINER,351.37,164,32
82001s,VINYL RECORD FRAME SILVER,351.09999999999997,47,14
90201C,RED ENAMEL FLOWER RING,350.94000000000005,119,46
90175C,BLUE GLASS CHUNKY CHARM BRACELET,350.84999999999997,39,20
21306,SET/4 DAISY MIRROR MAGNETS,350.36,684,68
35833P,4 PINK FLOCK CHRISTMAS BALLS,350.14,188,64
22268,DECORATION SITTING BUNNY,349.54,1480,83
23421,PANTRY HOOK SPATULA,349.2,160,33
72750A,"F.FAIRY S/3 CANDLE/GLASS,LILY/VALLY",349.15000000000003,177,8
22029,SPACE BOY BIRTHDAY CARD,349.12,823,67
23044,PAPER LANTERN 9 POINT HOLLY STAR S,348.59000000000003,83,20
23057,GEMSTONE CHANDELIER T-LIGHT HOLDER,347.70000000000005,78,7
84249D,FAIRY CAKE GREETINGS CARD,347.3,823,64
84535A,ENGLISH ROSE NOTEBOOK A6 SIZE,346.93,607,64
90178A,AMBER CHUNKY GLASS+BEAD NECKLACE,346.31,29,21
22257,FELT FARM ANIMAL SHEEP,345.47999999999996,419,57
84870B,BLUE GEISHA GIRL,345.11,96,40
84801B,WHITE HYDRANGEA ART FLOWER,345.00000000000006,214,18
35914,PINK CHICK EGG WARMER + EGG CUP,345.0,245,56
90148,LONG SILVER NECKLACE PASTEL FLOWER,343.98,27,18
21722,SWEET PUDDING STICKER SHEET,343.78,363,79
35004c,SET OF 3 COLOURED  FLYING DUCKS,343.72,27,25
20940,SET/6 GARDEN GNOME T-LIGHT CANDLES,342.75,118,22
85129B,BEADED CRYSTAL HEART GREEN SMALL,342.62,254,56
90191,SILVER LARIAT 40CM,342.6,40,21
20847,ZINC HEART LATTICE CHARGER LARGE,341.97,81,27
72130,COLUMBIAN CANDLE ROUND,341.68,814,57
72814,SET/3 CHRISTMAS BRIAR CANDLES,341.53,90,23
72811,SMALL ZINC/GLASS CANDLEHOLDER,340.45,445,22
17011F,ORIGAMI SANDLEWOOD INCENSE+FLOWER,340.41,386,20
23523,WALL ART TREASURE AHOY,340.35,90,25
75149N,STRING CRYSTALS NATURAL,340.0,272,25
85014a,BLACK/BLUE POLKADOT UMBRELLA,339.8,27,19
79303B,BLUE STAR BLOCK TABLE LAMP,339.57,109,10
84925A,WAKE UP COCKEREL WALL THERMOMETER,339.28999999999996,179,17
90014B,GOLD M PEARL  ORBIT NECKLACE,338.42999999999995,33,26
84576,BLUE CAT BISCUIT BARREL PINK HEART,337.04,96,32
37467,PIG MUG IN TWO COLOUR DESIGNS,336.93,275,64
90173,PAIR BUTTERFLY HAIR CLIPS,336.88,89,51
23127,DOLLCRAFT GIRL NICOLE,336.6,68,12
90129B,TURQUOISE GLASS TASSLE BAG CHARM,336.59000000000003,150,62
37343,POLKADOT MUG PINK,336.41999999999996,206,30
17109A,FLOWER FAIRY INCENSE LILY,333.61,709,13
21402,RED  EGG  SPOON,333.42,1698,151
20688,BEAUTY SPEED EXPRESSO CUPS,332.9,464,11
90000D,COPPER/OLIVE GREEN FLOWER NECKLACE,332.86,54,34
47583B,SET OF 3 WICKER BASKET TEA AND CAKE,332.6,27,6
90175B,PINK GLASS CHUNKY CHARM BRACELET,332.19,37,27
21420,OYSTER TRINKET BOX,332.16,120,31
35637C,PINK STRING CURTAIN WITH POLE,331.14,100,19
85024B,EAU DE NILE JEWELLED PHOTOFRAME,330.9,218,20
35921,EASTER BUNNY HANGING GARLAND,330.32,183,49
72739B,WHITE CHOCOLATE SCENT CANDLE,328.39000000000004,394,28
84968e,SET OF 16 VINTAGE BLACK CUTLERY,327.65999999999997,13,9
23236,DOILEY BISCUIT TIN,327.6,120,13
84902,PINK KNITTED COW STUFFED TOY,326.33,84,53
85131C,BEADED CRYSTAL HEART BLUE ON STICK,326.1,446,72
84706A,ENGLISH ROSE TABLE CLOCK,325.88,137,7
21309,LOUVRE CHALKBOARD,325.6,49,5
90209A,PURPLE ENAMEL+GLASS HAIR COMB,325.5,173,10
22045,SPACE BOY GIFT WRAP,325.5,775,27
90018A,SILVER M.O.P ORBIT DROP EARRINGS,325.47,77,56
23037,CANDLE HOLDER SILVER MADELINE,325.15999999999997,196,20
23478,WOODLAND LARGE PINK FELT HEART,324.40000000000003,285,13
23521,CAT AND BIRD WALL ART,323.64,270,4
72801G,4 BURGUNDY WINE DINNER CANDLES,322.7,539,38
90197B,BLACK GLASS BRACELET W HEART CHARMS,322.52000000000004,64,51
23205,CHARLOTTE BAG ALPHABET  DESIGN,320.5,400,22
85070,ANT WHITE SWEETHEART TABLE W 3 DRAW,320.0,3,3
22287,DECORATION WOBBLY CHICKEN,319.14,560,45
21401,BLUE PUDDING SPOON,319.07,1444,121
84795b,SUNSET CHECK HAMMOCK,317.71999999999997,19,17
85089,CANDY SPOT BUNNY,317.54,99,29
85033S,SET/6 SILVER REINDEER T-LIGHTS,317.35,258,49
84933C,LARGE BLUE ORIENTAL FOLDING STOOL,317.0,136,6
17091B,JASMINE TEA INCENSE IN TIN,316.98,276,51
84509G,FAIRY CAKE PLACEMATS,315.55,82,27
84673A,PINK FLY SWAT,314.84000000000003,500,99
17012E,ORIGAMI OPIUM INCENSE/CANDLE SET,314.35999999999996,270,29
84933A,LARGE GREEN PEONY FOLDING STOOL,314.35,131,6
84522,PINK PARTY SUNGLASSES,313.81,187,26
46000U,POLYESTER FILLER PAD 30CMx30CM,313.75,251,51
35638B,PINK/BLUE STRING CURTAIN,313.28999999999996,118,11
23695,DOILY THANK YOU CARD,313.24,741,57
23130,MISELTOE HEART WREATH,312.8,80,5
84802A,WHITE ANEMONE ARTIFICIAL FLOWER,312.65000000000003,185,24
84838,ANT WHITE HIGH RISE BIRD BOX,312.5,50,4
90016B,GOLD/M.O.P PENDANT ORBIT NECKLACE,312.14,37,30
84984C,ORIENTAL BLUE CUSHION COVER,311.57,219,8
35979,SIX STRING SCANDINAVIAN HEART DECS,311.03000000000003,94,27
62095B,TURQOISE ICE CREAM SUNHAT,310.83,292,21
84623,PINK GINGHAM ROSE FLOOR CUSHION,310.44,56,14
90036D,"FLOWER GLASS GARLAND NECKL.36""BLACK",310.24,39,16
84933B,LARGE PINK PEONY FOLDING STOOL,309.15000000000003,136,6
84661A,WHITE SQUARE TABLE CLOCK,308.99,222,43
20795,LARGE BLUE PROVENCAL CERAMIC BALL,308.7,135,29
22844,VINTAGE DOG FOOD CONTAINER,308.64,36,6
77081,FLOWER WINDMILL,308.38,242,33
21196,ROUND WHITE CONFETTI IN TUBE,306.89,178,22
22453,MEASURING TAPE RUSSIAN DOLL BLUE,306.81000000000006,103,28
84671B,CROCHET BEAR WITH BLUE STRIPES,306.77,109,32
23495,SET OF 3 PANTRY WOODEN SPOONS,306.66,225,41
90185D,CRYSTAL DIAMANTE EXPANDABLE RING,306.08,72,35
90196A,PURPLE GEMSTONE NECKLACE 45CM,306.0,24,11
16254,TRANSPARENT ACRYLIC TAPE DISPENSER,305.66,941,40
84926A,WAKE UP COCKEREL TILE COASTER,305.59,673,51
23131,MISELTOE HEART WREATH WHITE,304.5,78,4
20800,LARGE GLASS SUNDAE DISH CLEAR,303.96,1005,5
84219,BOX/12 MOTHER & CHICK IN BASKET/BOW,303.86,137,28
90129A,PINK GLASS TASSLE BAG CHARM,303.68,156,73
84247N,PACK/12 BLUE FOLKART CARDS,303.38000000000005,115,53
79190D,RETRO PLASTIC DAISY TRAY,303.3,657,112
72753D,S/3 FLWR FAIRY SUMMER CANDLES,302.40000000000003,144,9
85147,JARDIN ETCHED GLASS CANDLEHLDR LONG,301.95,61,16
23430,BLUE RETRO KITCHEN WALL CLOCK,301.88,36,18
35645,VINTAGE BEAD PINK JEWEL BOX,301.81,61,34
21321,GLASS CHALICE BLUE  LARGE,301.8,122,18
23522,WALL ART DOG AND BALL,301.56,102,28
90098,NECKLACE+BRACELET PINK BUTTERFLY,301.28,137,55
90035C,"PEARL & SHELL 42""NECKL. IVORY",301.0,28,5
22852,ENAMEL DOG BOWL CREAM,300.48,76,3
84509E,SET OF 4 CAROUSEL PLACEMATS,300.3,157,29
23440,PAINT YOUR OWN EGGS IN CRATE,299.36,164,5
17001,HEAVENS SCENT FRAGRANCE OILS ASSTD,299.34999999999997,1211,23
90124A,PINK MURANO TWIST NECKLACE,299.28,30,20
18096C,WHITE ROUND PORCELAIN TLIGHT HOLDER,298.7,117,20
47471,RAINBOW PEGS PHOTO CLIP STRING,298.51,431,63
79051A,SMOKEY GREY COLOUR D.O.F. GLASS,298.18,706,39
90030B,RED KUKUI COCONUT SEED NECKLACE,298.02,140,36
35981C,WHITE SNOW SCANDINAVIAN STOCKING,297.62,589,67
84627,CANDY STRIPE ROSE C/COVER,297.5,50,19
84509C,SET OF 4 DOTTY PLACEMATS,297.48,70,23
22135,MINI LADLE LOVE HEART PINK,297.4,528,166
90115,SUMMER BUTTERFLIES BAG CHARM,296.53,115,60
35920,FOUR RABBIT EASTER DECORATIONS,296.34,1070,24
DCGSSGIRL,GIRLS PARTY BAG,295.63,92,23
20869,GOLD FABRIC MIRROR,295.12,529,53
21697,SET 5 MINI DOUGHNUT FRIDGE MAGNET,295.08000000000004,372,7
84508C,BLUE CIRCLES DESIGN TEDDY,295.08,108,43
23126,DOLLCRAFT GIRL AMELIE KIT,294.7,66,8
21144,PINK POODLE HANGING DECORATION,294.19,545,60
21367,MIRRORED WALL ART GENTS,293.7,215,60
84482,BUTTONS DESIGN JEWELLERY BOX,293.02,75,32
72801F,S/4 FESTIVE RED DINNER CANDLES,292.5,234,25
21030,SPACE CADET RED,292.15,240,51
DCGS0076,SUNJAR LED NIGHT NIGHT LIGHT,292.09,18,14
37422,WHITE WITH BLACK CATS BOWL,292.08,434,73
84800S,SMALL WHITE/PINK ROSE ART FLOWER,292.04,388,19
22952,SET 72 CAKE CASES VINTAGE CHRISTMAS,291.6,672,4
23567,EGG CUP HENRIETTA HEN PINK,291.58,211,37
84529A,PINK KNITTED KIDS RUCKSACK,290.78,50,19
20826,SILVER APERITIF GLASS,290.72,355,14
16202A,PASTEL PINK PHOTO ALBUM,290.45,662,21
21388,IVORY HANGING DECORATION  CHICKEN,290.16999999999996,311,29
23410,CURIO CABINET LINEN AND LACE,290.1,36,18
84882,GREEN WIRE STANDING CANDLE HOLDER,289.43,66,36
90185C,BLACK DIAMANTE EXPANDABLE RING,288.95,68,32
23015,CORDIAL GLASS JUG,288.88,34,16
90185B,AMETHYST DIAMANTE EXPANDABLE RING,288.68,68,34
20987,GEISHA GIRL CHOPSTICKS SET/5,288.35,131,22
23047,PAPER LANTERN 5 POINT SEQUIN STAR,287.5,50,21
84997a,GREEN 3 PIECE POLKADOT CUTLERY SET,287.08000000000004,34,10
16212,FUNKY GIRLZ ASST MAGNETIC MEMO PAD,287.01,366,37
47578A,ENGLISH ROSE SMALL SCENTED FLOWER,286.68,315,69
20821,GOLDIE LOOKING MIRROR,286.42,42,25
84192,ASSORTED COLOUR METAL CAT,286.1,238,38
37413,ICON MUG REVOLUTIONARY,284.49,703,81
84247E,PACK OF 12 CHRISTMAS FUN CARDS,283.79,106,37
20980,36 PENCILS TUBE POSY,283.56,234,58
82093,HEART SHAPE BUTTON FRAME,283.49,139,28
16052,TEATIME PUSH DOWN RUBBER,283.0,850,35
22546,MINI JIGSAW FIDO,282.24,672,10
85049g,CHOCOLATE BOX RIBBONS,281.44,115,52
21095,SET/6 POSIES PAPER PLATES,281.37,303,40
84977,WIRE FLOWER T-LIGHT HOLDER,281.33,223,44
23481,PEARLISED IVORY HEART SMALL,281.17,228,29
90163A,PINK ROSEBUD & PEARL NECKLACE,280.71,37,24
22889,NUMBER TILE VINTAGE FONT No,280.63,174,36
72739C,DARK CHOCOLATE SCENTCANDLE,279.08,326,23
44235,ASS COL CIRCLE MOBILE,279.06,757,15
21412,VINTAGE GOLD TINSEL REEL,279.0,275,67
84625B,BLCK NEW BAROQUE CANDLESTICK CANDLE,279.0,180,17
22954,HEN PARTY CORDON BARRIER TAPE,278.89,226,49
90085,CRYSTAL STILETTO PHONE CHARM,278.84999999999997,313,29
84457,SET/3 RABBITS FLOWER SKIPPPING ROPE,278.72999999999996,291,64
84926F,PSYCHEDELIC TILE COASTER,277.9,484,42
84927F,PSYCHEDELIC TILE HOOK,277.53000000000003,336,62
23413,DECORATIVE VINTAGE COFFEE  BOX,277.0,52,22
90146,FINE SILVER NECKLACE W PASTEL FLOWE,276.49,41,19
84966C,GREEN KASHMIRI BOXED MIRROR,276.0,23,2
21372,MIRRORED WALL ART TABLE LAMP,275.87,158,50
23137,ZINC WIRE SWEETHEART LETTER TRAY,275.62,83,23
47586A,PINK FAIRY CAKE CUSHION COVER,275.53,202,29
84924F,PSYCHEDELIC METAL SIGN CALENDAR,274.55,975,10
21193,WHITE HONEYCOMB PAPER FAN,274.37,111,22
75178,ASSTD COL BUTTERFLY/CRYSTAL W/CHIME,273.93,497,25
90122A,PINK CRYSTAL+GLASS BRACELET,273.89,55,31
72801D,4 SKY BLUE DINNER CANDLES,272.93,393,29
23141,TRIPLE WIRE HOOK PINK HEART,272.91,79,25
84924D,LA PALMIERA METAL SIGN CALENDAR,272.61,764,15
23203,JUMBO BAG VINTAGE DOILEY,272.57,144,7
35096A,BLUE VICTORIAN FABRIC HEART BOX,272.45,765,50
79303D,LILAC FLOWER BLOCK TABLE LAMP,272.45,78,19
84499,BLACK FLOWER CANDLE PLATE,272.16999999999996,326,41
90032,IVORY SHELL HEART NECKLACE,271.88,48,24
90014C,SILVER/BLACK ORBIT NECKLACE,271.33,27,18
23474,WOODLAND SMALL BLUE FELT HEART,270.96,312,37
21629,SQUARE FLOOR CUSHION VINTAGE PINK,270.47,19,14
47351B,BLUE  VOILE LAMPSHADE,269.90000000000003,98,14
90129E,PURPLE GLASS TASSLE BAG CHARM,269.78000000000003,133,59
85195,HANGING HEART BASKET,269.44000000000005,146,17
90122C,TURQUOISE CRYSTAL+GLASS BRACELET,269.1,54,30
72793,BLACK BOX MIRROR LANTERN,268.75,55,10
84906,PINK B'FLY C/COVER W BOBBLES,268.57,44,16
20818,GOLD TEDDY BEAR,268.5,87,30
47481,50CM METAL STRING WITH  7 CLIPS,267.53,327,44
90096,NECKLACE+BRACELET SET BLUE BLOSSOM,266.44,113,49
79030D,TUMBLER BAROQUE,266.19,525,40
23489,"GARLAND, VINTAGE BELLS",265.88,92,10
44234,ASSORTED CIRCULAR MOBILE,264.76,1220,56
23476,WOODLAND LARGE RED FELT HEART,264.72,205,22
21370,MIRRORED WALL ART FOXY,264.67,56,22
21950,SET OF 6 DOTS CHOPSTICKS,263.63,211,18
90040B,MURANO STYLE GLASS BRACELET BLACK,263.59,73,36
90157,RIVIERA NECKLACE,263.28000000000003,53,24
84613C,BLUE NEW BAROQUE FLOCK CANDLESTICK,262.71,63,12
21268,VINTAGE BLUE TINSEL REEL,262.5,399,49
84806A,PINK CANDYSTUFT ARTIFICIAL FLOWER,261.90999999999997,319,20
23194,GYMKHANNA TREASURE BOOK BOX,261.84000000000003,120,14
90028,NEW BAROQUE LARGE NECKLACE BLK/WHIT,261.77,31,24
17038,PORCELAIN BUDAH INCENSE HOLDER,261.51,2659,55
85095,THREE CANVAS LUGGAGE TAGS,261.04,175,49
79328,BLUE FLOCK GLASS CANDLEHOLDER,260.76,594,17
72799D,BLUE PILLAR CANDLE SILVER FLOCK,260.67,78,18
90073,VINTAGE ENAMEL & CRYSTAL EARRINGS,260.52,52,34
84597B,RETRO BROWN BALL ASHTRAY,259.37,205,27
22870,NUMBER TILE COTTAGE GARDEN 2,258.77,99,43
23032,DOORKNOB CRACKED GLAZE IVORY,258.29999999999995,174,5
90035A,"PEARL & SHELL 42""NECKL. GREEN",257.55,24,16
84520b,PACK 20 ENGLISH ROSE PAPER NAPKINS,257.4,110,10
85179C,PINK BITTY LIGHT CHAIN,257.15,116,40
84371,BIG PINK POODLE,257.1,30,6
84660c,PINK STITCHED WALL CLOCK,256.84,34,28
22849,"BREAD BIN, DINER STYLE, MINT",256.15,17,4
90081C,LILY BROOCH OLIVE COLOUR,255.56,51,36
10123C,HEARTS WRAPPING TAPE,255.06,651,63
90196B,BLACK GEMSTONE NECKLACE 45CM,254.73,20,14
21032,SPACE CADET WHITE,254.66,205,50
22869,NUMBER TILE COTTAGE GARDEN 1,253.94,100,46
84461,12 PINK HEN+CHICKS IN BASKET,253.79,99,40
gift_0001_50,Dotcomgiftshop Gift Voucher £50.00,253.59,6,6
90087,CRYSTAL SEA HORSE PHONE CHARM,252.88,313,53
21493,VINTAGE DESIGN GIFT TAGS,252.45,272,29
79338,DARK PINK FLOCK GLASS CANDLEHOLDER,252.29000000000002,553,13
47503H,ASS FLORAL PRINT SPIRIT LEVEL,252.28,162,60
90208,PAIR OF ENAMEL FLOWER CLUSTER SLIDE,251.59,105,30
23149,ANTIQUE IVORY WIRE BOWL SMALL,251.45000000000002,99,21
DCGSSBOY,BOYS PARTY BAG,251.35,77,21
90170,DAISY HAIR BAND,251.26999999999998,151,73
20836,FRENCH PAISLEY CUSHION COVER,250.0,224,22
90181B,AMETHYST GLASS/SHELL/PEARL NECKLACE,249.95000000000002,27,24
21460,GREEN EASTER EGG HUNT START POST,249.64999999999998,113,27
22984,"CARD, GINGHAM ROSE",249.44,596,47
84993B,75 BLACK PETIT FOUR CASES,249.12,564,86
22812,PACK 3 BOXES CHRISTMAS PANETTONE,248.48,76,24
90129C,GREEN GLASS TASSLE BAG CHARM,248.36,110,51
84030c,KNITTED RAINBOW HOT WATER BOTTLE,248.0,32,13
22328,"ROUND SNACK BOXES ,SET 4, FRUITS",247.8,84,5
90081A,LILY BROOCH AMETHYST COLOUR,247.75000000000003,50,24
23168,CLASSIC SUGAR DISPENSER,247.32,216,12
84621,BLUE GINGHAM ROSE FLOOR CUSHION,247.26,29,15
90036C,"FLOWER GLASS GARLAND NECKL.36""BLUE",246.83,31,15
82011A,"BATHROOM SCALES, TROPICAL BEACH",246.58,59,34
46307,ROSES BLUE BASE CUSHION COVER,246.03,51,33
35818P,"ACRYLIC JEWEL ICICLE, PINK",245.51,560,25
22176,BLUE OWL DECORATION,244.79999999999998,96,1
22175,PINK OWL DECORATION,244.79999999999998,96,1
90119,METALIC LEAVES BAG CHARMS,243.07,97,42
23475,WOODLAND SMALL PINK FELT HEART,242.17999999999998,286,31
22882,NUMBER TILE VINTAGE FONT 3,241.92999999999998,119,49
16156L,"WRAP, CAROUSEL",241.5,575,22
90210B,CLEAR ACRYLIC FACETED BANGLE,240.9,105,24
84510C,SET OF 4 POLKADOT COASTERS,240.1,153,61
23143,ZINC WIRE KITCHEN ORGANISER,239.97,30,16
84984D,ORIENTAL RED CUSHION COVER,239.8,132,10
23324,RUSTIC STRAWBERRY JAMPOT LARGE,238.56,120,6
23028,DOORKNOB CRACKED GLAZE BLUE,238.49999999999997,162,3
22447,PIN CUSHION RUSSIAN DOLL BLUE,238.06,68,23
84629,WHITE 3 FRAME BIRDS AND TREE,237.8,24,13
82553,POP'S GREASY SPOON METAL SIGN,237.73,114,42
90185A,AMBER DIAMANTE EXPANDABLE RING,237.53,56,26
21369,MIRRORED WALL ART SPLODGES,236.73,135,22
90133,TEAL/FUSCHIA COL BEAD NECKLACE,236.46,47,36
84247K,"FOLK ART GREETING CARD,pack/12",236.43000000000004,76,28
44217M,MULTICOLOUR FEATHERS CURTAIN,236.40000000000003,72,3
20891,LARGE GLASS ROSE SCENTED CANDLE,236.32999999999998,684,3
82585,SWEET VALENCIA CANDLE+CUP,235.9,164,47
90210D,PURPLE ACRYLIC FACETED BANGLE,235.73000000000002,142,23
90199B,5 STRAND GLASS NECKLACE AMETHYST,234.98,37,31
23580,SNACK TRAY HAPPY FOREST,234.92,116,25
20855,PINK PATCH PURSE BLUE HEART,234.29999999999998,142,47
84796a,PINK HAWAIIAN PICNIC HAMPER FOR 2,234.28,28,20
20736,PINK MINI TAPE MEASURE,233.5,290,19
37483,ENGLISH ROSE MUG IN GIFT BOX,232.89,143,10
84797b,BLUE SAVANNAH PICNIC HAMPER FOR 4,232.62,21,19
23036,T-LIGHT HOLDER SILVER PETIT FOUR,232.42000000000002,184,16
16256B,FLOWER PENCIL/RUBBER+5 MINI PENCILS,232.35,524,35
35991,SET/6 BLACK SNOWFLAKE T-LIGHTS,232.08,402,54
90211B,JET BLACK LAS VEGAS NECKLACE 45CM,231.99,39,26
23447,PINK BUNNY EASTER EGG BASKET,231.89999999999998,158,4
21226,POCKET MIRROR WOODLAND,231.79999999999998,214,37
22878,NUMBER TILE COTTAGE GARDEN No,231.54,83,40
16202C,BEIGE PHOTO ALBUM,230.59,97,12
22842,"BISCUIT TIN, RED,IVORY, VINTAGE",230.55,37,7
90116,FRUIT SALAD BAG CHARM,230.54,108,63
90164A,PINK ROSEBUD PEARL BRACELET,230.39,40,25
23446,BLUE BUNNY EASTER EGG BASKET,230.24999999999997,157,3
37508,NEW ENGLAND CERAMIC CAKE SERVER,229.57,89,46
72781,BLACK SILOUETTE CANDLE PLATE,229.5,121,15
90122B,JADE CRYSTAL+GLASS BRACELET,228.99,46,26
21639,ASSORTED TUTTI FRUTTI KEYRING,228.64999999999998,259,15
17084P,DRAGONS BLOOD INCENSE,228.43,1016,70
90090,PINK CRYSTAL HEART PHONE CHARM,227.72,263,22
35809B,ENAMEL BLUE RIM TEA CONTAINER,227.54000000000002,104,33
71028B,SILVER BLUE EGG T-LIGHT HOLDER,227.48000000000002,494,13
21395,BLUE SPOTTY BEAKER,227.44,112,23
35833G,4 GOLD FLOCK CHRISTMAS BALLS,227.38,136,34
84705C,PINK FLOCK PHOTO FRAME,227.33,162,8
22899,CHILDRENS APRON DOLLY GIRL,226.81000000000003,107,17
72750D,F.FAIRY S/3 CANDLE/GLASS,226.5,110,11
23003,TRAVEL CARD WALLET VINTAGE ROSE,226.2,542,53
90003D,CRYSTAL PAIR HEART HAIR SLIDES,226.17,60,32
90155,RESIN NECKLACE W PASTEL BEADS,226.16,30,21
84966A,PINK KASHMIRI BOXED MIRROR,225.95,13,4
35597B,BLACKCHRISTMAS TREE 30CM,225.35,79,7
TEST001,This is a test product.,225.0,50,9
90019C,SILVER BLACK ORBIT BRACELET,224.4,42,34
84927E,FLOWERS TILE HOOK,224.31,494,29
90125D,PURPLE BERTIE GLASS BEAD BAG CHARM,223.74,136,36
72812,LARGE ZINC GLASS CANDLEHOLDER,223.23000000000002,78,22
85039a,SET/4 RED MINI ROSE CANDLE IN BOWL,222.53,67,44
47591A,CAROUSEL DES CHILD'S APRON,221.57,134,58
17011C,ORIGAMI LAVENDER INCENSE+FLOWER,221.4,335,2
90005A,JADE GREEN ENAMEL HAIR COMB,221.09,108,57
21102,"CANDLE IN JAR COLLAGE , VANILLA",221.07999999999998,82,20
16258B,DAISY ERASERS IN BAG,221.06,1016,15
17013B,ORIGAMI JASMINE INCENSE IN TUBE,221.03,256,3
72807b,SET/3 OCEAN SCENT CANDLE JEWEL BOX,220.94000000000003,26,19
17090A,LAVENDER INCENSE 40 CONES IN TIN,220.75,215,26
84725,FREESTYLE CANVAS ART PICTURE,220.74999999999997,135,29
62086A,PINK RETRO BIG FLOWER BAG,220.35,113,24
90124C,GREEN MURANO TWIST NECKLACE,220.20999999999998,22,16
72225D,VANILLA SCENT CAKE CANDLE,219.45999999999998,962,11
90056,CHUNKY CRACKED GLAZE NECKLACE IVORY,218.99,20,14
85168A,WHITE BAROQUE CARRIAGE CLOCK,218.89999999999998,22,15
90058A,CRYSTAL STUD EARRINGS CLEAR DISPLAY,218.88,576,13
90214A,"LETTER ""A"" BLING KEY RING",218.75,219,104
48173c,DOOR MAT BLACK FLOCK,218.58,16,12
84509C,DOTTY PLACEMATS,218.29000000000002,58,13
22845,VINTAGE CAT FOOD CONTAINER,218.14,34,5
72801d,4 SKY BLUE DINNER CANDLES,217.32999999999998,88,51
22880,NUMBER TILE VINTAGE FONT 1,217.12,104,36
22588,CARDHOLDER GINGHAM HEART,216.90000000000003,102,2
35793,S/3 PUPPIES CHRISTMAS DECORATIONS,216.33,108,15
23360,SET 8 CANDLES VINTAGE DOILEY,216.29999999999998,122,7
37492A,YELLOW RED FLOWER PIGGY BANK,216.07,108,11
84807,RED POPPY ARTIFICIAL FLOWER,215.93,233,7
90036A,FLOWER GARLAND NECKLACE RED,215.76000000000002,27,20
84927D,LA PALMIERA TILE HOOK,215.5,954,28
47343A,FUSCHIA FLOWER PURSE WITH BEADS,215.2,206,23
21543,BUTTERFLY WATER TRANSFER TATTOOS,215.0,284,24
22834,MINI HAND WARMER BABUSHKA DESIGN,214.8,108,5
84690,S/2 BEACH HUT STOOLS,214.65,27,14
48179,DOOR MAT SWEET HOME,214.47,34,11
90123A,PINK HEART OF GLASS BRACELET,214.07,36,19
84744,S/6 SEW ON CROCHET FLOWERS,213.78,168,31
51012C,"FEATHER DUSTER, COAL BLACK",213.75,171,27
16201A,PASTEL PINK PHOTO ALBUM,213.37,101,9
21400,RED PUDDING SPOON,213.07,1078,91
84805A,CREAM CLIMBING HYDRANGA ART FLOWER,212.85,147,8
22884,NUMBER TILE VINTAGE FONT 5,212.53,105,38
84313A,PINK TV TRAY TABLE,212.42,38,19
84247C,PACK/12 BLUE REINDEER CARD,212.40000000000003,72,22
90024B,NEW BAROQUE B'FLY NECKLACE RED,212.24,25,22
35817P,"ACRYLIC JEWEL SNOWFLAKE,PINK",212.14,408,10
47593B,SCOTTIES DESIGN BABY BIB,212.06,194,52
21368,MIRRORED WALL ART LADIES,212.04,201,47
20827,GOLD APERITIF GLASS,209.36,173,8
20814,SILVER FINCH DECORATION,208.89000000000001,189,13
90036F,"FLOWER GLASS GARLD NECKL36""TURQUOIS",208.31,26,15
84706F,RED PEONY TABLE CLOCK,208.3,34,17
47574B,ENGLISH ROSE SCENTED HANGING HEART,208.25,49,27
90016A,SILVER/M.O.P PENDANT ORBIT NECKLACE,207.86,29,16
37485,ENGLISH ROSE TEA SET IN GIFT BOX,207.69,49,15
90210A,GREY ACRYLIC FACETED BANGLE,207.34,88,21
90040A,MURANO STYLE GLASS BRACELET RED,207.05,53,34
90186A,AMETHYST HOOP EARRING FLORAL LEAF,206.68,70,33
17014D,ORIGAMI ROSE INCENSE CONES,204.36,479,8
35962,SET/12 ZINC CHRISTMAS DECORATIONS,203.73000000000002,94,16
35824B,"HANGING FLOWERS+MIRROR,BLUE",203.24,528,6
21018,BIRD BOX CHRISTMAS TREE DECORATION,203.07,235,42
20890,SMALL GLASS ROSE SCENTED CANDLE,202.62,605,4
22872,NUMBER TILE COTTAGE GARDEN 4,202.1,80,37
22881,NUMBER TILE VINTAGE FONT 2,201.45999999999998,104,35
84723,CHERRY BLOSSOM CANVAS ART PICTURE,201.3,54,12
72754A,FLOWER FAIRY POTPOURRI CUSHION LILY,201.24,292,5
20672,PINK TEATIME PRINT BOWL,201.0,138,36
79403,FROSTED WHITE BASE,200.67999999999998,217,36
22883,NUMBER TILE VINTAGE FONT 4,199.9,102,33
90144,SILVER DROP EARRINGS WITH FLOWER,199.45,53,33
90003C,MIDNIGHT BLUE PAIR HEART HAIR SLIDE,199.16,53,35
90000A,RASPBERRY ANT COPPER FLOWER NECKLAC,198.98000000000002,33,21
84797a,PINK HAWAIIAN PICNIC HAMPER FOR 4,198.84,18,17
22330,72 ROUND PINK DOILIES,197.89999999999998,128,22
22885,NUMBER TILE VINTAGE FONT 6,197.11,105,34
84855,BLOKEY SILVER TOOL SET,196.70000000000002,36,15
47504F,ENGLISH ROSE TORCH,196.45999999999998,527,14
90029,NEW BAROQUE SMALL NECKLACE BLACK,195.14,23,12
84985B,SET OF 72 BLACK PAPER DOILIES,194.95999999999998,128,24
22326,"ROUND SNACK BOXES ,SET4, WOODLAND",194.70000000000002,66,3
23697,A PRETTY THANK YOU CARD,194.58,456,35
90129F,RED GLASS TASSLE BAG CHARM,194.51000000000002,87,41
90130B,TURQ STONE/CRYSTAL EARRINGS,194.01,66,49
22289,HANGING METAL CHICKEN DECORATION,193.52,148,34
72051S,BAG OF SILVER STONES,193.41,305,54
21582,KINGS CHOICE SMALL TUBE MATCHES,193.04999999999998,117,16
35819B,"ACRYLIC HANGING JEWEL,BLUE",192.3,385,32
84899F,YELLOW PURPLE DAISY FELT PURSE KIT,192.17,121,53
90178B,PURPLE CHUNKY GLASS+BEAD NECKLACE,191.40999999999997,16,11
22841,"CAKE TIN, ROUND, VINTAGE MINT,IVORY",190.65,27,4
47570b,TEA TIME TABLE CLOTH,190.63,9,8
37506,NEW ENGLAND MILK JUG W GIFT BOX,190.4,32,26
90094,NECKLACE+BRACELET SET FRUIT SALAD,190.17,75,38
84255B,ORANGE COCKTAIL GLASS LAMP,190.16,65,18
84926C,FAIRY CAKES TILE COASTER,189.6,138,31
23229,DONKEY TAIL GAME,189.54000000000002,54,4
90210C,RED   ACRYLIC FACETED BANGLE,189.52,119,14
84803A,PINK ALLIUM  ARTIFICIAL FLOWER,189.28,112,17
85128,PLANTPOT SINGLE HOOK PISTACHIO,188.95000000000002,167,4
84706B,FAIRY CAKES TABLE CLOCK,188.73,20,9
90159,COTE D'AZURE NECKLACE,188.58,38,20
72801D,S/4 SKY BLUE DINNER CANDLES,188.24,172,32
22510,DOORSTOP RUSSIAN DOLL GINGHAM,188.22,44,28
84510a,SET OF 4 ENGLISH ROSE COASTERS,188.20999999999998,76,58
20837,FRENCH FLORAL CUSHION COVER,188.07,165,18
90214S,"LETTER ""S"" BLING KEY RING",187.64,190,86
90086,CRYSTAL FROG PHONE CHARM,186.95999999999998,219,46
85114b,IVORY ENCHANTED FOREST PLACEMAT,186.76000000000002,56,19
84893,ANT WHITE IRON BASKET,186.35000000000002,33,15
84452,METAL RABBIT LADDER EASTER,186.16,198,44
79144B,PAINTED LIGHTBULB STAR+ MOON,186.07,358,91
16053,POPART COL BALLPOINT PEN ASST,185.73,4313,10
84877A,PINK ROUND COMPACT MIRROR,185.66,74,17
85114a,BLACK ENCHANTED FOREST PLACEMAT,185.64000000000001,56,17
20968,GREEN FLORAL FELTCRAFT SHOULDER BAG,185.11,43,19
23436,GIFT BAG LARGE VINTAGE CHRISTMAS,185.0,148,9
35911B,PINK/FLOWER RABBIT EGG WARMER,184.76000000000002,159,24
23416,CHAMBRE HOOK,184.67999999999998,132,25
20957,PORCELAIN HANGING BELL SMALL,184.60999999999999,126,15
35838A,S/6 MULTICOLOUR ORNAMENETAL CANDLE,184.4,180,20
90211A,DIAMOND LAS VEGAS NECKLACE 45CM,184.39000000000001,31,21
79144C,PAINTED LIGHTBULB RAINBOW DESIGN,184.34,311,97
84029D,LEOPARD PRINT HOT WATER BOTTLE,183.98000000000002,51,15
90125A,PINK BERTIE GLASS BEAD BAG CHARM,183.97,149,18
90000B,MIDNIGHT BLUE COPPER FLOWER NECKLAC,183.66,30,21
21530,DAIRY MAID CERAMIC TOASTRACK,183.06000000000003,59,19
20796,SMALL BLUE PROVENCAL CERAMIC BALL,182.15999999999997,99,22
22344,PARTY PIZZA DISH PINK RETROSPOT,181.54999999999998,185,24
37379B,BLUE CHERRY BLOSSOM CUP & SAUCER,181.5,1122,3
22545,MINI JIGSAW BUNNIES AT HOME,181.44,432,9
84531A,PINK KNITTED EGG COSY,181.06,197,45
90065A,WHITE VINTAGE CRYSTAL BRACELET,180.46,26,16
21031,SPACE CADET BLACK,180.46,146,39
16043,POP ART PUSH DOWN RUBBER,180.29999999999998,2145,13
22871,NUMBER TILE COTTAGE GARDEN 3,180.19,71,28
35818B,"ACRYLIC JEWEL ICICLE, BLUE",180.05,408,11
22384,LUNCHBAG PINK RETROSPOT,179.91,108,14
90180B,PURPLE AMETHYST NECKLACE W TASSEL,179.88,18,14
47347B,BLUE FLOWER T-LIGHT HOLDER,179.88,240,11
84962,SET/3 COLOUR PAINTED KASHMIRI STOOL,179.85000000000002,3,2
84661C,PINK SQUARE TABLE CLOCK,179.75,150,25
21310,CAPIZ CHANDELIER,179.7,6,4
17011A,ORIGAMI VANILLA INCENSE+FLOWER,179.56,261,12
84464,S/60 PINK FLUFFY CHICKS IN BOX,179.1,82,11
90151,SILVER/NATURAL SHELL NECKLACE,178.67000000000002,21,9
85123A,CREAM HANGING HEART T-LIGHT HOLDER,178.51000000000002,61,9
90063A,WHITE VINT ART DECO CRYSTAL NECKLAC,178.48,21,13
22345,PARTY PIZZA DISH BLUE RETROSPOT,178.33999999999997,206,28
23126,DOLLCRAFT GIRL AMELIE,178.2,36,8
90013D,PURPLE VINTAGE EARRINGS,178.11,46,17
85132a,CHARLIE + LOLA BISCUITS TINS,177.59,12,10
72801C,S/4 ROSE PINK DINNER CANDLES,176.91,171,28
22839,"CAKE TIN, 3 TIER MINT/IVORY",176.75,13,4
90072,RUBY DROP CHANDELIER EARRINGS,176.31,44,30
82607C,GLASS BONBON JAR. SUPERFINES,175.60999999999999,115,43
84564,6 SEGMENT COLOURED SNACK BOWL,175.48000000000002,21,11
84967A,PINK KASHMIRI OCCASIONAL TABLE,174.9,3,3
90019B,GOLD M.O.P ORBIT BRACELET,174.13,33,28
17014A,ORIGAMI VANILLA INCENSE CONES,173.48999999999998,277,16
90166,PINK & WHITE ROSEBUD RING,173.18,41,31
90018B,GOLD M.O.P ORBIT DROP EARRINGS,173.1,41,31
75011,BLUE DAISY MOBILE,172.51,181,15
90123D,WHITE HEART OF GLASS BRACELET,172.39,29,14
90214C,"LETTER ""C"" BLING KEY RING",172.28,176,69
90060F,FIRE POLISHED GLASS NECKL GREEN,172.08,29,18
84531B,BLUE KNITTED EGG COSY,171.81,198,42
90204,PAIR OF ENAMEL BUTTERFLY HAIRCLIP,171.81,51,37
84951B,S/4 BLACK LOVEBIRD COASTERS,171.60999999999999,88,28
90186B,CRYSTAL HOOP EARRING FLORAL LEAF,171.22000000000003,58,31
85185C,COW  SOCK PUPPET,171.10000000000002,58,27
21461,BLUE EASTER EGG HUNT START POST,171.04,82,23
35916C,PINK FELT HANGING HEART W FLOWER,170.87,159,42
84706C,PINK FLOCK TABLE CLOCK,170.8,84,4
90190C,SILVER/AMETHYST DROP EARRINGS LEAF,170.70000000000002,58,36
90063B,BLACK VINT ART DEC CRYSTAL NECKLACE,170.17000000000002,20,14
85040a,S/4 PINK FLOWER CANDLES IN BOWL,169.75,51,34
90003B,ROSE COLOUR PAIR HEART HAIR SLIDES,169.62,45,25
47593A,CAROUSEL DESIGN BABY BIB,169.4,164,53
90214L,"LETTER ""L"" BLING KEY RING",168.60999999999999,179,68
85205A,IVORY FELT EASTER RABBIT GARLAND,168.29999999999998,66,21
21087,SET/6 POSIES PAPER CUPS,168.08,260,32
72351a,SET/6 TURQUOISE BUTTERFLY T-LIGHTS,167.52,40,28
37491C,GREEN/BLUE CERAMIC CANDLE HOLDER,167.52,58,10
90093,CLEAR CRYSTAL STAR PHONE CHARM,167.0,210,25
82587,TEXRIO TOMATOES CANDLE+CUP,166.78,128,40
90214J,"LETTER ""J"" BLING KEY RING",166.52,162,88
90039D,FIRE POLISHED GLASS BRACELET GREEN,166.47,44,24
84231,EASTER BUNNY WITH BASKET ON BACK,166.21,230,50
84951A,S/4 PISTACHIO LOVEBIRD COASTERS,166.1,106,24
gift_0001_40,Dotcomgiftshop Gift Voucher £40.00,166.09,5,5
21394,RED SPOTTY BEAKER,165.75,85,16
10123G,ARMY CAMO WRAPPING TAPE,165.55999999999997,2251,16
90162B,ANT SILVER LIME GREEN BOUDICCA RING,165.20000000000002,56,20
37479P,CUBIC MUG FLOCK PINK ON BROWN,165.18,172,34
84984D,ORIENTAL RED C/COVER,165.11,27,11
23694,PAISLEY PARK CARD,165.07999999999998,376,41
85024C,PINK SMALL JEWELLED PHOTOFRAME,165.0,100,42
84510C,SET OF 4 POLKADOTS COASTERS,164.0,122,40
90129D,AMBER GLASS TASSLE BAG CHARM,163.23000000000002,68,34
85232b,SET/3 RUSSIAN DOLL STACKING TINS,162.94,16,14
22874,NUMBER TILE COTTAGE GARDEN 6,162.82,70,26
16202E,BLACK PHOTO ALBUM,162.73,82,14
20693,FLORAL DINOSAUR GREEN,161.89000000000001,33,18
84927A,WAKE UP COCKEREL TILE HOOK,161.82000000000002,227,33
71496A,A4 WALL TIDY BLUE OFFICE,161.77,260,17
90214K,"LETTER ""K"" BLING KEY RING",161.35,157,83
90042A,FRESHWATER PEARL BRACELET GOLD,160.79,63,33
90123C,GREEN HEART OF GLASS BRACELET,160.75,27,12
21353,SILVER SLEIGHBELL  WREATH,160.45,19,9
90059A,DIAMANTE HAIR GRIP PACK/2 CRYSTAL,160.35999999999999,96,48
84599,CANDY STRIPE ROSE FLOOR CUSHION,160.15,15,6
23305,SET 4 PICNIC CUTLERY BLUEBERRY,159.9,82,9
23545,WRAP RED DOILEY,159.6,380,16
22645,CERAMIC HEART CAKE MONEY BANK,159.6,120,5
37379A,PINK CHERRY BLOSSOM CUP & SAUCER,159.2,41,16
22875,NUMBER TILE COTTAGE GARDEN 7,159.15,67,27
16054,POPART RECT PENCIL SHARPENER ASST,159.0,1210,39
85166A,WHITE METAL BAROQUE PHOTO FRAME,158.9,77,12
90048,GREEN WITH METAL BAG CHARM,158.89000000000001,31,8
22864,MUG AND COASTER SET RED CIRCLES,158.76,378,2
90183A,AMBER DROP EARRINGS W LONG BEADS,158.61,54,31
90199A,5 STRAND GLASS NECKLACE BLACK,158.57,25,16
22972,CHILDRENS SPACEBOY MUG,158.39999999999998,96,5
16012,FOOD/DRINK SPUNGE STICKERS,158.19,759,20
48175,DOOR MAT CAMOUFLAGE,158.04,39,2
22853,ENAMEL CAT BOWL CREAM,157.8,52,3
21489,BLUE WHITE SCARF HOT WATER BOTTLE,157.60000000000002,28,14
16156L,WRAP CAROUSEL,157.5,375,14
23417,BATHROOM HOOK,157.5,146,27
90030C,BROWN KUKUI COCONUT SEED NECKLACE,157.24,88,16
22868,NUMBER TILE COTTAGE GARDEN 0,156.97,67,24
22886,NUMBER TILE VINTAGE FONT 7,156.8,90,28
23468,TUSCAN VILLA BIRD TABLE,156.75,19,11
72140E,BEST DAD CANDLE LETTERS,156.72,218,29
17178,FLAT PALM T-LIGHT HOLDER,156.65,133,24
46138B,BLUE CHENILLE SHAGGY CUSHION COVER,156.29,71,25
47369B,BLUE GREEN EMBROIDERY COSMETIC BAG,156.13,55,29
84914A,PINK ROSE PICNIC RUG,155.7,6,5
22873,NUMBER TILE COTTAGE GARDEN 5,155.56,64,28
20664,TROPICAL HOLIDAY PURSE,155.41,57,31
47369A,PINK GREEN EMBROIDERY COSMETIC BAG,155.16,52,25
90212B,JET BLACK LAS VEGAS BRACELET ROUND,155.13,41,28
90099,NECKLACE+BRACELET SET BLUE HIBISCUS,155.07,49,25
90065B,BLACK VINT ART DEC CRYSTAL BRACELET,154.87,22,16
90123B,TURQUOISE HEART OF GLASS BRACELET,154.69,26,13
22587,"FELTCRAFT HAIRBAND, S/2, RED/BLUE",154.67999999999998,204,6
23496,PANTRY KITCHEN THERMOMETER,154.52,112,31
22877,NUMBER TILE COTTAGE GARDEN 9,154.32999999999998,69,23
23196,RETRO LEAVES MAGNETIC NOTEPAD,154.08999999999997,105,19
37342,SPOTTY COFFEE CUP & SAUCER,153.78,40,14
22876,NUMBER TILE COTTAGE GARDEN 8,153.39,65,21
47518F,ICON PLACEMAT POP ART ELVIS,153.14,903,34
84989a,75 GREEN FAIRY CAKE CASES,152.7,75,41
79192A,RETRO PLASTIC 70'S TRAY,152.64,114,35
84622,PINK GINGHAM ROSE CUSHION COVER,152.6,23,9
23484,HEART TRELLISTRIPLE T-LIGHT HOLDER,152.24,56,5
84228,HEN HOUSE W CHICK STANDING,151.87,342,43
22536,MAGIC DRAWING SLATE FIDO,151.2,360,8
90022,EDWARDIAN DROP EARRINGS JET BLACK,151.1,40,32
84968a,SET OF 16 VINTAGE ROSE CUTLERY,150.82,6,3
20952,PORCELAIN CHERUB BELL SMALL,150.72,329,24
90040C,MURANO STYLE GLASS BRACELET GOLD,150.56,42,21
79161A,ST GEORGE SET OF 10 PARTY LIGHTS,150.45000000000002,51,16
17107D,FLOWER FAIRY 5 DRAWER LINERS,150.45,59,20
90042C,FRESHWATER PEARL BRACELET IVORY,150.20999999999998,59,26
23254,KIDS CUTLERY DOLLY GIRL,149.4,36,8
23256,KIDS CUTLERY SPACEBOY,149.4,36,8
17108D,FLOWER FAIRY SUMMER BOUQUET SACHET,149.1,355,23
90040D,MURANO STYLE GLASS BRACELET PINK,148.87,41,25
23465,TUSCAN VILLA BIRD FEEDER,148.63,17,9
35980C,REDWHITE STRIPE SCANDINAVIAN HEART,147.64000000000001,377,29
84720,DOT MATRIX CANVAS ART PICTURE,147.05,35,3
90214M,"LETTER ""M"" BLING KEY RING",146.17,145,64
84527,FLAMES SUNGLASSES PINK LENSES,146.10999999999999,77,22
10120,DOGGY RUBBER,145.89,679,73
23292,SPACE BOY CHILDRENS CUP,145.76,131,6
90214E,"LETTER ""E"" BLING KEY RING",144.38,148,67
35610B,BLACK CHRISTMAS FLOCK DROPLET,144.07,179,13
90016C,SILVER/BLACK PENDANT ORBIT NECKLACE,144.07,17,14
79191D,RETRO PLASTIC DAISY TRAY,143.87,138,56
84874B,BLUE TRAVEL FIRST AID KIT,143.41,87,36
90036B,"FLOWER GLASS GARLAND NECKL.36""GREEN",143.1,18,10
22887,NUMBER TILE VINTAGE FONT 8,143.0,84,27
90177D,DROP DIAMANTE EARRINGS PURPLE,141.68,48,25
90202D,PINK ENAMEL FLOWER HAIR TIE,141.49,48,24
72740A,LARGE STRAWBERRY CHOCOLATE CANDLE,141.23,65,12
47590b,PINK HAPPY BIRTHDAY BUNTING,140.5,13,10
90208,PAIR OF PINK FLOWER CLUSTER SLIDE,140.32,56,38
84617,NEW BAROQUE BLACK BOXES,140.25,11,7
84765,SILVER ROCOCO CANDELABRA,140.23,9,6
90194,SILVER LARIAT BLACK STONE EARRINGS,140.08,33,21
78026,SEAGRASS S/3 SQU LAUNDRY BOX,139.95,12,2
23306,SET OF 36 PANTRY PAPER DOILIES,139.78,67,33
22869,"NUMBER TILE COTTAGE GARDEN, 1",139.69,67,11
23091,METAL HERB GERDEN CONTAINER,139.68,24,5
47592A,CAROUSEL CHILDRENS OVERALL,139.56,74,27
23463,VINTAGE ZINC WATERING CAN,139.39999999999998,13,8
90199D,5 STRAND GLASS NECKLACE AMBER,139.28,22,16
22195,HEART MEASURING SPOONS LARGE,138.59999999999997,84,5
23304,SET 4 PICNIC CUTLERY CHERRY,138.45,71,9
72754B,F FAIRY POTPOURRI CUSHIONS LAVENDER,137.54000000000002,170,8
35816P,"ACRYLIC JEWEL ANGEL,PINK",137.43,297,9
90156,RESIN BRACELET W PASTEL BEADS,137.37,25,14
47593A,CAROUSEL PONIES BABY BIB,137.27,139,44
84549,CROCHET WHITE RABBIT KEYRING,137.26999999999998,75,16
84558a,3D DOG PICTURE PLAYING CARDS,136.99,23,19
84709A,SILVER OVAL JEWELLED MIRROR,136.85,23,13
37330,BIG POLKADOT MUG,136.76,80,7
84614A,PINK BAROQUE FLOCK CANDLE HOLDER,136.73,19,10
72134,COLUMBIAN  CUBE CANDLE,136.51,340,29
35824P,"HANGING FLOWERS+MIRROR,PINK",136.44,324,3
90024E,NEW BAROQUE B'FLY NECKLACE MONTANA,135.98,16,11
90023,FILIGREE DIAMANTE EARRINGS,135.98,32,21
21004,ROSE DU SUD CHILDRENS APRON,135.93,31,18
90038A,GLASS AND PAINTED BEADS BRACELET TO,135.8,36,22
17011D,ORIGAMI ROSE INCENSE+FLOWER,135.70000000000002,209,4
77079,DOLPHIN WINDMILL,135.68,64,12
90002A,FLOWER BURST SILVER RING OPAL,135.0,36,14
16020C,CLEAR STATIONERY BOX SET,134.5,160,39
35015,JACOBS LADDER SMALL,134.08,2072,39
22241,"GARLAND , WOODEN  "" HAPPY EASTER""",133.89,105,11
84555A,YELLOW VW BEETLE CERAMIC MONEY BOX,133.85000000000002,47,16
90101,WHITE FRANGIPANI NECKLACE,133.7,53,29
35609A,PINK FEATHER CHRISTMAS DECORATION,133.23,447,24
46137D,GREEN CHENILLE SHAGGY RUG,132.75,45,4
90190B,GOLD/AMBER DROP EARRINGS W LEAF,132.58,45,15
90137,PINK COMBO MINI CRYSTALS NECKLACE,132.52,26,15
23081,GREEN METAL BOX TOP SECRET,132.0,16,4
45013,FOLDING SHOE TIDY,132.0,48,8
23066,SMALL JEWELLERY STAND,132.0,16,6
90165B,WHITE ROSEBUD  PEARL EARRINGS,131.65,52,35
35933,PINK STOCKING CHRISTMAS DECORATION,131.38,319,28
90138,WHITE/PINK MINI CRYSTALS NECKLACE,131.15,25,17
84656,WHITE ROSE C/COVER,130.9,22,13
22888,NUMBER TILE VINTAGE FONT 9,130.82999999999998,79,23
16119,FUNKY GIRL ADDRESS BOOK,130.71,273,8
72133,COLUMBIAN CANDLE RECTANGLE,130.13,115,31
84925E,FLOWERS WALL THERMOMETER,130.04999999999998,75,3
20899,VINTAGE NOTEBOOK RED ROSE,129.8,44,12
90190A,SILVER/CRYSTAL DROP EARRINGS W LEAF,129.59,44,31
10080,GROOVY CACTUS INFLATABLE,129.29,315,27
85160a,WHITE BIRD GARDEN DESIGN MUG,129.04,8,3
84858A,NATURAL RIVIERA HANDBAG,128.83,53,8
90174,BUTTERFLY HAIR BAND,128.66,51,32
90181A,AMBER GLASS/SHELL/PEARL NECKLACE,128.64,14,14
84251G,"GREETING CARD, OVERCROWDED POOL.",128.41,473,91
22848,"BREAD BIN, DINER STYLE, PINK",127.6,8,3
90024D,NEW BAROQUE B'FLY NECKLACE PINK,127.5,15,13
84782B,BLACK 3 TIER GLASS PLATE STAND,127.5,10,6
85014a,BLACK/BLUE DOTS RUFFLED UMBRELLA,127.2,10,9
85018C,S/6 PAPER BOXES CURIOUS IMAGES,127.2,36,4
16168S,FUNKY MONKEY GIFT BAG SMALL,126.82999999999998,1283,11
23303,SET 4 PICNIC CUTLERY FONDANT,126.75,65,6
90168,2 DAISIES HAIR COMB,126.72000000000001,43,24
84559D,3D SHEET OF SEA WORLD STICKERS,126.71,147,31
23020,GLASS SONGBIRD STORAGE JAR,126.7,11,3
84367,LA STREGA CANVAS PICTURE,126.29999999999998,74,8
82607E,GLASS BONBON JAR. D'AMANDES,126.25,101,25
gift_0001_10,Dotcomgiftshop Gift Voucher £10.00,126.21,15,14
90108,BLUE BLOSSOM HAIR CLIP,125.83000000000001,109,21
23578,SNACK TRAY RED GINGHAM,125.72,60,14
47592B,SCOTTIES DESIGN CHILD'S OVERALL,125.60000000000001,64,28
23065,LARGE JEWELLERY STAND,125.0,10,4
90002C,FLOWER BURST SILVER RING MIDN'T BLU,124.38,33,19
90003E,GREEN PAIR HEART HAIR SLIDES,124.12,33,22
90162C,ANT SILVER FUSCHIA BOUDICCA RING,123.90000000000002,42,16
85185B,PINK HORSE SOCK PUPPET KIT,123.9,42,14
22359,"GLASS JAR, KINGS CHOICE SOAP",123.9,42,8
17191A,ROSE FLOWER CANDLE+INCENSE 16X16CM,123.75,33,12
22850,BREAD BIN DINER STYLE BLACK,123.6,8,1
20816,GOLD FLOWER CUSHION COVER,123.6,24,7
23477,WOODLAND LARGE BLUE FELT HEART,123.47,92,13
23454,SET OF 3 MINI HANGING PORTRAITS,123.2,32,2
23457,LARGE PARLOUR FRAME,122.85,27,2
22832,SWEETHEART WIRE WALL TIDY,122.6,12,3
21228,"POCKET MIRROR ""GLAMOROUS""",122.57,97,31
85190,PINK FLOWER HANGING HEART,122.46,138,17
79308B,MOSAIC CANDLE DISH BLUE PURPLE,122.39999999999999,144,2
90205C,LARGE CRYSTAL DIAMANTE HAIRSLIDE,122.31,78,24
35916A,YELLOW FELT HANGING HEART W FLOWER,122.0,135,44
44242B,PINK FEATHERS CURTAIN,121.53,109,9
84510c,SET OF 4 POLKADOT COASTERS,121.28999999999999,49,26
79532,MOSAIC GLASS BALL CANDLEHOLDER,121.25,97,18
84199,GLOW IN DARK DOLPHINS,121.08,554,69
22536,MAGIC SLATE FIDO,120.96000000000001,288,6
22535,MAGIC SLATE BUNNIES AT HOME,120.96000000000001,288,6
22534,MAGIC SLATE SPACEBOY,120.96000000000001,288,6
23467,VINTAGE ZINC PLANTER,120.08000000000001,32,11
23438,GIFT BAG LARGE SPOT,120.0,96,6
84509F,NEW ENGLAND PLACEMATS,120.0,32,10
90051,CRACKED GLAZE NECKLACE RED,119.89,17,11
23209,LUNCH BAG VINTAGE DOILEY,119.63,71,5
84886,BLUE METAL WALL SHELF,119.39999999999999,12,9
84288B,SET/2 BLUE  NOODLE BASKETS,118.95,61,24
23359,SET OF 12 T-LIGHTS VINTAGE DOILEY,118.94999999999999,61,6
23280,FOLDING MIRROR HOT PINK,118.91999999999999,156,5
90179C,BLACK FINE BEAD NECKLACE W TASSEL,118.73,20,16
90018C,SILVER BLACK ORBIT DROP EARRINGS,118.51,28,20
35607A,PINK FLUFFY CHRISTMAS DECORATION,118.43,554,31
20887,BOX OF 6 PEBBLE CANDLES,118.39,18,8
90139,FLOWER BROOCH 4 ASSORTED COLOURS,118.24000000000001,23,18
90177C,DROP DIAMANTE EARRINGS CRYSTAL,117.9,40,24
84510E,SET OF 4 GREEN CAROUSEL COASTERS,117.77,148,28
22877,"NUMBER TILE COTTAGE GARDEN, 9",117.30999999999999,59,5
35824C,"HANGING FLOWERS+MIRROR,CLEAR",117.05,235,8
22879,NUMBER TILE VINTAGE FONT 0,117.04,74,20
23244,STORAGE TIN VINTAGE LEAF,117.0,60,7
71495B,CD WALL TIDY RED FLOWERS,116.61000000000001,306,18
72038P,PRICE'S CANDLE PEACH,116.5,1050,9
16206B,RED PURSE WITH PINK HEART,116.4,96,16
84751B,BLACK MEDIUM GLASS CAKE STAND,115.86,38,19
90071,RUBY GLASS CLUSTER EARRINGS,115.29,92,73
20896,VINTAGE NOTEBOOK PINK FLOWER,115.05000000000001,39,14
20848,ZINC HEART LATTICE CHARGER SMALL,115.05000000000001,39,12
84462,3 PINK HEN+CHICKS IN BASKET,114.86,100,14
23185,FRENCH STYLE STORAGE JAR JAM,114.85,317,30
20698,LITTLE PINK MONSTER SOFT TOY,114.44999999999999,47,21
23151,ZINC SWEETHEART SOAP DISH,114.33000000000001,61,21
84509c,SET OF 4 DOTTY PLACEMATS,114.3,15,11
90049,IVORY GOLD METAL BAG CHARM,114.24,20,6
23535,WALL ART BICYCLE SAFTEY,114.15,21,3
17090D,VANILLA INCENSE 40 CONES IN TIN,113.95,95,28
21089,SET/6 GREEN SPRING PAPER CUPS,113.84,325,40
90030A,SPOTTED WHITE NATURAL SEED NECKLACE,113.76,79,10
22875,"NUMBER TILE COTTAGE GARDEN, 7",113.41,57,3
22870,"NUMBER TILE COTTAGE GARDEN, 2",113.40999999999998,57,3
22868,"NUMBER TILE COTTAGE GARDEN, 0",113.40999999999998,57,3
84705B,FAIRY CAKES PHOTO FRAME,113.27,84,3
84249A,"GREETING CARD,SQUARE, DOUGHNUTS",113.22,252,34
44236,PINK/PURPLE CIRCLE CURTAIN,112.32000000000001,64,12
71510,SQUARE METAL CANDLEHOLDER BASE,112.05,177,17
90104,PURPLE FRANGIPANI HAIRCLIP,111.42999999999999,133,49
35966,FOLKART CHRISTMAS TREE T-LIGHT HOLD,111.34,255,26
10138,ASSORTED COLOUR JUMBO PEN,111.22,261,21
22873,"NUMBER TILE COTTAGE GARDEN, 5",111.14999999999999,57,3
84493,BLUE/PINK NEST STRIPE BOX,111.11999999999999,1142,5
90103,PURPLE FRANGIPANI NECKLACE,110.85,44,30
90141A,GREEN PENDANT TRIPLE SHELL NECKLACE,110.46000000000001,21,17
82069,BEECH WOOD P/FRAME,109.85,17,11
22872,"NUMBER TILE COTTAGE GARDEN, 4",109.19999999999999,56,2
22871,"NUMBER TILE COTTAGE GARDEN, 3",109.19999999999999,56,2
22876,"NUMBER TILE COTTAGE GARDEN, 8",109.19999999999999,56,2
22874,"NUMBER TILE COTTAGE GARDEN, 6",109.19999999999999,56,2
85185F,LION SOCK PUPPET,109.15,37,19
84247H,PACK/12 DECOUPAGE CARD,109.13000000000001,42,20
20667,CHERRY BLOSSOM PURSE,108.69,40,24
90059D,DIAMANTE HAIR GRIP PACK/2 PERIDOT,108.42999999999999,65,40
35610A,PINK CHRISTMAS FLOCK DROPLET,107.94,144,12
23041,PAPER LANTERN 6 POINT SNOW STAR,107.9,26,6
72753C,S/3 FLWR FAIRY ROSE CANDLES,107.68,43,6
90118,PINK DAISY BAG CHARM,107.39,42,29
84539,KNITTED RABBIT DOLL,107.25,65,11
35840,FLAT GLASS  BAUBLE WHITE FLOCK,107.13,45,11
23626,SET 10 CARDS DINKY TREE 17076,107.07000000000001,43,16
23455,SMALL PARLOUR FRAME,106.98000000000002,42,2
84562B,BLUE/WHITE RIBBED MELAMINE JUG,106.59,10,7
48103,DOORMAT KISS MY.......,106.58,22,2
35096B,RED VICTORIAN FABRIC HEART BOX,106.49000000000001,293,25
90165A,PINK ROSEBUD PEARL EARRINGS,106.49,42,27
90169,DAISY HAIR COMB,106.49,42,23
22445,PENCIL CASE GINGHAM FOREST,106.20000000000002,36,4
84867A,PINK BABY GIRLS PHOTO ALBUM,105.82000000000001,16,4
84458,S/3 RABBIT FLOWER/EGG/CARROT ROPE,105.39999999999999,124,20
22433,WATERING CAN PINK BUNNY,105.3,54,5
16169D,WRAP WINTER FOREST,105.0,250,9
84921,CREAM AND PINK FLOWERS PONY,105.0,28,14
23574,PACKING CHARGE,105.0,14,14
90079,VINTAGE ENAMEL & CRYSTAL NECKLACE,104.77000000000001,21,13
21118,SHOPPING BAG DOORSTOP,104.25,69,7
21337,SILVER WASHBAG,103.53000000000002,33,12
72801c,4 ROSE PINK DINNER CANDLES,103.47,42,26
35910A,MULTICOLOUR EASTER RABBIT,103.35,53,13
84679,CLASSICAL ROSE TABLE LAMP,103.3,14,4
35594,WOODEN CHRISTMAS TREE 3 HANGING,103.06,165,39
84613A,PINK NEW BAROQUE FLOCK CANDLESTICK,102.30000000000001,22,10
90024C,NEW BAROQUE B'FLY NECKLACE GREEN,101.97,12,10
84968e,S/16 VINTAGE BLACK CUTLERY,101.96,4,4
20697,LITTLE GREEN MONSTER SOFT TOY,101.7,42,21
90125C,TURQUOISE BERTIE GLASS BEAD CHARM,101.35,92,10
72369A,PINK CLEAR GLASS CANDLE PLATE,101.28999999999999,67,14
16248B,BLUE HOLE PUNCH,101.25,81,12
17084J,LOVE POTION MASALA INCENSE,101.01,481,20
85050,FRENCH ENAMEL SOAP DISH WITH LID,100.80000000000001,48,1
72821,CUPID SCENTED CANDLE IN GLASS,100.64999999999999,61,14
75172,PAINTED SEA SHELL METAL WINDCHIME,100.31,97,11
78027,SEAGRASS S/2 CORNER LAUNDRY,100.15,6,5
23611,SET 10 CARDS RED RIDING HOOD 17214,99.60000000000001,40,16
23464,VINTAGE ZINC WATERING CAN SMALL,99.2,18,8
84559a,3D SHEET OF DOG STICKERS,99.08,59,40
37471,MULTICOLOUR DOTS PLATE,99.02,692,6
23465,TUSCAN VILLA FEEDING STATION,99.0,12,7
23466,TUSCAN VILLA DOVECOTE,99.0,12,4
22736,"RIBBON REEL, MAKING SNOWMEN",99.0,60,5
23191,BUNDLE OF 3 RETRO EXERCISE BOOKS,98.99999999999999,60,5
21266,VINTAGE SILVER TINSEL REEL,98.9,23,9
37471,MULTICOLOUR POLKADOT PLATE,98.83,713,4
84575A,PINK DOG CANNISTER,98.8,24,13
22878,"NUMBER TILE COTTAGE GARDEN, No",98.72000000000001,45,5
20861,GOLD COSMETIC BAG PINK STAR,98.7,47,16
90163B,WHITE ROSEBUD & PEARL NECKLACE,98.45,13,9
20835,FRENCH LATTICE CUSHION COVER,98.03999999999999,81,10
90214R,"LETTER ""R"" BLING KEY RING",97.97999999999999,96,50
84705D,CHERRY BLOSSOM PHOTO FRAME,97.9,22,14
16161G,WRAP BAD HAIR DAY,97.5,975,33
90150,BLUE SHELL+SILVER NECKLACE,97.5,13,8
90067A,PINK VINTAGE VICTORIAN EARRINGS,97.24000000000001,33,16
17007B,S/3 POT POURI CUSHIONS BLUE COLOURS,96.60000000000001,46,6
90214G,"LETTER ""G"" BLING KEY RING",96.58,104,48
84465,15 PINK FLUFFY CHICKS IN BOX,96.51,32,23
85132b,CHARLIE AND LOLA TABLE TINS,95.83999999999999,10,10
71406C,BLACK ORANGE SQUEEZER,95.38,223,35
48103,DOOR MAT KISS MY.......,95.15,13,8
90059E,DIAMANTE HAIR GRIP PACK/2 RUBY,94.94999999999999,57,33
72606A,BROWN ANTIQUE CUBE CANDLE,94.92,226,18
90202C,GREEN ENAMEL FLOWER HAIR TIE,94.42,32,25
21241,GREEN POLKADOT CUP,94.35,111,10
20622,VIP PASSPORT COVER,94.04,43,17
21595,Dad's Cab Electronic Meter,93.89,11,9
23402,HOME SWEEET HOME 3 PEG HANGER,93.75,25,4
22432,WATERING CAN GREEN DINOSAUR,93.6,48,6
90089,PINK CRYSTAL SKULL PHONE CHARM,93.55999999999999,105,26
90026A,GLASS BEAD HOOP NECKLACE BLACK,93.47,11,9
90214D,"LETTER ""D"" BLING KEY RING",93.37,103,50
81950B,FLOWER BLUE CLOCK W/SUCKER,93.1,100,26
17084A,TRANQUILITY MASALA INCENSE,92.82,442,18
35913B,WHITE/PINK CHICK EASTER DECORATION,92.39,100,21
90075,MONTANA DIAMOND CLUSTER NECKLACE,92.17999999999999,10,8
84753A,PINK EAU DE COLOGNE BOTTLE,92.16999999999999,97,24
21343,GOLD JEWELERY BOX,92.00000000000001,20,3
85232b,SET OF 3 BABUSHKA STACKING TINS,91.53,9,8
90177B,DROP DIAMANTE EARRINGS BLACK DIAMON,91.38000000000001,31,19
23075,DOUBLE CERAMIC PARLOUR HOOK,91.30000000000001,22,5
90112,PINK DOLLY HAIR CLIPS,91.25,84,20
84437A,S/6 PINK EASTER DECS IN BOX,90.94999999999999,106,18
90202A,PURPLE ENAMEL FLOWER HAIR TIE,90.9,31,23
84388,WISE MAN STAR SHAPE EGG PAN,90.69,71,22
81952V,ROUND PURPLE CLOCK W/SUCKER,90.52,99,22
90039C,FIRE POLISHED GLASS BRACELET BLACK,90.46000000000001,24,12
72783,BLACK SIL'T SQU CANDLE PLATE,90.30000000000001,43,9
84984C,ORIENTAL BLUE C/COVER,89.59,13,8
35271S,GOLD PRINT PAPER BAG,89.58,439,20
17013C,ORIGAMI LAVENDER INCENSE IN TUBE,89.46000000000001,213,2
79026B,"S/4 ICON COASTER,ELVIS LIVES",89.25,69,37
90001D,ANTIQUE OLIVE GREEN FLOWER EARRINGS,89.2,21,11
47598,NEW ENGLAND EGG WARMER,89.12,138,32
20660,VIP LUGGAGE TAG,88.75,71,26
90162D,ANT SILVER PURPLE BOUDICCA RING,88.50000000000001,30,14
90162A,ANT SILVER TURQUOISE BOUDICCA RING,88.5,30,11
35638A,PINK AND BLACK STRING CURTAIN,88.04999999999998,39,6
71495A,CD WALL TIDY BLUE OFFICE,87.96000000000001,225,20
84596e,SMALL LICORICE DES PINK BOWL,87.85,35,17
84721,MANHATTAN CANVAS ART PICTURE,87.8,20,2
90092,BLUE CRYSTAL BOOT PHONE CHARM,87.50999999999999,102,10
84415B,BLUE FLOCK CUSHION COVER,87.5,26,7
84891B,GREEN WIRE GOBLET CANDLEHOLDER,87.45,11,6
37462B,"PET MUG, BUDGIE",87.28,170,32
35822B,"ACRYLIC BEAD CHAIN, BLUE",87.02,229,1
90088,CRYSTAL KEY+LOCK PHONE CHARM,86.69999999999999,101,14
23614,SET 10 CARDS 12 DAYS WRAP  17058,86.58000000000001,26,11
84251B,"GREETING CARD, STICKY GORDON",86.54,321,61
84424A,FOUR PICTURE WHITE GLASS FRAME,86.25,23,10
90012B,BLACK DROP CRYSTAL NECKLACE,85.9,17,6
90177E,DROP DIAMANTE EARRINGS GREEN,85.67,29,22
84454,WOBBLING METAL CHICKEN EASTER,85.53,93,18
85099c,JUMBO  BAG BAROQUE BLACK WHITE,85.17,17,10
35838B,S/6 SILVER ORNAMENETAL CANDLE,85.0,100,23
22844,"DOG FOOD CONTAINER , VINTAGE",85.0,10,3
90026D,GLASS BEAD HOOP NECKLACE AMETHYST,85.0,10,8
90183B,AMETHYST DROP EARRINGS W LONG BEADS,84.89,29,24
17027A,INCENSE BAZAAR CANNABIS,84.84,228,2
79051A,SMOKEY GREY COLOUR GLASS,84.75999999999999,236,15
46775B,BERRIES CHUNKY KNITTED THROW,84.75,5,4
16051,TEATIME PENCIL W STAMP ASST,84.69,941,4
23456,MEDIUM PARLOUR FRAME,84.1,22,2
84251F,"GREETING CARD, RITA",83.97,341,50
90141C,TURQ PENDANT TRIPLE SHELL NECKLACE,83.69,16,13
22016,Dotcomgiftshop Gift Voucher £100.00,83.33,1,1
23442,12 HANGING EGGS HAND PAINTED,83.2,40,7
82605,OLD DOC.RUSSEL METAL SIGN,82.94,41,24
90176D,DIAMANTE NECKLACE PURPLE,82.81,11,7
90039B,FIRE POLISHED GLASS BRACELET MONTAN,82.8,22,11
84030C,KNITTED RAINBOW HOT WATER BOTTLE,82.78,21,6
90002B,FLOWER BURST SILVER RING ROSE,82.74,22,11
90189A,SILVER 2 STRAND NECKLACE-LEAF CHARM,82.64,11,8
90130A,WHITE STONE/CRYSTAL EARRINGS,82.51,28,16
90069,RUBY GLASS CLUSTER NECKLACE,82.5,11,5
21699,SET 5 MINI CHOCOLATE FRIDGE MAGNETS,82.44,108,3
84907,PINK/YELLOW PATCH CUSHION COVER,82.34,8,5
90214H,"LETTER ""H"" BLING KEY RING",81.96,88,53
22579,WOODEN TREE CHRISTMAS SCANDISPOT,81.6,96,3
22566,"FELTCRAFT HAIRBAND S/2, PINK/PURPLE",81.6,96,8
35610C,WHITE CHRISTMAS FLOCK DROPLET,81.56,94,8
72779,SET/6 BLACK ROSE T-LIGHT CANDLES,81.12,48,15
16201B,PASTEL BLUE PHOTO ALBUM,81.1,34,5
90121B,VINTAGE ROSE BEAD BRACELET BLUE,80.75,19,9
22530,MAGIC SLATE DOLLY GIRL,80.64,192,4
22531,MAGIC SLATE CIRCUS PARADE,80.64,192,4
84596I,WRAP SWEETS LIGHT PINK SMALL BOWL,80.62,72,10
17011E,ORIGAMI OPIUM SCENT INCENSE+FLOWER,80.60000000000001,124,1
22346,PARTY PIZZA DISH GREEN RETROSPOT,80.50999999999999,89,19
DCGS0069,OOH LA LA DOGS COLLAR,80.31,5,5
35265,COLOURFUL FLOWER FRUIT BOWL,80.0,21,16
23370,SET 36 COLOUR PENCILS DOILEY,80.0,64,3
90059F,DIAMANTE HAIR GRIP PACK/2 LT ROSE,79.86999999999999,48,27
90206A,GOLD DIAMANTE STAR BROOCH,79.60000000000001,16,12
90125B,AQUA BERTIE GLASS BEAD BAG CHARM,79.57,44,17
84795E,RIO PINK STRIPE HAMMOCK,79.5,10,5
22649,STRAWBERRY CAKE TEAPOT,79.2,16,4
84548,CROCHET BEAR RED/BLUE  KEYRING,79.19999999999999,48,13
90038B,GLASS AND PAINTED BEADS BRACELET OL,79.19,21,13
90064A,WHITE VINTAGE CRYSTAL EARRINGS,79.14,20,12
90214N,"LETTER ""N"" BLING KEY RING",78.95,81,43
90064B,BLACK VINTAGE  CRYSTAL EARRINGS,78.75,21,12
22344,PARTY PIZZA DISH PINK WHITE SPOT,78.72999999999999,75,19
72709,IVORY SCULPTED RND CANDLE,78.19999999999999,92,13
35931,PINK STAR CHRISTMAS DECORATION,78.12,156,15
84455,SET OF 3 RABBIT CARROTS EASTER,77.96,85,20
23497,CLASSIC CROME BICYCLE BELL,77.4,60,2
21450,DISTRESSED CANDLE STICK WHITE,77.35,13,3
90060D,FIRE POLISHED GLASS NECKL BRONZE,77.35,13,8
90050,CRACKED GLAZE NECKLACE IVORY,77.11,11,6
90176C,DIAMANTE NECKLACE,77.0,10,6
90214B,"LETTER ""B"" BLING KEY RING",76.98,80,40
84251C,"GREETING CARD, TWO SISTERS.",76.68,247,53
85014b,RED/WHITE DOTS RUFFLED UMBRELLA,76.60000000000001,6,5
84425A,WHITE GLASS TV TRIPLE FRAME,76.6,18,9
90130C,GREEN STONE/CRYSTAL EARRINGS,76.58,26,24
37509,NEW ENGLAND MUG W GIFT BOX,76.5,30,14
90100,NECKLACE+BRACELET SET PINK DAISY,76.5,30,12
90020,FILIGREE DIAMANTE CHAIN,76.23,6,4
35815P,"ACRYLIC JEWEL SNOWFLAKE, PINK",75.88000000000001,168,7
90176A,CLASSIC DIAMANTE NECKLACE JET,75.88,10,7
90140,PINK SWEETIE NECKLACE,75.54,10,7
22416,SET OF 36 SPACEBOY PAPER DOILIES,75.42,51,8
62043B,BLUE CHECK BAG W HANDLE 34X20CM,75.15999999999998,54,10
37399,"ASS RETROSPOOF MUGS,SPORTS",75.0,143,6
16161E,WRAP BOUDOIR,75.0,750,9
23061,VINTAGE ENGRAVED HEART,75.0,60,4
72802a,ROSE SCENT CANDLE IN JEWELLED BOX,74.97,9,4
84968d,SET OF 16 VINTAGE RED CUTLERY,74.88,3,3
72807a,SET/3 ROSE CANDLE IN JEWELLED BOX,74.78999999999999,9,6
84757,ENCHANTED GARDEN WROUGHT IRON TABLE,74.75,5,4
23068,ALUMINIUM HEART,74.7,30,6
23044,PAPER LANTERN 9 POINT HOLLY STAR 23,74.7,18,5
21267,VINTAGE PINK TINSEL REEL,74.6,24,10
90012A,MIDNIGHT BLUE DROP CRYSTAL NECKLACE,74.38,13,7
84919,L BLUE C/COVER W PINK/YELLOW FLOWER,74.31,8,4
90187B,GREEN DROP EARRINGS W BEAD CLUSTER,73.99,22,15
90074,BLACK DIAMOND CLUSTER NECKLACE,73.86,8,6
84593,CROCHET ROSE DES CLOTHES HANGER,73.75,25,7
15030,FAN BLACK FRAME,73.66,254,26
79331,PINK FLOCK GLASS CANDLEHOLDER,73.6,60,9
84447,6 RABBIT CHAIN EASTER,72.42,69,19
84427B,BLACK GLASS TV DOUBLE P/FRAME 15X10,72.25,17,5
90027D,GLASS BEAD HOOP EARRINGS AMETHYST,72.18,23,16
84746,PINK EASTER HENS+FLOWER,72.06,23,16
90031,BILI NUT AND WOOD NECKLACE,71.9,52,9
90038C,GLASS AND BEADS BRACELET IVORY,71.46000000000001,19,9
35937,CERISE+GOLD CHRISTMAS STOCKING DEC,71.44,188,17
84925C,FAIRY CAKES  WALL THERMOMETER,71.39999999999999,28,10
22950,SET OF 36 VINTAGE CHRISTMAS DOILIES,71.27,38,8
84415A,PINK FLOCK SUEDE CUSHION COVER,71.25,27,6
90037B,TINY CRYSTAL BRACELET GREEN,71.17,28,10
23413,DECROTIVEVINTAGE COFFEE GRINDER BOX,71.08,12,6
90179A,AMBER FINE BEAD NECKLACE W TASSEL,71.0,12,9
16256C,HEARTS PENCIL/RUBBER+5 MINI PENCILS,70.98,169,10
84803B,WHITE ALLIUM  ARTIFICIAL FLOWER,70.98,42,11
84905,PINK BUTTERFLY C/COVER,70.82,10,6
84086B,YELLOW/BLUE RETRO RADIO,70.80000000000001,24,12
35916B,BLUE FELT HANGING HEART W FLOWER,70.75999999999999,58,16
20958,PORCELAIN HANGING BELL LARGE,70.5,38,10
90202B,WHITE ENAMEL FLOWER HAIR TIE,70.49,24,16
90205A,LARGE MINT DIAMANTE HAIRSLIDE,70.22,42,22
90141B,IVORY PENDANT TRIPLE SHELL NECKLACE,70.03,14,9
90059C,DIAMANTE HAIR GRIP PACK/2 MONTANA,69.83,42,23
22949,SET OF 36 DOLLY GIRL PAPER DOILIES,69.66,45,15
90131,PINK/AMETHYST/GOLD NECKLACE,69.62,10,5
gift_0001_80,Dotcomgiftshop Gift Voucher £80.00,69.56,1,1
84918,CREAM C/COVER W YELLOW/GREEN FLOWER,69.5,10,3
81952V,ROUND PURPLE CLOCK WITH SUCKER,69.35,365,24
20820,SILVER LOOKING MIRROR,69.30000000000001,14,8
72140F,HAPPY ANNIVERSARY CANDLE LETTERS,69.17999999999999,175,14
90214P,"LETTER ""P"" BLING KEY RING",69.14,80,33
71215,METAL BASE FOR CANDLES,68.52,178,12
47420,ASSORTED COLOUR SUCTION CUP HOOK,68.4,360,31
84857A,SILVER MONTE CARLO HANDBAG,68.0,8,3
DCGS0004,HAYNES CAMPER SHOULDER BAG,67.94,4,4
90026C,GLASS BEAD HOOP NECKLACE GREEN,67.82,8,6
90026B,GLASS BEAD HOOP NECKLACE MONTANA,67.82,8,7
20879,TREE OF NOAH FESTIVE SCENTED CANDLE,67.8,57,11
90002E,FLOWER BURST SILVER RING GREEN,67.77,18,11
84864A,PINK PAISLEY PHOTO ALBUM,67.71000000000001,7,4
90078,PINK/WHITE GLASS DEMI CHOKER,67.64,9,5
90024F,NEW BAROQUE B'FLY NECKLACE CRYSTAL,67.61,8,6
84926B,SCOTTS ROSES TILE COASTER,67.5,54,10
47341B,BLUE TABLE RUN FLOWER,67.5,48,14
90212C,PURPLE LAS VEGAS BRACELET ROUND,67.5,18,7
47504J,ENGLISH ROSE SET/3 GARDEN TOOLS,67.25,5,4
35819P,"ACRYLIC HANGING JEWEL,PINK",66.55,95,7
90037A,TINY CRYSTAL BRACELET RED,66.31,26,12
40002,WHITE BAMBOO RIBS LAMPSHADE,66.3,78,1
90037C,TINY CRYSTAL BRACELET BLUE,66.08,26,13
85072,OCCASIONS GIFT CARD ASSORTMENT,66.0,120,1
79329,PINK FLOCK GLASS CANDLEHOLDER,65.94,100,7
84340,LARGE FIBRE OPTIC CHRISTMAS TREE,65.76,21,11
79406,FROSTED WHITE BASE,65.62,259,21
90179B,PURPLE FINE BEAD NECKLACE W TASSEL,65.31,11,9
72812,LARGE ZINC/GLASS CANDLEHOLDER,65.23,27,9
84705A,ENGLISH ROSE PHOTO FRAME,65.10000000000001,14,7
47016,LIGHT DECORATION BATTERY OPERATED,65.10000000000001,31,5
23235,BISCUIT TIN VINTAGE LEAF,64.56,24,3
90046,WHITE WITH METAL BAG CHARM,64.35000000000001,13,7
84551,CROCHET DOG KEYRING,64.35,39,8
47348A,FUSCHIA VOILE POINTY SHOE DEC,63.96,104,16
79534,MULTICOLOUR GLASS PLATE,63.800000000000004,116,16
23253,16 PC CUTLERY SET PANTRY DESIGN,63.8,4,1
85018B,S/6 PAPER BOXES BLOSSOM IMAGES,63.75,15,10
85018A,S/6 PAPER BOXES ROMANTIC IMAGES,63.75,15,10
84968B,SET OF 16 VINTAGE IVORY CUTLERY,63.75,5,5
20791,BLUE TILED SET OF 3 DRAWERS,63.75,5,1
20905,VINTAGE KEEPSAKE BOX BEAUTY GIRL,63.5,10,4
22845,"CAT FOOD CONTAINER , VINTAGE",63.49999999999999,10,3
37491D,PURPLE/BLUE CERAMIC CANDLE HOLDER,63.28,26,13
22987,"WRAP , SUMMER ROSE DESIGN",63.0,150,6
90214I,"LETTER ""I"" BLING KEY RING",62.699999999999996,64,27
84529B,BLUE KNITTED KID'S RUCKSACK,62.35,13,5
35607B,BLACK FEATHER CHRISTMAS DECORATION,62.3,312,17
84450B,PINK/YELLOW RABBIT SAT EASTER,61.92,88,29
17136A,BLUE STONES ON WIRE FOR CANDLE,61.78,743,34
20620,RED SPOTTY PASSPORT COVER,61.76,15,14
35817B,"ACRYLIC JEWEL SNOWFLAKE,BLUE",61.3,143,3
16151A,FLOWERS HANDBAG blue and orange,61.25,49,3
35973,GERANIUM FOLKART HEART DECORATION,61.25,49,13
23541,"WALL ART ,PUDDINGS",61.2,8,2
22565,FELTCRAFT HAIRBANDS PINK + WHITE,61.199999999999996,72,6
22937,BAKING MOULD CHOCOLATE CUP CAKES,61.199999999999996,24,2
22578,WOODEN STAR CHRISTMAS SCANDISPOT,61.199999999999996,72,2
35910B,PINK FLOWERS RABBIT EASTER,61.07,29,8
90188,DROP EARRINGS W FLOWER & LEAF,61.04,24,20
84660b,BLACK STITCHED WALL CLOCK,60.800000000000004,8,6
90034,WHITE SILVER NECKLACE SHELL GLASS,60.67,6,5
22537,MAGIC SLATE DINOSAUR,60.480000000000004,144,3
84984B,RED PEONY DES C/COVER,60.45,13,6
22619,SET Of 6 SOLDIER SKITTLES,60.0,16,3
84875A,PINK SQUARE COMPACT MIRROR,60.0,16,12
22953,BIRTHDAY BANNER TAPE,60.0,48,3
22409,TIN CAN BISCUITS DESIGN,60.0,48,4
23629,SET 10 CARDS DRESSING UP 17077,59.760000000000005,24,10
90021,LASER CUT MULTI STRAND NECKLACE,59.75,5,4
90171,DAISY RING,59.650000000000006,47,27
gift_0001_70,Dotcomgiftshop Gift Voucher £70.00,59.57,1,1
44241C,BLUE BUTTERFLY ON SPRING,59.5,70,8
84582,PINK CROCHET CAT WITH SCARF,59.5,14,11
35654,VINTAGE BEAD FILLED PINK CUSHION,59.400000000000006,12,5
23537,I LOVE LONDON WALL ART,59.400000000000006,12,2
22973,CHILDRENS CIRCUS PARADE MUG,59.39999999999999,36,3
23325,RUSTIC STRAWBERRY JAMPOT SMALL,59.39999999999999,36,3
22329,ROUND FOOD CONTAINER S/5 RETROSPOT,59.39999999999999,36,3
35001B,HAND OPEN SHAPE BLACK,59.330000000000005,17,6
90011B,BLACK CRYSTAL DROP EARRINGS,59.06,20,15
35909A,RABBIT EASTER DECORATION,59.00000000000001,20,5
22903,CALENDAR FAMILY FAVORITES,59.0,20,4
85023C,PINK LARGE JEWELED PHOTOFRAME,58.65,23,11
81985A,"ICON ALARM CLOCK,FUSCHIA  PIN UP",58.64999999999999,23,7
90033,IVORY SHELL HEART EARRINGS,58.43,23,18
84984A,GREEN PEONY DES C/COVER,58.370000000000005,11,5
84226,HEN HOUSE W FAMILY IN BARN & NEST,58.31,77,18
35816B,"ACRYLIC JEWEL ANGEL,BLUE",58.07,139,3
18094C,WHITE/BLUE RECT CERAMIC OIL BURNER,58.05,33,13
17129C,SKY BLUE COLOUR GLASS GEMS IN BAG,57.98,86,11
35821B,"JEWELLED DECORATION,BLUE",57.0,150,3
72771B,BURG FLOCK GOLD CUP/CANDLE,56.9,117,8
47344B,BLUE FLOWER DES PURSE,56.16,54,10
85023A,CRYSTAL LARGE JEWELLED PHOTO FRAME,56.099999999999994,22,10
85080,PADDED RED HEART DECORATION,55.76,113,22
90182C,BLACK 3 BEAD DROP EARRINGS,55.74,19,13
90177A,CLASSIC DIAMANTE EARRINGS JET,55.690000000000005,19,14
90214T,"LETTER ""T"" BLING KEY RING",55.57,57,24
46115B,GREEN POP ART MAO CUSHION COVER,55.480000000000004,292,22
84559b,3D SHEET OF CAT STICKERS,55.23,33,25
90001B,ANTIQUE MID BLUE FLOWER EARRINGS,55.120000000000005,13,10
85151,WELCOME METAL SIGN,55.0,44,8
90014A,SILVER M.O.P. ORBIT NECKLACE,54.800000000000004,11,6
72798C,SET/4 GARDEN ROSE DINNER CANDLE,54.76,29,15
90135A,ORANGE/FUSCHIA STONES NECKLACE,54.620000000000005,11,4
90142D,MOP PENDANT SHELL NECKLACE,54.59,11,5
90043,COPPER AND BRASS BAG CHARM,54.510000000000005,10,6
20953,PORCELAIN CHERUB BELL LARGE,54.449999999999996,33,9
90084,PINK CRYSTAL GUITAR PHONE CHARM,54.4,64,9
22345,PARTY PIZZA DISH BLUE WHITE SPOT,54.28,53,17
23389,SPACEBOY MINI RUCKSACK,53.95,13,4
22252,BIRDCAGE DECORATION MAGIC GARDEN,53.55,21,3
84660a,WHITE STITCHED WALL CLOCK,52.699999999999996,7,5
84899E,YELLOW + BROWN BEAR FELT PURSE KIT,52.65,39,15
84845C,CARNATION SQUARE HANDY TIN,52.5,42,14
20870,OPULENT VELVET CANDLE IN BOX,52.2,29,7
23035,DOORKNOB CERAMIC IVORY,52.199999999999996,36,1
23196,RETO LEAVES MAGNETIC SHOPPING LIST,52.199999999999996,36,3
84292B,BLUE COL METAL FOLDING CHAIR,51.8,8,5
37491A,YELLOW/PINK CERAMIC CANDLE HOLDER,51.66,19,13
90059B,DIAMANTE HAIR GRIP PACK/2 BLACK DIA,51.55,31,16
84845D,GERANIUM SQUARE HANDY TIN,51.25,41,11
84402B,PURPLE DRESS JEWELLERY STAND,51.14,62,4
35071,ASSORTED SANTA CHRISTMAS DECORATION,51.13999999999999,50,7
84612B,SET/4 BLACK  BAROQUE FLOCK COASTER,51.0,20,4
20964,POLYESTER FILLER PAD 60x40cm,50.99999999999999,20,6
84968f,SET OF 16 VINTAGE SKY BLUE CUTLERY,50.98,2,2
90001C,ANTIQUE OPAL WHITE FLOWER EARRINGS,50.94,12,10
85069,CREAM SWEETHEART DOUBLE SHELF,50.849999999999994,3,1
22846,"BREAD BIN, DINER STYLE, RED",50.849999999999994,3,2
85035b,CHOCOLATE 3 WICK MORRIS BOX CANDLE,50.82000000000001,6,6
22889,"NUMBER TILE VINTAGE FONT, No",50.7,23,3
85124a,PINK JUICY FRUIT PHOTO FRAME,50.599999999999994,10,9
35916B,BLUE FELT HANGING HEART WITH FLOWER,50.57,75,30
72083A,STRAWBERY SWIRL FLARE CANDLE,50.400000000000006,24,7
72801c,S/4 ROSE PINK DINNER CANDLES,50.199999999999996,20,10
22657,HEN & 2 CHICKS IN BASKET,50.15,59,7
90141E,ORANGE PENDANT TRIPLE SHELL NECKLAC,50.06,10,5
72817,SET/2 CHRISTMAS DECOUPAGE CANDLES,50.0,40,6
23603,SET 10 CARD KRAFT REINDEER 17084,49.800000000000004,20,14
23197,VEGETABLE MAGNETIC  SHOPPING LIST,49.8,36,3
37462E,"PET MUG, GOLDFISH",49.64,110,28
90052,CRACKED GLAZE NECKLACE BROWN,49.58,7,5
23015,CORDIAL JUG,49.5,6,2
84537B,FAIRY CAKES GIFT BAG,49.14,117,11
72129,COLUMBIAN CANDLE ROUND,49.11000000000001,74,18
90128A,PINK LEAVES AND BEADS PHONE CHARM,48.72,32,10
37489A,YELLOW/PINK FLOWER DESIGN BIG MUG,48.51,47,23
35603C,SET/16 WHITE SHINY & MATT BAUBLES,48.3,83,24
90054,CRACKED GLAZE EARRINGS RED,48.11,19,17
90083,CRYSTAL CZECH CROSS PHONE CHARM,48.08,52,15
47591A,CAROUSEL CHILDRENS APRON,47.97,29,12
84608,ORNATE EDWARDIAN CANDLE HOLDER,47.7,6,4
23539,"WALL ART , LOVES' SECRET",47.6,8,2
21347,GOTHIC CARRIAGE LANTERN,47.6,8,4
20895,VINTAGE NOTEBOOK FRENCH LETTER,47.20000000000001,16,4
35909B,PINK FLOWERS RABBIT EASTER,47.2,16,6
90067B,BROWN VINTAGE VICTORIAN EARRINGS,47.120000000000005,16,6
84227,HEN HOUSE W CHICK IN NEST,47.04,112,13
90181C,BLACK GLASS/SHELL/PEARL NECKLACE,46.93,5,5
84596f,SMALL MARSHMALLOWS PINK BOWL,46.89,19,14
84857B,BLUE MONTE CARLO HANDBAG,46.8,24,1
20988,TRELLIS FLOWER CHOPSTICKS SET/5,46.8,24,9
90001A,ANTIQUE RASPBERRY FLOWER EARRINGS,46.6,11,10
81952B,ROUND BLUE CLOCK W/SUCKER,46.56,54,11
16050,TEATIME PENCIL WITH RUBBER,46.45,151,8
47341A,FUSCHIA TABLE RUN FLOWER,46.25,29,7
23107,WHITE WIRE PLANT POT HOLDER,46.24,16,2
84951b,S/4 BLACK LOVEBIRD COASTERS,46.2,9,4
72024U,LILAC VOTIVE CANDLE,46.2,220,11
85081,PADDED HOLLY CHRISTMAS DECORATION,46.17,104,21
85132c,CHARLIE AND LOLA FIGURES TINS,46.099999999999994,4,4
23047,PAPER LANTERN 5 POINT STUDDED STAR,46.0,8,4
84626,CANDY STRIPE ROSE QUILT,45.95,1,1
18097A,PINK TALL PORCELAIN T-LIGHT HOLDER,45.9,18,12
22604,SET OF 4 NAPKIN CHARM CUTLERY,45.9,18,3
35611B,BLACK ASSORTED DROPLET DECORATION,45.760000000000005,62,3
35809a,ENAMEL PINK TEA CONTAINER,45.75,11,10
22406,TIN CAN KINGS CHOICE DESIGN,45.0,36,3
16161C,WRAP SPEED DEMONS,45.0,450,2
22347,PIZZA DISH SLICE,45.0,36,2
72724,SET/6 CHRISTMAS ICICLE T-LIGHTS,45.0,36,10
23625,SET 6 CARDS SPARKLY REINDEER 17262,44.910000000000004,9,4
21685,MEDINA STAMPED METAL TRAY,44.849999999999994,3,2
84906,PINK BUTTERFLY CUSHION COVER,44.849999999999994,23,5
90135,ORANGE/WHT/FUSCHIA STONES NECKLACE,44.75,9,3
90197D,AMBER GLASS BRACELET HEART CHARMS,44.550000000000004,9,4
72796B,S/3 FRENCH VANILLA SQU CANDLE,44.55,27,12
79066k,RETRO MOD TRAY,44.37,27,16
90011A,MIDNIGHT BLUE CRYSTAL DROP EARRINGS,44.28,15,15
84586L,"PINK ROSES/GINGHAM PATCH RABBIT 8""",44.25000000000001,15,9
35085E,IVORY ROSE LAMPSHADE,44.25,39,9
90125E,AMBER BERTIE GLASS BEAD BAG CHARM,44.19,18,17
35815B,"ACRYLIC JEWEL SNOWFLAKE,BLUE",43.940000000000005,95,3
17014C,ORIGAMI LAVENDER INCENSE CONES,43.75,97,2
79063C,"RETRO PILL BOX KEY CHAIN,THE KING",43.65,235,14
90042B,FRESHWATER PEARL BRACELET PINK,43.349999999999994,17,6
35822P,"ACRYLIC BEAD CHAIN, PINK",43.32,114,1
23038,T-LIGHT HOLDER SILVER SAUCER,42.919999999999995,44,8
22987,WRAP SUMMER ROSE DESIGN,42.84,102,5
84993a,75 GREEN PETIT FOUR CASES,42.71,51,30
21596,Hypochondriac Pill Stress Ball,42.64,10,9
90024A,NEW BAROQUE B'FLY NECKLACE BLACK,42.5,5,4
22346,PARTY PIZZA DISH GREEN WHITE SPOT,42.3,40,15
90126C,AMBER BERTIE MOBILE PHONE CHARM,42.1,21,5
72771C,BLACK FLOCK GOLD CANDLE,42.08,54,6
23231,WRAP  VINTAGE DOILEY,42.0,100,2
20860,GOLD COSMETICS BAG WITH BUTTERFLY,42.0,20,11
15060b,FAIRY CAKE DESIGN UMBRELLA,41.81,5,5
90152C,BLUE/NAT SHELL NECKLACE W PENDANT,41.650000000000006,7,4
84611B,BLACK NEW BAROQUE FLOCK BOX,41.65,7,4
90060C,FIRE POLISHED GLASS NECKL SILVER,41.65,7,3
23045,PAPER LANTERN 5 POINT STAR MOON 30,41.5,10,5
85184B,SET 4 EASTER DECOUPAGE OVAL BOXES,41.300000000000004,14,7
37477B,"FLOWER FAIRY MUG+COASTER,LAVENDER",41.25,11,8
23448,CREAM BUNNY EASTER EGG BASKET,41.24999999999999,25,3
90152B,BLUE/GREEN SHELL NECKLACE W PENDANT,41.21,7,5
90027C,GLASS BEAD HOOP EARRINGS GREEN,41.17,14,12
18096c,WHITE ROUND PORCELAIN TLIGHT HOLDER,41.14,8,6
21119,Glow In The Dark Shot Glasses,41.01,3,3
35644,PAIR PINK/BLACK COATHANGERS,40.95,21,7
23148,MINITURE ANTIQUE ROSE HOOK IVORY,40.8,48,4
44228,CANNABIS LEAF BEAD CURTAIN,40.8,48,3
84798C,WHITE FOXGLOVE ARTIIFCIAL FLOWER,40.8,16,3
22740,POLKADOT PENS,40.8,48,1
90132,LIGHT TOPAZ TEAL/AQUA COL NECKLACE,40.72,8,7
47013C,WINE BOTTLE DRESSING DARK BLUE,40.519999999999996,147,27
90136,PALE PINK/AMETHYST STONE NECKLACE,40.47,4,3
90152A,SILVER/NAT SHELL NECKLACE W PENDANT,40.34,7,7
22529,MAGIC SLATE GO TO THE FAIR,40.32,96,2
22532,MAGIC SLATE LEAP FROG,40.32,96,2
20994,JAZZ HEARTS SPIRAL NOTEPAD,39.949999999999996,47,12
23462,ROCOCO WALL MIROR,39.9,2,1
47013A,WINE BOTTLE DRESSING LT.BLUE,39.87,141,25
37468,HARDMAN MUG 3 ASSORTED,39.81,65,14
79065A,TEATIME ROUND CAKE TINS,39.8,4,1
22853,"CAT BOWL, ENAMEL , CREAM COLOUR",39.0,12,2
82545A,COGNAC AUX OEUFS METAL 1 HOOK,38.75,31,11
47567b,TEA TIME KITCHEN APRON,38.72,3,3
35963,FOLKART ZINC CLIP ON ANGEL WINGS,38.38,101,11
90130D,RED STONE/CRYSTAL EARRINGS,38.31,13,8
90027B,GLASS BEAD HOOP EARRINGS MONTANA,38.28,13,10
90183C,BLACK DROP EARRINGS W LONG BEADS,38.12,13,13
81952B,ROUND BLUE CLOCK WITH SUCKER,38.0,200,9
90214F,"LETTER ""F"" BLING KEY RING",37.98,46,27
47518f,ICON PLACEMAT POP ART ELVIS,37.75,9,9
72801d,S/4 SKY BLUE DINNER CANDLES,37.65,15,10
90176B,DIAMANTE NECKLACE BLACK,37.620000000000005,5,4
85115B,S/4 BLACK DISCO PARTITION PANEL,37.62,6,2
90039A,FIRE POLISHED GLASS BRACELET RED,37.61,10,5
35233,PASTA ENAMEL/BRASS CONTAINER,37.5,10,8
79413,GLASS WINE GLASS DECORATIONS,37.5,30,9
23043,PAPER LANTERN 9 POINT HOLLY STAR 40,37.5,6,3
37112,YELLOW BIRDS FELT DES FOODCOVER,37.5,10,5
84509b,SET OF 4 FAIRY CAKE PLACEMATS,37.3,5,4
84705F,RED PEONY PHOTO FRAME,37.2,8,5
90126A,PINK BERTIE MOBILE PHONE CHARM,37.14,20,5
84251J,"GREETING CARD, THE BLACK CAT",37.04,74,17
72715,SPHERICAL IVORY CANDLE,36.96,88,13
16162M,THE KING GIFT BAG 25x24x12cm,36.96,88,13
22407,MONEY BOX FIRST AID DESIGN,36.78,44,11
17014E,ORIGAMI OPIUM INCENSE CONES,36.599999999999994,95,6
90141D,ROSE PENDANT TRIPLE SHELL NECKLACE,36.33,7,5
90037D,TINY CRYSTALS BRACELET BLACK,35.87,14,8
90060B,FIRE POLISHED GLASS NECKL GOLD,35.7,6,4
37348,SET OF 4 PASTEL STACKING MUGS,35.7,14,7
90011C,GREEN CRYSTAL DROP EARRINGS,35.33,12,7
79063D,"RETRO PILL BOX , REVOLUTIONARY",35.14,189,11
84510e,SET OF 4 GREEN CAROUSEL COASTERS,35.089999999999996,14,6
82613b,"METAL SIGN,CUPCAKE SINGLE HOOK",35.04,14,11
84745B,BLUE HANGING GINGHAM EASTER HEN,34.86,83,17
DCGS0058,MISO PRETTY  GUM,34.82,42,30
23196,LEAVES MAGNETIC  SHOPPING LIST,34.8,24,2
84868B,BLUE BABY BOY'S MEMORY BOX,34.75,5,4
37482p,CUBIC MUG PINK POLKA DOT,34.7,2,2
90081B,LILY BROOCH WHITE/SILVER COLOUR,34.650000000000006,7,3
84546,CROCHET POODLE KEYRING,34.64999999999999,21,3
35955,SMALL FOLKART CHRISTMAS TREE DEC,34.620000000000005,135,4
22777,GLASS BELL JAR LARGE,34.0,4,1
44265,M/COLOUR POM-POM CURTAIN,34.0,8,4
22852,"DOG BOWL, ENAMEL , CREAM COLOUR",34.0,8,2
22200,FRYING PAN PINK RETROSPOT,33.97,7,3
21120,*Boombox Ipod Classic,33.96,2,1
85035a,GARDENIA 3 WICK MORRIS BOXED CANDLE,33.88,4,3
90066A,PINK VINTAGE VICTORIAN CHOKER,33.75,5,2
81950B,FLOWER BLUE CLOCK WITH SUCKER,33.64,116,8
47591b,SCOTTIES CHILDRENS APRON,33.6,8,4
23390,DOLLY GIRL MINI RUCKSACK,33.2,8,2
84456,SET OF 3 RABBIT EGG EASTER,33.15,37,16
90076,MONTANA DIAMOND CLUSTER EARRINGS,33.0,12,7
84596b,SMALL DOLLY MIX DESIGN ORANGE BOWL,32.629999999999995,13,8
DCGS0003,BOXED GLASS ASHTRAY,32.589999999999996,13,13
82613c,"METAL SIGN,CUPCAKE SINGLE HOOK",32.48,13,12
37489B,BLUE/YELLOW FLOWER DESIGN BIG MUG,32.37,39,17
90214O,"LETTER ""O"" BLING KEY RING",32.269999999999996,37,18
85079,EMBROIDERED REINDEER DECORATION,32.25,23,8
22778,GLASS BELL JAR SMALL,31.6,8,1
85131D,BEADED CRYSTAL HEART PINK\ON STICK,31.299999999999997,20,11
23366,SET 12 COLOUR PENCILS DOILEY,31.200000000000003,48,3
23632,SET 10 CARDS CHEERFUL ROBIN 17065,31.200000000000003,15,10
78034B,BLUE NETTING STORAGE HANGER,31.2,16,9
90214V,"LETTER ""V"" BLING KEY RING",31.08,40,24
37489D,PINK/GREEN FLOWER DESIGN BIG MUG,30.81,47,20
44091C,MULTICOLOUR CRUSOE CHECK LAMPSHADE,30.66,61,17
22577,WOODEN HEART CHRISTMAS SCANDISPOT,30.599999999999998,36,1
22937,BAKING MOULD CUPCAKE CHOCOLATE,30.599999999999998,12,1
22641,SET OF 4 NAPKIN CHARMS INSTUMENT,30.599999999999998,12,2
21919,Electronic Talking Breath-A-Loser,30.47,6,5
84745A,PINK HANGING GINGHAM EASTER HEN,30.240000000000002,72,15
90025F,BAROQUE BUTTERFLY EARRINGS CRYSTAL,30.23,8,8
18010,ASSORTED FRAGRANCE BATH CONFETTI,30.16,64,9
37491B,BLUE/YELLOW CERAMIC CANDLE HOLDER,30.08,14,8
23396,BUTTERFLY CUSHION COVER,30.0,8,2
22771,DRAWER KNOB ACRYLIC EDWARDIAN CLEAR,30.0,24,1
22772,DRAWER KNOB ACRYLIC EDWARDIAN PINK,30.0,24,1
23437,GIFT BAG LARGE 50'S CHRISTMAS,30.0,24,2
22775,DRAWERKNOB ACRYLIC EDWARDIAN PURPLE,30.0,24,1
22773,DRAWER KNOB ACRYLIC EDWARDIAN GREEN,30.0,24,1
22405,TIN CAN POCKET MONEY DESIGN,30.0,24,2
23252,ENAMEL JUG PANTRY,30.0,8,2
23250,ENAMEL BOWL PANTRY,30.0,24,2
22410,TIN CAN HOUSEKEEPING DESIGN,30.0,24,2
47563B,WAVELINE SURF IRONING BOARD COVER,30.0,8,6
90176E,DIAMANTE NECKLACE GREEN,29.98,4,3
21767,FRENCH STYLE WIRE DOOR CABINET,29.95,1,1
78056,CAMOUFLAGE BACKPACK ON WHEELS,29.849999999999998,3,2
22351,DOTCOMGIFTSHOP TEA TOWEL,29.809999999999995,15,3
84985a,SET OF 72 GREEN PAPER DOILIES,29.8,10,8
23530,"WALL ART,ONLY ONE PERSON",29.700000000000003,6,1
22474,"TRAY FOR TV DINNER ,SPACEBOY",29.700000000000003,6,1
22472,"TRAY FOR TV DINNER , DOLLY GIRL",29.700000000000003,6,1
35598A,DUSTY PINK CHRISTMAS TREE 60CM,29.500000000000004,10,3
90027A,GLASS BEAD HOOP EARRINGS BLACK,29.48,10,6
46776f,WOVEN ROSE GARDEN CUSHION COVER,28.91,7,1
40005B,BLUE ORGANDY ROUND LAMPSHADE W BEA,28.9,34,13
44089C,LILAC GAUZE BUTTERFLY LAMPSHADE,28.56,68,18
23380,PACK OF 12 DOILEY TISSUES,28.08,72,2
37489C,GREEN/BLUE FLOWER DESIGN BIG MUG,28.009999999999998,28,12
90053,CRACKED GLAZE EARRINGS IVORY,27.78,11,10
17091F,SANDALWOOD INCENSE IN TIN,27.71,19,8
90128C,GREEN LEAVES AND BEADS PHONE CHARM,27.55,18,6
90128B,BLUE LEAVES AND BEADS PHONE CHARM,27.52,20,6
23637,SET 10 CARDS OUT OF ORDER 17216,27.39,11,9
23613,SET 10 XMAS CARDS & BADGES 17070,27.39,11,6
21097,SET/6 GREEN SPRING  PAPER PLATE,27.2,32,7
84867b,BLUE BABY BOY'S PHOTO ALBUM,27.14,2,1
90187A,BLUE DROP EARRINGS W BEAD CLUSTER,27.04,8,7
23702,High Resolution Image,27.0,4,3
44235,ASSORTED COLOURED CIRCLE MOBILE,26.88,64,7
17013F,ORIGAMI SANDLEWOOD INCENSE IN TUBE,26.7,62,5
90025E,BAROQUE BUTTERFLY EARRINGS MONTANA,26.5,7,7
22232,3 PIECE JIGSAW TOADSTOOLS,26.4,16,2
84876C,SILVER HEART COMPACT MIRROR,26.25,7,4
23636,SET 10 CARDS WISHING TREE 17116,26.19,9,7
90214Y,"LETTER ""Y"" BLING KEY RING",26.189999999999998,69,10
90182A,AMBER 3 BEAD DROP EARRINGS,26.16,9,9
10124A,SPOTS ON RED BOOKCOVER TAPE,26.04,62,18
85164b,BLACK BAROQUE CUCKOO CLOCK,26.04,1,1
90041,PEARL AND CHERRY QUARTZ BRACLET,25.67,7,6
20954,*USB Office Mirror Ball,25.590000000000003,3,3
22168,"ORGANISER WOOD, ANTIQUE WHITE",25.5,3,2
84968a,S/16 VINTAGE ROSE CUTLERY,25.49,1,1
84968b,SET OF 16 VINTAGE IVORY CUTLERY,25.49,1,1
84968d,S/16 VINTAGE RED CUTLERY,25.49,1,1
84968b,S/16 VINTAGE IVORY CUTLERY,25.49,1,1
90142A,GREEN PENDANT SHELL NECKLACE,25.45,5,4
DCGS0070,CAMOUFLAGE DOG COLLAR,25.44,2,2
84997c,BLUE 3 PIECE MINI DOTS CUTLERY SET,25.410000000000004,3,2
85035c,ROSE 3 WICK MORRIS BOX CANDLE,25.410000000000004,3,2
85036b,CHOCOLATE 1 WICK MORRIS BOX CANDLE,25.410000000000004,3,2
35597D,PINK/WHITE CHRISTMAS TREE 30CM,25.28,58,7
90055,CRACKED GLAZE EARRINGS BROWN,25.28,10,10
21594,Dr. Jam's Arouzer Stress Ball,25.27,6,5
84510c,SET OF 4 POLKADOTS COASTERS,25.099999999999998,10,8
22719,"GUMBALL COATHOOK., BLACK & WHITE",25.0,20,4
23104,IVORY PANTRY HANGING LAMP,25.0,2,1
23214,BELL HEART ANTIQUE GOLD,24.96,12,1
23620,SET 10 CARDS PERFECT POST 17090,24.900000000000002,10,7
23240,SET OF 4 KNICK KNACK TINS  DOILEY,24.900000000000002,6,1
85034a,3 GARDENIA MORRIS BOXED CANDLES,24.869999999999997,3,3
84550,CROCHET LILAC/RED BEAR KEYRING,24.749999999999996,15,5
35633B,BLUE TINSEL GARLAND,24.7,130,12
35596,WOOD XMAS TREE 9 FIG SHELVES,24.65,29,4
84450A,PINK RABBIT SITTING EASTER,24.18,52,5
37494a,FAIRY CAKE CERAMIC BUTTER DISH,24.16,4,3
72801E,4 FESTIVE GREEN DINNER CANDLES,23.91,51,2
84575B,BROWN DOG CANNISTER W BONE,23.8,4,3
85184c,S/4 VALENTINE DECOUPAGE HEART BOX,23.77,4,4
79302m,"ART LIGHTS,FUNK MONKEY",23.77,4,4
35591T,TURQUOISE CHRISTMAS TREE,23.75,19,9
90128D,PURPLE LEAVES AND BEADS PHONE CHAR,23.75,14,7
17014F,ORIGAMI SANDLEWOOD INCENSE CONES,23.699999999999996,61,4
47556b,TEA TIME TEA TOWELS,23.64,4,4
90011E,AMBER CRYSTAL DROP EARRINGS,23.61,8,8
85040b,SET/4 BLUE FLOWER CANDLES IN BOWL,23.519999999999996,7,3
23244,CANNISTER VINTAGE LEAF DESIGN,23.4,12,2
47552A,DOTS IRONING BOARD COVER,23.4,12,11
23623,SET 10 CARD CHRISTMAS WELCOME 17112,23.28,8,6
23236,STORAGE TIN VINTAGE DOILEY,23.13,7,2
23106,ZINC PLANT POT HOLDER,23.12,8,1
84509E,CAROUSEL PLACEMATS,23.060000000000002,4,3
90095,NECKLACE+BRACELET SET PINK BLOSSOM,22.909999999999997,8,3
23145,ZINC T-LIGHT HOLDER STARS LARGE,22.799999999999997,24,2
84450B,YELLOW RABBIT SAT EASTER,22.63,51,6
90025C,BAROQUE BUTTERFLY EARRINGS GREEN,22.56,6,6
37477C,"FLOWER FAIRY MUG+COASTER,ROSE",22.5,6,1
85225,BLING KEY RING STAND,22.5,19,11
90189B,GOLD 2 STRAND NECKLACE-LEAF CHARMS,22.5,3,2
23640,SET 10 CARDS SCOTTIE DOG 17211,22.410000000000004,9,8
23645,SET 10 CHRISTMAS CARDS HOHOHO 16956,22.410000000000004,9,4
90214Z,"LETTER ""Z"" BLING KEY RING",22.34,32,18
35652,VINTAGE BEAD CHAISE LONG JEWEL BOX,21.5,18,2
84387A,BIRD ON BRANCH CANVAS SCREEN,21.45,11,1
84899E,YELLOW BROWN BEAR FELT PURSE KIT,21.28,14,6
21387,IVORY HANGING DECORATION  RABBIT,21.25,25,4
22201,FRYING PAN BLUE RETROSPOT,21.22,4,3
35603B,S/16 BLACK SHINY/MAT BAUBLES,21.0,50,2
23692,WRAP A PRETTY THANK YOU,21.0,50,2
23691,KEEP CALM BIRTHDAY WRAP,21.0,50,2
23388,WOODLAND MINI RUCKSACK,20.75,5,2
DCGS0072,CAT CAMOUFLAGUE COLLAR,20.68,4,3
46776a,WOVEN BUBBLE GUM CUSHION COVER,20.65,5,1
10002R,ROBOT PENCIL SHARPNER,20.57,4,3
22345,PARTY PIZZA DISH BLUE+WHITE SPOT,20.4,24,2
79172D,PURPLE TINT ACRYLIC FLOWER VASE,20.4,24,4
22344,PARTY PIZZA DISH PINK+WHITE SPOT,20.4,24,2
22418,"PEN, 10 COLOURS - SPACEBOY",20.4,24,1
85232a,SET/3 POLKA DOT STACKING TINS,20.34,2,2
22533,MAGIC SLATE BAKE A CAKE,20.16,48,1
72801g,4 BURGUNDY WINE DINNER CANDLES,20.08,8,1
84536a,ENGLISH ROSE NOTEBOOK A7 SIZE,19.970000000000002,25,12
90082C,DIAMANTE BOW BROOCH WHITE COLOUR,19.93,3,3
90127A,PINK BEADS+HAND PHONE CHARM,19.92,14,2
23601,SET 10 CARDS SNOWY SNOWDROPS  17100,19.92,8,4
23646,SET 10 CARDS JINGLE BELLS 16957,19.92,8,5
23616,SET 10 CARDS JINGLE BELLS 17217,19.92,8,7
84570B,WHITE SATIN DRESS JEWEL STAND,19.8,4,2
23029,DOORKNOB CRACKED GLAZE GREEN,19.799999999999997,12,2
23249,ENAMEL DINNER PLATE PANTRY,19.799999999999997,12,1
23031,DOORKNOB CRACKED GLAZE PINK,19.799999999999997,12,2
37488A,YELLOW PINK FLOWER DESIGN BIG BOWL,19.770000000000003,31,5
37487B,YELLOW/ORANGE FLOWER DESIGN PLATE,19.72,68,2
44092C,PURPLE/COPPER HANGING LAMPSHADE,19.55,23,10
20680,PINK FLOWERS CHILDS UMBRELLA,19.5,6,4
79062D,"RETRO TIN ASHTRAY,REVOLUTIONARY",19.4,52,4
22963,JAM JAR WITH BLUE LID,18.98,26,2
23056,CRYSTAL CHANDELIER T-LIGHT HOLDER,18.75,3,1
84030B,KNITTED POM POM HOT WATER BOTTLE,18.75,5,3
90025D,BAROQUE BUTTERFLY EARRINGS PINK,18.69,5,5
84732B,CUTE BIRD CEATURE SCREEN,18.48,28,6
84311,CAMOFLAGE CUSHION COVER,18.15,11,1
72796A,S/3 ENGLISH LAVENDER SQU CANDLE,18.15,11,5
84986b,SET OF 36 SILVER PAPER DOILIES,17.88,6,5
84614C,BLUE BAROQUE FLOCK CANDLE HOLDER,17.85,3,1
18097B,BLUE TALL PORCELAIN T-LIGHT HOLDER,17.849999999999998,7,3
71050,SMALL SINGLE FLAME CANDLE HOLDER,17.849999999999998,51,8
21249,WOOD ANIMALS HEIGHT CHART STICKERS,17.700000000000003,6,1
90182B,AMETHYST 3 BEAD DROP EARRINGS,17.53,6,6
23627,SET 10 CARDS XMAS GRAPHIC  17218,17.43,7,2
22886,"NUMBER TILE VINTAGE FONT, 7",17.36,8,1
22887,"NUMBER TILE VINTAGE FONT, 8",17.36,8,1
22885,"NUMBER TILE VINTAGE FONT, 6",17.36,8,1
22884,"NUMBER TILE VINTAGE FONT, 5",17.36,8,1
22882,"NUMBER TILE VINTAGE FONT, 3",17.36,8,1
22881,"NUMBER TILE VINTAGE FONT, 2",17.36,8,1
22879,"NUMBER TILE VINTAGE FONT, 0",17.36,8,1
90077,BLACK DIAMOND CLUSTER EARRINGS,17.36,6,5
22880,"NUMBER TILE VINTAGE FONT, 1",17.36,8,1
22883,"NUMBER TILE VINTAGE FONT, 4",17.36,8,1
37482b,CUBIC MUG BLUE POLKA DOT,17.35,1,1
DCGS0066N,NAVY CUDDLES DOG HOODIE,17.3,2,2
DCGS0068,DOGS NIGHT COLLAR,17.12,2,2
84796b,BLUE SAVANNAH PICNIC HAMPER FOR 2,17.12,2,2
23342,MINT DINER CLOCK,17.0,2,1
84993b,75 BLACK PETIT FOUR CASES,16.99,20,13
72803b,OCEAN SCENT CANDLE JEWELLED DRAWER,16.94,2,1
72805,VANILLA CANDLE IN EMBOSSED ZINC POT,16.9,10,3
47591c,BLUE FAIRY CAKE CHILD'S APRON,16.84,4,3
21511,VINTAGE COLLAGE  GREETING  CARD,16.8,40,2
72785A,S/4 CONTEMPORY PINK ROSEBUD CANDLES,16.8,8,4
44089A,PINK GAUZE BUTTERFLY LAMPSHADE,16.8,40,13
23644,SET 10 CARDS CHRISTMAS TREE 16955,16.65,5,5
84031a,CHARLIE+LOLA RED HOT WATER BOTTLE,16.63,1,1
84031b,CHARLIE LOLA BLUE HOT WATER BOTTLE,16.63,1,1
85036a,GARDENIA 1 WICK MORRIS BOXED CANDLE,16.58,2,1
22384,LUNCH BAG PINK POLKADOTS,16.5,10,1
10124G,ARMY CAMO BOOKCOVER TAPE,16.38,38,10
23502,PLAYING CARDS VINTAGE DOILEY,16.25,13,2
85160b,BLACK BIRD GARDEN DESIGN MUG,16.13,1,1
90102,WHITE FRANGIPANI HAIR CLIP,16.11,19,4
62074B,ELEPHANT CLIP W SUCTION CUP,15.96,38,12
84250M,"GREETING CARD, BLACKPOOL ROCK",15.9,28,13
84630,FLOWERS AND BIRDS WALL PLAQUE,15.9,2,1
35932,PINK CHRISTMAS TREE DECORATION,15.63,37,10
84912a,PINK ROSE WASHBAG,15.56,2,1
84509a,ENGLISH ROSE PLACEMATS,15.56,2,1
21560,TOADSTOOL  LUNCHBOX WITH CUTLERY,15.44,4,4
21853,GUMBALL CUSTOM CARS TOP TRUMPS GAME,15.399999999999999,3,3
17107D,FLOWER FAIRY 5 SUMMER DRAW LINERS,15.299999999999999,6,1
22932,BAKING MOULD TOFFEE CUP  CHOCOLATE,15.299999999999999,6,1
37481,CUBIC MUG TEATIME CAKES,15.299999999999999,6,1
84509e,SET OF 4 CAROUSEL PLACEMATS,15.24,2,1
85124c,GREEN JUICY FRUIT PHOTO FRAME,15.18,3,2
17174,ASSTD RASTA KEY-CHAINS,15.120000000000001,36,7
84206A,3 BLACK CATS W HEARTS BLANK CARD,15.010000000000002,79,9
23212,PAINTED HEART WREATH WITH BELL,15.0,12,1
23449,SET OF 6 EASTER RAINBOW CHICKS,15.0,12,1
90068,"RUBY GLASS NECKLACE 42""",15.0,2,2
23251,ENAMEL MUG PANTRY,15.0,12,1
22408,TIN CAN CONFECTIONERY DESIGN,15.0,12,1
22954,HEN PARTY BANNER TAPE,15.0,12,1
21475,SWEETHEART CREAM STEEL FOLDIN CHAIR,14.95,1,1
23621,SET 10 CARDS DAVID'S MADONNA 17074,14.940000000000001,6,4
23281,FOLDING MIRROR RED,14.939999999999998,18,2
23282,FOLDING MIRROR IVORY,14.939999999999998,18,2
84509g,SET OF 4 FAIRY CAKE PLACEMATS,14.92,2,2
22139,11 PC CERAMIC TEA SET POLKADOT,14.850000000000001,3,1
35650,VINTAGE BEAD PINK JEWEL STAND,14.850000000000001,3,3
84567,FROSTED GLASS WITH SILVER SURROUND,14.85,9,1
SP1002,KID'S CHALKBOARD/EASEL,14.75,5,2
90011D,PURPLE CRYSTAL DROP EARRINGS,14.75,5,5
23634,SET 10 CARDS XMAS CHOIR 17068,14.55,5,5
81950V,FLOWER PURPLE CLOCK W/SUCKER,14.45,17,7
48195,DOORMAT GREEN PAISLEY,14.43,1,1
71143,ANTIQUE SILVER BOOK MARK WITH BEADS,14.11,17,3
21852,EMPIRE TEDDY,13.9,2,2
23540,"WALL ART , THE MAGIC FOREST",13.9,2,1
84868A,PINK BABY GIRL'S MEMORY BOX,13.9,2,2
84406b,CREAM CUPID HEARTS COAT HANGER,13.82,2,2
35597A,DUSTY PINK CHRISTMAS TREE 30CM,13.75,11,4
16245A,PINK MINI STATIONERY SET W CASE,13.75,11,7
35936,CERISE+GOLD CHRISTMAS TREE DEC,13.68,36,9
84814B,RHOMBUS CRYSTAL PERFUME BOTTLE,13.65,7,3
35443,RASTA IN BATH W SPLIFF ASHTRAY,13.6,16,10
84867a,PINK BABY GIRLS PHOTO ALBUM,13.57,1,1
79342b,BROWN FLOWER LIGHTS,13.57,1,1
21525,BEWARE OF THE CAT DOORMAT,13.5,2,2
85039b,S/4 IVORY MINI ROSE CANDLE IN BOWL,13.44,4,1
62097B,BLUE STRIPES SHOULDER BAG,13.37,11,4
90014C,SILVER AND BLACK ORBIT NECKLACE,13.350000000000001,2,2
23639,SET 10 CARDS MAGICAL TREE 17086,13.32,4,4
23271,CHRISTMAS TABLE CANDLE SILVER SPIKE,13.28,16,1
23607,SET 10 CARDS HATS & STOCKINGS 17081,13.28,8,7
85159b,"WHITE TEA,COFFEE,SUGAR JARS",13.0,1,1
35004s,SET OF 3 SILVER FLYING DUCKS,13.0,1,1
16192,PINK BALLET OPENING CUBE BOX,12.899999999999999,3,1
84989b,75 BLACK FAIRY CAKE CASES,12.8,10,6
84247J,PACK/12 RUSSIAN DOLL CARDS,12.780000000000001,10,9
21772,VINTAGE METAL CAKE STAND CREAM,12.75,1,1
84648,NEW BAROQUE WALL MIRROR,12.75,1,1
44092B,BLUE WHITE PLASTIC RINGS LAMPSHADE,12.75,15,6
85083,KISS REINDEER SCANDINAVIAN STOCKING,12.75,5,2
72752B,"F.FAIRY,CANDLE IN GLASS,LAVENDER",12.75,3,2
20812,EMBOSSED FLOWER TRELLIS PHOTO FRAME,12.75,5,3
DCGS0037,KEY-RING CORKSCREW,12.72,1,1
DCGS0075,CAMOUFLAGUE DOG LEAD,12.72,1,1
85157,SET OF 2 CHESTS CHOCOLAT AU LAIT,12.72,1,1
35004p,SET OF 3 PINK FLYING DUCKS,12.72,1,1
35751C,PURPLE CURRENT CANDLE RING,12.61,31,2
79149B,SILICON STAR BULB  BLUE,12.6,30,12
72801e,S/4 FESTIVE GREEN DINNER CANDLES,12.549999999999999,5,3
23071,MARIE ANTOIENETT TRINKET BOX GOLD,12.5,1,1
51012L,"FEATHER DUSTER, LIGHT PINK",12.5,10,6
35918B,BLUE FLORIBUNDA EGG WARMER,12.5,10,5
23635,SET 10 CARDS CHRISTMAS HOLLY  17259,12.48,3,3
23654,SET 10 CARD SNOWMAN 16965,12.450000000000001,5,4
84596g,SMALL CHOCOLATES PINK BOWL,12.399999999999999,5,2
90000C,OPAL WHITE/SILVER FLOWER NECKLACE,12.32,2,2
44242A,LILAC FEATHERS CURTAIN,11.98,14,2
22206,"MUG , DOTCOMGIFTSHOP.COM",11.82,14,10
85185E,DUCK SOCK PUPPET,11.8,4,2
85179a,GREEN BITTY LIGHT CHAIN,11.780000000000001,2,2
23608,SET 10 CARDS RUDOLPHS NOSE 17097,11.64,4,3
23605,SET 10 CARDS 12 DAYS OF XMAS 17059,11.64,4,1
85184c,SET 4 VALENTINE DECOUPAGE HEART BOX,11.58,2,2
90025B,BAROQUE BUTTERFLY EARRINGS RED,11.29,3,3
79070b,ENGLISH ROSE SQUARE CAKE TINS,11.26,1,1
23299,"FOOD COVER WITH BEADS , SET 2 SIZES",11.25,3,1
84743C,ORANGE FELT VASE + FLOWERS,11.25,9,5
84366,VENDETTA CANVAS PICTURE,11.25,3,3
16151A,FLOWER DES BLUE HANDBAG/ORANG HANDL,11.25,3,2
17011B,ORIGAMI JASMINE INCENSE+FLOWER,11.100000000000001,19,2
47590a,BLUE HAPPY BIRTHDAY BUNTING,11.02,1,1
72785B,S/4 CONTEMPORY RED ROSEBUD CANDLES,10.9,9,3
84732D,CUTE RABBIT CEATURE SCREEN,10.89,15,6
84536b,FAIRY CAKES NOTEBOOK A7 SIZE,10.530000000000001,13,4
17084G,MOON INCENSE,10.5,50,2
21496,WOODLAND CREATURES  WRAP,10.5,25,1
16169A,WRAP CHRISTMAS DECOUPAGE,10.5,25,1
16169G,WRAP ROMANTIC DECOUPAGE,10.5,25,1
22959,"WRAPPING PAPER, XMAS VILLAGE",10.5,25,1
21858,HIGH SCHOOL MUSICAL 3 TOP TRUMPS,10.23,2,2
21857,STAR WARS TOP TRUMPS GAME,10.23,2,2
85124b,BLUE JUICY FRUIT PHOTO FRAME,10.23,2,2
22346,PARTY PIZZA DISH GREEN+WHITE SPOT,10.2,12,1
20939,ORANGE CANDLE,10.2,12,1
22343,PARTY PIZZA DISH RED+WHITE SPOT,10.2,12,1
22196,HEART MEASURING SPOONS SMALL,10.2,12,1
90214W,"LETTER ""W"" BLING KEY RING",10.17,19,8
85232d,SET/3 DECOUPAGE STACKING TINS,10.17,1,1
84661c,PINK SQUARE TABLE CLOCK,10.12,2,2
84661a,WHITE SQUARE TABLE CLOCK,10.02,2,2
23086,ZINC STAR T-LIGHT HOLDER,10.0,8,1
23650,SET 10 CARDS FILIGREE BAUBLE 16961,9.96,4,4
23624,SET 10 CARD PERFECT NATIVITY 17089,9.96,4,4
23619,SET 10 CARDS POINSETTIA 17093,9.96,4,2
23615,SET 10 CARDS PRINTED GRAPHIC 17219,9.96,4,4
84971s,SMALL HEART FLOWERS HOOK,9.959999999999999,6,3
84534b,FAIRY CAKE NOTEBOOK A5 SIZE,9.959999999999999,6,4
22829,BROCANTE SHELF WITH HOOKS,9.95,1,1
85049b,LUSH GREENS RIBBONS,9.94,4,3
85231g,ORANGE SCENTED SET/9 T-LIGHTS,9.78,6,6
81953P,ROUND ARTICULATED PINK CLOCK W/SUCK,9.57,33,6
20822,SILVER WINE GOBLET,9.3,2,1
23441,HAND PAINTED HANGING EASTER EGG,9.24,22,3
72708,SCULPTED ROUND IVORY CANDLE,9.24,44,5
90184c,BLACK CHUNKY BEAD BRACELET W STRAP,9.15,1,1
35598C,WHITE CHRISTMAS TREE 60CM,8.850000000000001,3,3
20882,MODERN CHRISTMAS TREE CANDLE,8.850000000000001,3,2
18098B,BLUE PORCELAIN B'FLY OIL BURNER,8.850000000000001,3,3
62097A,PINK STRIPES SHOULDER BAG,8.850000000000001,3,3
71496B,A4 WALL TIDY RED FLOWERS,8.67,15,6
20739,*USB Office Glitter Lamp,8.65,1,1
21406,SPOTTY CAT DOORSTOP,8.65,1,1
90013E,AMBER VINTAGE EARRINGS,8.57,2,2
84572,6 HOOK JEWEL STAND LILAC DRESS,8.49,1,1
90126B,BLUE BERTIE MOBILE PHONE CHARM,8.48,3,3
84030b,KNITTED POM POM HOT WATER BOTTLE,8.46,1,1
23612,SET 10 MINICARDS CUTE SNOWMAN 17071,8.299999999999999,5,2
72802c,VANILLA SCENT CANDLE JEWELLED BOX,8.29,1,1
85034b,3 WHITE CHOC MORRIS BOXED CANDLES,8.29,1,1
47591C,BLUE FAIRY CAKE CHILDRENS APRON,7.8,4,4
84029c,BROWN FURRY HOT WATER BOTTLE,7.78,1,1
84509c,DOTTY PLACEMATS,7.78,1,1
84997d,PINK 3 PIECE MINI DOTS CUTLERY SET,7.62,1,1
44091A,BLUE CRUSOE CHECK LAMPSHADE,7.56,18,6
20942,SET/6 GINGERBREAD TREE T-LIGHTS,7.5,6,4
46037A,PINK CANVAS DES CUSHION COVER,7.5,6,2
90025A,BAROQUE BUTTERFLY EARRINGS BLACK,7.5,2,2
82011E,"BATHROOM SCALES, FAG BREAK",7.5,2,2
82613a,"METAL SIGN,CUPCAKE SINGLE HOOK",7.4799999999999995,3,3
23633,SET 10 CARDS WORLD CHILDREN 17067,7.470000000000001,3,3
84201B,HAPPY BIRTHDAY CARD STRIPEY TEDDY,7.41,39,8
90111,BLUE HIBISCUS  HAIR CLIP,7.35,7,6
35001P,HAND OPEN SHAPE PINK,6.98,2,2
85230C,ROSE SCENTED VOTIVE CANDLE,6.959999999999999,24,1
85230D,VANILLA SCENTED VOTIVE CANDLE,6.959999999999999,24,1
84705b,FAIRY CAKES PHOTO FRAME,6.86,2,2
37484,ENGLISH ROSE TEA FOR ONE GIFT BOX,6.75,1,1
22843,"BISCUIT TIN, MINT,IVORY, VINTAGE",6.75,1,1
48173A,DOOR MAT BLUE FLOCK,6.75,1,1
23604,SET 10 MINI SANTA & SNOWMAN  17087,6.64,4,2
20678,LARGE BLACK DIAMANTE HAIRSLIDE,6.6,4,1
20858,SILVER PURSE GOLD PINK BUTTERFLY,6.6,4,1
85231b,CINAMMON SET OF 9 T-LIGHTS,6.58,4,4
47592B,SCOTTIE DOGS CHILDRENS OVERALL,6.300000000000001,3,1
20884,MODERN CHRISTMAS TREE CANDLE,6.300000000000001,3,3
79140,ASS WINDPROOF MARIJUANA LIGHTERS,6.3,15,2
37408,ASSORTED DESIGN GEISHA GIRL MUGS,6.25,5,1
20673,STRAWBERRIES PRINT BOWL,6.25,5,2
82072,WHITE WOOD SINGLE P/FRAME,6.25,5,3
23610,SET 10 CARDS CHRISTMAS ROBIN 17095,6.24,3,3
79051a,SMOKEY GREY COLOUR D.O.F. GLASS,6.04,1,1
85123b,ZINC HANGING HEART T-LITE HLDR,6.04,1,1
85077,KISSING REINDEER TABLE RUNNER,5.95,1,1
72751C,"F.FAIRY S/3 SML CANDLE, ROSE",5.95,1,1
72751A,"F.FAIRY S/3 SML CANDLE,LILY/VALLEY",5.95,1,1
72751B,"F.FAIRY S/3 SML CANDLE, LAVENDER",5.95,1,1
37409,ASSORTED DESIGN FLOWER MUGS,5.949999999999999,7,3
85184d,S/4 BLUE ROUND DECOUPAGE BOXES,5.91,1,1
22360,"GLASS JAR, ENGLISH CONFECTIONERY",5.9,2,1
79303A,WHITE ROHMBIC BLOCK TABLE LAMP,5.9,2,1
35821P,"JEWELLED DECORATION,PINK",5.9,2,2
18098A,PINK PORCELAIN B'FLY OIL BURNER,5.9,2,2
90014B,GOLD M.O.P. ORBIT NECKLACE,5.9,2,2
35823P,"ACRYLIC BEAD GARLAND,PINK",5.9,2,2
84228,HEN HOUSE WITH CHICK STANDING,5.88,14,3
85186B,BUNNY BUNCH OF FLOWERS,5.88,14,2
35051B,PINK BEADED CONE CHRISTMAS,5.88,14,2
23652,SET 10 CARD CHRISTMAS STAMPS 16963,5.82,2,1
23617,SET 10 CARDS SWIRLY XMAS TREE 17104,5.82,2,1
23638,SET 10 CARDS ROBIN WATERPUMP  17096,5.82,2,2
23630,SET 10 CARDS HANGING BAUBLES 17080,5.48,2,2
35537,CANDLE RING W/CLEAR BEADS,5.46,13,3
21838,DADDY MOUSE RED GINGHAM BOW TIE,5.45,1,1
35751D,PINK CURRENT CANDLE RING,5.32,28,1
16010,FOLDING CAMPING SCISSOR W/KNIF & S,5.279999999999999,44,4
16215,FUNKY GIRLZ MAGNETIC TO DO LIST,5.2,8,3
21860,DR WHO TOP TRUMPS GAME,5.17,1,1
21854,EURO FOOTBALL STARS TOP TRUMPS GAME,5.17,1,1
71434B,"BLACK RND BULLET""KEEP CLEAN"" BIN",5.1,2,2
71101A,ANGEL ON KNEES METAL POLE 100CM H,5.1,6,1
90142C,ROSE PINK PENDANT SHELL NECKLACE,5.09,1,1
90142B,IVORY PENDANT SHELL NECKLACE,5.09,1,1
84942,KASHMIR FOLKART HEART DISHES,5.07,3,3
84951b,SET OF 4 BLACK LOVEBIRD COASTERS,5.06,1,1
DCGS0041,HAYNES MINI-COOPER PLAYING CARDS,5.06,1,1
72740B,LARGE WHITE CHOCOLATE CANDLE,5.06,1,1
20877,MODERN CHRISTMAS BAUBLE CANDLE,5.04,12,5
79151B,"SILICON CUBE 25W, BLUE",5.04,12,2
72801e,4 FESTIVE GREEN DINNER CANDLES,5.02,2,1
72801g,S/4 BURGUNDY WINE DINNER CANDLES,5.02,2,2
84596j,MIXED NUTS LIGHT GREEN BOWL,5.02,2,2
23649,SET 10 CARDS DECK THE HALLS 16960,4.98,2,2
47593b,SCOTTIE DOGS BABY BIB,4.9799999999999995,6,1
84661b,BLACK SQUARE TABLE CLOCK,4.96,1,1
37451,CERAMIC CAKE TEAPOT WITH CHERRY,4.95,1,1
85043,RED HEART CANDY POP LIGHTS,4.95,1,1
85232C,RUSSIAN FOLKART STACKING TINS,4.95,1,1
85049d,BRIGHT BLUES RIBBONS,4.92,2,2
84971l,LARGE HEART FLOWERS HOOK,4.92,2,1
90214U,"LETTER ""U"" BLING KEY RING",4.7299999999999995,13,2
45014,FOLDING SHIRT TIDY,4.65,1,1
37326,FAIRY DESIGN MUGS,4.609999999999999,2,2
35817P,PINK ACRYLIC JEWEL SNOWFLAKE,4.5600000000000005,12,1
81950V,FLOWER PURPLE CLOCK WITH SUCKER,4.35,15,3
72529w,WHITE ADVENT CANDLE,4.3,1,1
21409,SPOTTY COCKEREL DOORSTOP,4.25,1,1
79157B,UBO-LIGHT TRIOBASE BLUE,4.25,5,3
79157V,UBO-LIGHT TRIOBASE PURPLE,4.25,5,3
72752A,"F.FAIRY,CANDLE IN GLASS,LILY/VALLEY",4.25,1,1
47594a,CAROUSEL DESIGN WASHBAG,4.21,1,1
84255A,PINK GLASS COCKTAIL LAMP,4.2,2,2
23391,I LOVE LONDON MINI RUCKSACK,4.15,1,1
46776e,WOVEN CANDY CUSHION COVER,4.13,1,1
46776b,WOVEN BERRIES CUSHION COVER,4.13,1,1
37432,MUG PINK AND PURPLE ARABIC DESIGN,3.9000000000000004,6,1
72084B,CHOCOLATE ICE CREAM CANDLE,3.9,2,1
35995,SET/6 BLACK GLITTER REINDEER CANDLE,3.7800000000000002,5,5
35974,S/6 CHRISTMAS TREE PLACE SETTING,3.75,1,1
40046C,PINK BUTTERFLY PAPER LAMPSHADE,3.75,3,3
90004A,JADE GREEN PAIR ENAMEL HAIR SLIDES,3.75,1,1
37438,FUNKY FLOWER COFFEE POT,3.75,1,1
84731,3 BIRDS CANVAS SCREEN,3.69,3,3
35818C,"ACRYLIC JEWEL ICICLE, CLEAR",3.43,1,1
21081,SET/20 POSIES PAPER NAPKINS,3.4,4,4
84559d,3D SHEET OF SEA WORLD STICKERS,3.38,2,1
23643,SET 10 CARDS CHRISTMAS BAUBLE 16954,3.33,1,1
20683,RAIN GIRL CHILDS UMBRELLA,3.25,1,1
84985b,SET OF 72 BLACK PAPER DOILIES,2.98,1,1
20885,BOX OF 3 PEBBLE CANDLES,2.95,1,1
79301,FEATHER HEART LIGHTS,2.95,1,1
23602,SET 10 CARDS 3 WISE MEN 17107,2.91,1,1
23628,SET 10 CARDS TRIANGLE ICONS  17220,2.91,1,1
23609,SET 10 CARDS SNOWY ROBIN 17099,2.91,1,1
90183c,BLACK DROP EARRINGS W LONG BEADS,2.9,1,1
DCGS0044,HANDZ-OFF CAR FRESHENER,2.57,1,1
47554,S/3 COLOURS FLOCK TEA TOWELS,2.55,1,1
35999,S/6 SCANDINAVIAN HEART T-LIGHT,2.55,1,1
85171,S/2 HYACINTH BULB CANDLES,2.55,1,1
21036,SET/2 TEA TOWELS MODERN VINTAGE,2.55,1,1
90091,CRYSTAL DRAGONFLY PHONE CHARM,2.55,3,2
81953B,ROUND ARTICULATED BLUE CLOCK W/SUCK,2.55,3,3
20881,MODERN CHRISTMAS TREE CANDLE,2.55,3,2
47556,SET/2 SPOTTY + ROSE TEA TOWELS,2.55,1,1
47569,ENGLISH ROSE DESIGN SHOPPING BAG,2.55,1,1
17028J,INCENSE BAZAAR PEACH,2.52,6,1
DCGS0062,ROAD-RAGE CAR FRESHENER,2.51,1,1
47593a,CAROUSEL DESIGN BABY BIB,2.51,1,1
21008,ETCHED GLASS HEART TREE DECORATION,2.51,1,1
21290,LARGE SPOTTY CHOCOLATE GIFT BAG,2.5,2,1
90127B,BLUE BEADS+HAND PHONE CHARM,2.5,2,2
21225,POCKET MIRROR BUTTERFLY,2.5,2,2
85049c,ROMANTIC PINKS RIBBONS,2.46,1,1
84596l,BISCUITS SMALL BOWL LIGHT BLUE,2.46,1,1
84510b,SET OF 4 FAIRY CAKES COASTERS,2.15,1,1
81953B,ROUND BLUE CLOCK WITH SUCKER,2.09,11,3
17061,ASSORTED SHAPED STENCIL FOR HENNA,2.08,52,1
85192S,HANGING SPRING FLOWER HEART SMALL,1.9500000000000002,3,2
46138D,GREEN CHENILLE SHAGGY C/COVER,1.95,1,1
35945,GOLD CHRISTMAS STOCKING DECORATION,1.95,1,1
84814A,HEXAGONAL CRYSTAL PERFUME BOTTLE,1.95,1,1
22659,LUNCHBOX I LOVE LONDON,1.95,1,1
22631,CIRCUS PARADE LUNCHBOX,1.95,1,1
84206C,CHAMPAGNE TRAY BLANK CARD,1.9,10,4
84201C,HAPPY BIRTHDAY CARD TEDDY/CAKE,1.9,10,3
30086C,ASSORTED FRUIT STRAWS,1.7,1,1
35837,SET OF SIX SILVER+RED FLOCK BAUBLES,1.7,2,1
20737,RED MINI TAPE MEASURE,1.7,1,1
72754D,F FAIRY POTPOURRI CUSHIONS SUMMER,1.69,1,1
10109,BENDY COLOUR PENCILS,1.68,4,1
85231e,STRAWBERRY SCENTED SET/9 T-LIGHTS,1.66,1,1
23664,FLOWER SHOP DESIGN MUG,1.65,1,1
21585,SWALLOW SMALL TUBE MATCHES,1.65,1,1
72796C,S/3 ROSE GARDEN SCENT SQU CANDLE,1.65,1,1
85024A,CRYSTAL SMALL JEWELLED PHOTOFRAME,1.65,1,1
35980B,RED TOP SCANDINAVIAN HEART,1.52,4,2
23370,SET 36 COLOURING PENCILS DOILEY,1.25,1,1
35950,FOLKART HEART CHRISTMAS DECORATIONS,1.25,1,1
35976B,WHITE SCANDINAVIAN HEART CHRISTMAS,1.25,1,1
84845A,HOLLYHOCK SQUARE HANDY TIN,1.25,1,1
TEST002,This is a test product.,1.0,1,1
84206B,CAT WITH SUNGLASSES BLANK CARD,0.95,5,1
20721,OWLS CHARLOTTE BAG,0.85,1,1
51014c,"FEATHER PEN,COAL BLACK",0.83,1,1
84206B,CAT W SUNGLASSES BLANK CARD,0.76,4,1
23366,SET 12 COLOURING PENCILS DOILEY,0.65,1,1
35930,PINK HEART CHRISTMAS DECORATION,0.38,1,1
84205C,HAPPY BIRTHDAY GINGER CAT CARD,0.38,2,1
PADS,PADS TO MATCH ALL CUSHIONS,0.017,17,17
